<?xml version="1.0" encoding="UTF-8"?>
<!-- (C) KUKA Roboter GMBH 2009 -->
<Trace xmlns:xsi="http://www.w3.org/2001/XMLSchema-instance" xsi:noNamespaceSchemaLocation="/Roboter/Config/System/Common/Schemes/TraceFeatures.xsd">
   <Name>CabCtrlUserInterface</Name>
   <Version>1</Version>
   <Format>i16</Format>
   <Rates>
      <Rate>12000</Rate>
   </Rates>
   <Channels>
      <Channel>
         <Name>Operation LifeBit</Name>
         <ID>1</ID>
         <Type>Toggle-Bit</Type>
      </Channel>
   </Channels>
   <Triggers>
      <Trigger0>
        <Name>Puffer voll</Name>
        <ID>0</ID>
      </Trigger0>
   </Triggers>
</Trace>