<?xml version="1.0" encoding="UTF-8"?>
<!-- (C) KUKA Roboter GMBH 2009 -->
<Trace xmlns:xsi="http://www.w3.org/2001/XMLSchema-instance" xsi:noNamespaceSchemaLocation="/Roboter/Config/System/Common/Schemes/TraceFeatures.xsd">
   <Name>CabCtrlPositionCheck</Name>
   <Version>2</Version>
   <Format>r64</Format>
   <Rates>
      <Rate>12000</Rate>
   </Rates>
   <Channels>
      <Channel>
         <Name>Operation LifeBit</Name>
         <ID>1</ID>
         <Type>Toggle-Bit</Type>
      </Channel>
      <Channel>
         <Name>Cartesian position deviation, Safety-Robot</Name>
         <ID>2</ID>
         <Type>Distance</Type>
      </Channel>
      <Channel>
         <Name>Allowed cartesian deviation, velocity dependent</Name>
         <ID>3</ID>
         <Type>Distance</Type>
      </Channel>

      <Channel>
         <Name>Axis ID 0: position deviation, Safety-Motion</Name>
         <ID>4</ID>
         <Type>Distance</Type>
      </Channel>
      <Channel>
         <Name>Axis ID 0: allowed deviation, velocity dependent</Name>
         <ID>5</ID>
         <Type>Distance</Type>
      </Channel>
      <Channel>
         <Name>Axis ID 1: position deviation, Safety-Motion</Name>
         <ID>6</ID>
         <Type>Distance</Type>
      </Channel>
      <Channel>
         <Name>Axis ID 1: allowed deviation, velocity dependent</Name>
         <ID>7</ID>
         <Type>Distance</Type>
      </Channel>
      <Channel>
         <Name>Axis ID 2: position deviation, Safety-Motion</Name>
         <ID>8</ID>
         <Type>Distance</Type>
      </Channel>
      <Channel>
         <Name>Axis ID 2: allowed deviation, velocity dependent</Name>
         <ID>9</ID>
         <Type>Distance</Type>
      </Channel>
      <Channel>
         <Name>Axis ID 3: position deviation, Safety-Motion</Name>
         <ID>10</ID>
         <Type>Distance</Type>
      </Channel>
      <Channel>
         <Name>Axis ID 3: allowed deviation, velocity dependent</Name>
         <ID>11</ID>
         <Type>Distance</Type>
      </Channel>
      <Channel>
         <Name>Axis ID 4: position deviation, Safety-Motion</Name>
         <ID>12</ID>
         <Type>Distance</Type>
      </Channel>
      <Channel>
         <Name>Axis ID 4: allowed deviation, velocity dependent</Name>
         <ID>13</ID>
         <Type>Distance</Type>
      </Channel>
      <Channel>
         <Name>Axis ID 5: position deviation, Safety-Motion</Name>
         <ID>14</ID>
         <Type>Distance</Type>
      </Channel>
      <Channel>
         <Name>Axis ID 5: allowed deviation, velocity dependent</Name>
         <ID>15</ID>
         <Type>Distance</Type>
      </Channel>
      <Channel>
         <Name>Axis ID 6: position deviation, Safety-Motion</Name>
         <ID>16</ID>
         <Type>Distance</Type>
      </Channel>
      <Channel>
         <Name>Axis ID 6: allowed deviation, velocity dependent</Name>
         <ID>17</ID>
         <Type>Distance</Type>
      </Channel>
      <Channel>
         <Name>Axis ID 7: position deviation, Safety-Motion</Name>
         <ID>18</ID>
         <Type>Distance</Type>
      </Channel>
      <Channel>
         <Name>Axis ID 7: allowed deviation, velocity dependent</Name>
         <ID>19</ID>
         <Type>Distance</Type>
      </Channel>
      <Channel>
         <Name>Axis ID 8: position deviation, Safety-Motion</Name>
         <ID>20</ID>
         <Type>Distance</Type>
      </Channel>
      <Channel>
         <Name>Axis ID 8: allowed deviation, velocity dependent</Name>
         <ID>21</ID>
         <Type>Distance</Type>
      </Channel>
      <Channel>
         <Name>Axis ID 9: position deviation, Safety-Motion</Name>
         <ID>22</ID>
         <Type>Distance</Type>
      </Channel>
      <Channel>
         <Name>Axis ID 9: allowed deviation, velocity dependent</Name>
         <ID>23</ID>
         <Type>Distance</Type>
      </Channel>
      <Channel>
         <Name>Axis ID 10: position deviation, Safety-Motion</Name>
         <ID>24</ID>
         <Type>Distance</Type>
      </Channel>
      <Channel>
         <Name>Axis ID 10: allowed deviation, velocity dependent</Name>
         <ID>25</ID>
         <Type>Distance</Type>
      </Channel>
      <Channel>
         <Name>Axis ID 11: position deviation, Safety-Motion</Name>
         <ID>26</ID>
         <Type>Distance</Type>
      </Channel>
      <Channel>
         <Name>Axis ID 11: allowed deviation, velocity dependent</Name>
         <ID>27</ID>
         <Type>Distance</Type>
      </Channel>
      <Channel>
         <Name>Axis ID 12: position deviation, Safety-Motion</Name>
         <ID>28</ID>
         <Type>Distance</Type>
      </Channel>
      <Channel>
         <Name>Axis ID 12: allowed deviation, velocity dependent</Name>
         <ID>29</ID>
         <Type>Distance</Type>
      </Channel>
      <Channel>
         <Name>Axis ID 13: position deviation, Safety-Motion</Name>
         <ID>30</ID>
         <Type>Distance</Type>
      </Channel>
      <Channel>
         <Name>Axis ID 13: allowed deviation, velocity dependent</Name>
         <ID>31</ID>
         <Type>Distance</Type>
      </Channel>
      <Channel>
         <Name>Axis ID 14: position deviation, Safety-Motion</Name>
         <ID>32</ID>
         <Type>Distance</Type>
      </Channel>
      <Channel>
         <Name>Axis ID 14: allowed deviation, velocity dependent</Name>
         <ID>33</ID>
         <Type>Distance</Type>
      </Channel>
      <Channel>
         <Name>Axis ID 15: position deviation, Safety-Motion</Name>
         <ID>34</ID>
         <Type>Distance</Type>
      </Channel>
      <Channel>
         <Name>Axis ID 15: allowed deviation, velocity dependent</Name>
         <ID>35</ID>
         <Type>Distance</Type>
      </Channel>
      <Channel>
         <Name>Axis ID 16: position deviation, Safety-Motion</Name>
         <ID>36</ID>
         <Type>Distance</Type>
      </Channel>
      <Channel>
         <Name>Axis ID 16: allowed deviation, velocity dependent</Name>
         <ID>37</ID>
         <Type>Distance</Type>
      </Channel>
      <Channel>
         <Name>Axis ID 17: position deviation, Safety-Motion</Name>
         <ID>38</ID>
         <Type>Distance</Type>
      </Channel>
      <Channel>
         <Name>Axis ID 17: allowed deviation, velocity dependent</Name>
         <ID>39</ID>
         <Type>Distance</Type>
      </Channel>
      <Channel>
         <Name>Axis ID 18: position deviation, Safety-Motion</Name>
         <ID>40</ID>
         <Type>Distance</Type>
      </Channel>
      <Channel>
         <Name>Axis ID 18: allowed deviation, velocity dependent</Name>
         <ID>41</ID>
         <Type>Distance</Type>
      </Channel>
      <Channel>
         <Name>Axis ID 19: position deviation, Safety-Motion</Name>
         <ID>42</ID>
         <Type>Distance</Type>
      </Channel>
      <Channel>
         <Name>Axis ID 19: allowed deviation, velocity dependent</Name>
         <ID>43</ID>
         <Type>Distance</Type>
      </Channel>
      <Channel>
         <Name>Axis ID 20: position deviation, Safety-Motion</Name>
         <ID>44</ID>
         <Type>Distance</Type>
      </Channel>
      <Channel>
         <Name>Axis ID 20: allowed deviation, velocity dependent</Name>
         <ID>45</ID>
         <Type>Distance</Type>
      </Channel>
      <Channel>
         <Name>Axis ID 21: position deviation, Safety-Motion</Name>
         <ID>46</ID>
         <Type>Distance</Type>
      </Channel>
      <Channel>
         <Name>Axis ID 21: allowed deviation, velocity dependent</Name>
         <ID>47</ID>
         <Type>Distance</Type>
      </Channel>
      <Channel>
         <Name>Axis ID 22: position deviation, Safety-Motion</Name>
         <ID>48</ID>
         <Type>Distance</Type>
      </Channel>
      <Channel>
         <Name>Axis ID 22: allowed deviation, velocity dependent</Name>
         <ID>49</ID>
         <Type>Distance</Type>
      </Channel>
      <Channel>
         <Name>Axis ID 23: position deviation, Safety-Motion</Name>
         <ID>50</ID>
         <Type>Distance</Type>
      </Channel>
      <Channel>
         <Name>Axis ID 23: allowed deviation, velocity dependent</Name>
         <ID>51</ID>
         <Type>Distance</Type>
      </Channel>
   </Channels>
   <Triggers>
      <Trigger0>
        <Name>Puffer voll</Name>
        <ID>0</ID>
      </Trigger0>
   </Triggers>
</Trace>