<?xml version="1.0" encoding="UTF-8"?>
<!-- edited with XMLSpy v2006 rel. 3 U (http://www.altova.com) by kuka (KUKA Roboter GMBH) -->
<Trace xmlns:xsi="http://www.w3.org/2001/XMLSchema-instance" xsi:noNamespaceSchemaLocation="/Roboter/Config/System/Common/Schemes/TraceFeatures.xsd">
   <Name>CFSupplyChannel</Name>
   <Version>7</Version>
   <Format>r64</Format>
   <Rates>
      <Rate>125</Rate>
      <Rate>250</Rate>
      <Rate>500</Rate>
      <Rate>1000</Rate>
      <Rate>2000</Rate>
      <Rate>4000</Rate>
      <Rate>12000</Rate>
   </Rates>
   <Channels>
      <Channel>
         <Name>Error Flags</Name>
         <ID>15</ID>
         <Type>Flags</Type>
      </Channel>

      <Channel>
         <Name>WDOCmdKSB</Name>
         <ID>100</ID>
         <Type>CFSupplyChannel</Type>
      </Channel>
      <Channel>
         <Name>WDOCmdEnable</Name>
         <ID>101</ID>
         <Type>CFSupplyChannel</Type>
      </Channel>
      <Channel>
         <Name>WDIStateKSB</Name>
         <ID>110</ID>
         <Type>CFSupplyChannel</Type>
      </Channel>
      <Channel>
         <Name>WDIStateEnable</Name>
         <ID>111</ID>
         <Type>CFSupplyChannel</Type>
      </Channel>

      <Channel>
         <Name>WDIMUX00</Name>
         <ID>200</ID>
         <Type>CFSupplyChannel</Type>
      </Channel>
      <Channel>
         <Name>WDIMUX01</Name>
         <ID>201</ID>
         <Type>CFSupplyChannel</Type>
      </Channel>
      <Channel>
         <Name>WDIMUX02</Name>
         <ID>202</ID>
         <Type>CFSupplyChannel</Type>
      </Channel>
      <Channel>
         <Name>WDIMUX03</Name>
         <ID>203</ID>
         <Type>CFSupplyChannel</Type>
      </Channel>
      <Channel>
         <Name>WDIMUX04</Name>
         <ID>204</ID>
         <Type>CFSupplyChannel</Type>
      </Channel>
      <Channel>
         <Name>WDIMUX05</Name>
         <ID>205</ID>
         <Type>CFSupplyChannel</Type>
      </Channel>
      <Channel>
         <Name>WDIMUX06</Name>
         <ID>206</ID>
         <Type>CFSupplyChannel</Type>
      </Channel>
      <Channel>
         <Name>WDIMUX07</Name>
         <ID>207</ID>
         <Type>CFSupplyChannel</Type>
      </Channel>
      <Channel>
         <Name>WDIMUX08</Name>
         <ID>208</ID>
         <Type>CFSupplyChannel</Type>
      </Channel>
      <Channel>
         <Name>WDIMUX09</Name>
         <ID>209</ID>
         <Type>CFSupplyChannel</Type>
      </Channel>
      <Channel>
         <Name>WDIMUX10</Name>
         <ID>210</ID>
         <Type>CFSupplyChannel</Type>
      </Channel>
      <Channel>
         <Name>WDIMUX11</Name>
         <ID>211</ID>
         <Type>CFSupplyChannel</Type>
      </Channel>
      <Channel>
         <Name>WDIMUX12</Name>
         <ID>212</ID>
         <Type>CFSupplyChannel</Type>
      </Channel>
      <Channel>
         <Name>WDIMUX13</Name>
         <ID>213</ID>
         <Type>CFSupplyChannel</Type>
      </Channel>
      <Channel>
         <Name>WDIMUX14</Name>
         <ID>214</ID>
         <Type>CFSupplyChannel</Type>
      </Channel>
      <Channel>
         <Name>WDIMUX15</Name>
         <ID>215</ID>
         <Type>CFSupplyChannel</Type>
      </Channel>
      <Channel>
         <Name>WDIMUXINDEX</Name>
         <ID>240</ID>
         <Type>CFSupplyChannel</Type>
      </Channel>
      <Channel>
         <Name>WDIMUX</Name>
         <ID>241</ID>
         <Type>CFSupplyChannel</Type>
      </Channel>
      <Channel>
         <Name>WDIStatus</Name>
         <ID>300</ID>
         <Type>CFSupplyChannel</Type>
      </Channel>
      <Channel>
         <Name>WDOControl</Name>
         <ID>301</ID>
         <Type>CFSupplyChannel</Type>
      </Channel>

      <Channel>
         <Name>WDGeneric0</Name>
         <ID>600</ID>
         <Type>double</Type>
      </Channel>
      <Channel>
         <Name>WDGeneric1</Name>
         <ID>601</ID>
         <Type>double</Type>
      </Channel>
      <Channel>
         <Name>WDGeneric2</Name>
         <ID>602</ID>
         <Type>double</Type>
      </Channel>
      <Channel>
         <Name>WDGeneric3</Name>
         <ID>603</ID>
         <Type>double</Type>
      </Channel>
      <Channel>
         <Name>WDGeneric4</Name>
         <ID>604</ID>
         <Type>double</Type>
      </Channel>
      <Channel>
         <Name>WDGeneric5</Name>
         <ID>605</ID>
         <Type>double</Type>
      </Channel>
      <Channel>
         <Name>WDGeneric6</Name>
         <ID>606</ID>
         <Type>double</Type>
      </Channel>
      <Channel>
         <Name>WDGeneric7</Name>
         <ID>607</ID>
         <Type>double</Type>
      </Channel>
      <Channel>
         <Name>WDGeneric8</Name>
         <ID>608</ID>
         <Type>double</Type>
      </Channel>
      <Channel>
         <Name>WDGeneric9</Name>
         <ID>609</ID>
         <Type>double</Type>
      </Channel>
      <Channel>
         <Name>WDGeneric10</Name>
         <ID>610</ID>
         <Type>double</Type>
      </Channel>
      <Channel>
         <Name>WDGeneric11</Name>
         <ID>611</ID>
         <Type>double</Type>
      </Channel>
      <Channel>
         <Name>WDGeneric12</Name>
         <ID>612</ID>
         <Type>double</Type>
      </Channel>
      <Channel>
         <Name>WDGeneric13</Name>
         <ID>613</ID>
         <Type>double</Type>
      </Channel>
      <Channel>
         <Name>WDGeneric14</Name>
         <ID>614</ID>
         <Type>double</Type>
      </Channel>
      <Channel>
         <Name>WDGeneric15</Name>
         <ID>615</ID>
         <Type>double</Type>
      </Channel>
      <Channel>
         <Name>WDGeneric16</Name>
         <ID>616</ID>
         <Type>double</Type>
      </Channel>
      <Channel>
         <Name>WDGeneric17</Name>
         <ID>617</ID>
         <Type>double</Type>
      </Channel>
      <Channel>
         <Name>WDGeneric18</Name>
         <ID>618</ID>
         <Type>double</Type>
      </Channel>
      <Channel>
         <Name>WDGeneric19</Name>
         <ID>619</ID>
         <Type>double</Type>
      </Channel>
   </Channels>
   <Triggers>
      <Trigger0>
         <Name>Puffer voll</Name>
         <ID>0</ID>
      </Trigger0>
      <Trigger>
         <!--
            Trigger auf System-Trace-Daten.
            Param1: System Trace Item ID wie oben unter Channels spezifiziert
            Param2: Triggerfunktionstyp:
               0 = trigger never
               1 = trigger always
               2 = trigger if value changes
               3 = trigger if value equals absolut value
               4 = trigger if value isn't equal absolut value
               5 = trigger if value is greater than absolut value
               6 = trigger if value is less than absolut value
               7 = trigger if value goes up
               8 = trigger if value goes down
               9 = trigger if value & absolute value
               10 = trigger if (value & absolute value) != absolute value
            Param3: Vergleichswert fuer Triggerfunktion (soweit anwendbar)
         -->
         <Name>Daten Trigger</Name>
         <ID>1</ID>
         <Param1 Name="Channel-ID"/>
         <Param2 Name="Triggerfunktionstyp"/>
         <Param3 Name="Vergleichswert"/>
      </Trigger>
   </Triggers>
</Trace>
