<?xml version="1.0" encoding="UTF-8"?>
<Trace xmlns:xsi="http://www.w3.org/2001/XMLSchema-instance" xsi:noNamespaceSchemaLocation="/Roboter/Config/System/Common/Schemes/TraceFeatures.xsd">
   <Name>CFChannel</Name>
   <Version>329</Version>
   <Format>r64</Format>
   <Rates>
      <Rate>125</Rate>
      <Rate>250</Rate>
      <Rate>500</Rate>
      <Rate>1000</Rate>
      <Rate>2000</Rate>
      <Rate>4000</Rate>
      <Rate>12000</Rate>
   </Rates>
   <Channels>
      <Channel>
         <Name>WDIPos</Name>
         <ID>1</ID>
         <Type>CFChannel</Type>
      </Channel>
      <Channel>
         <Name>WDPV</Name>
         <ID>2</ID>
         <Type>CFChannel</Type>
      </Channel>
      <Channel>
         <Name>WDIVel</Name>
         <ID>3</ID>
         <Type>CFChannel</Type>
      </Channel>
      <Channel>
         <Name>WDVV</Name>
         <ID>4</ID>
         <Type>CFChannel</Type>
      </Channel>
      <Channel>
         <Name>WDITrq</Name>
         <ID>5</ID>
         <Type>CFChannel</Type>
      </Channel>
      <Channel>
         <Name>WDTV</Name>
         <ID>6</ID>
         <Type>CFChannel</Type>
      </Channel>
      <Channel>
         <Name>WDITrqRaw</Name>
         <ID>7</ID>
         <Type>CFChannel</Type>
      </Channel>
      <Channel>
         <Name>WDICur</Name>
         <ID>8</ID>
         <Type>CFChannel</Type>
      </Channel>
      <Channel>
         <Name>WDICurRaw</Name>
         <ID>9</ID>
         <Type>CFChannel</Type>
      </Channel>
      <Channel>
         <Name>WDIPosRaw</Name>
         <ID>10</ID>
         <Type>CFChannel</Type>
      </Channel>
      <Channel>
         <Name>WDIPosRawStatus</Name>
         <ID>11</ID>
         <Type>CFChannel</Type>
      </Channel>
      <Channel>
         <Name>WDOTrq</Name>
         <ID>13</ID>
         <Type>CFChannel</Type>
      </Channel>
      <Channel>
         <Name>WDIPosMechTurn</Name>
         <ID>14</ID>
         <Type>CFChannel</Type>
      </Channel>
      <Channel>
         <Name>Error Flags</Name>
         <!--
            ERR_CONTROL_WDIN_POS_INVALID_SINGLE          //! Geberfehler (nicht "entprellt")
            ERR_CONTROL_WDIN_POS_EXTRAPOLATED_SINGLE     //! Extrapolationsflag Geraet (RDC, nicht "entprellt")
            ERR_CONTROL_WDOUT_CURR_EXCEEDED              //! Sollstrom ueber Begrenzungskennlinie
            ERR_CONTROL_WDIN_POS_INVALID                 //! Geberfehler ("entprellt")
            ERR_CONTROL_WDIN_MASTERING_INVALID           //! Justage ungueltig ("entprellt")
            ERR_CONTROL_WDIN_TRQ_GEAR_INVALID            //! abtriebsseitiges Moment ungueltig ("entprellt")
            ERR_CONTROL_WDIN_TRQ_GEAR_INVALID_SINGLE     //! abtriebsseitiges Moment ungueltig (nicht "entprellt")
            ERR_CONTROL_WDIN_TRQ_GEAR_MASTERING_INV      //! abtriebsseitiges Moment justiert ("entprellt")
            ERR_CONTROL_WDIN_TRQ_GEAR_EXT_SINGLE         //! abtriebsseitiges Moment extrapoliert (nicht "entprellt")
          -->
         <ID>15</ID>
         <Type>Flags</Type>
      </Channel>
      <Channel>
         <Name>Info Flags</Name>
         <!--
            INFO_CONTROL_CTRL_CYCLE
            INFO_CONTROL_RESERVED
            INFO_CONTROL_RESERVED
            INFO_CONTROL_CAN_CONTROL
            INFO_CONTROL_CAN_CONTROL_CHANGED
            INFO_CONTROL_ENABLED
            INFO_CONTROL_STANDARD
            INFO_CMD_GLOBAL_CYCLIC_CTRL_DATA_VALID
            INFO_CMD_CYCLIC_CTRL_DATA_VALID
          -->
         <ID>16</ID>
         <Type>Flags</Type>
      </Channel>

      <Channel>
         <Name>WDIFrc</Name>
         <ID>20</ID>
         <Type>CFChannel</Type>
      </Channel>
      <Channel>
         <Name>WDIFV</Name>
         <ID>21</ID>
         <Type>CFChannel</Type>
      </Channel>
      <Channel>
         <Name>WDIFrcRaw</Name>
         <ID>22</ID>
         <Type>CFChannel</Type>
      </Channel>
      <Channel>
         <Name>WDIFrcRawFilt</Name>
         <ID>23</ID>
         <Type>CFChannel</Type>
      </Channel>

      <Channel>
         <Name>WDIGearTrq</Name>
         <ID>30</ID>
         <Type>CFChannel</Type>
      </Channel>
      <Channel>
         <Name>WDIGTV</Name>
         <ID>31</ID>
         <Type>CFChannel</Type>
      </Channel>
      <Channel>
         <Name>WDIGearTrqRaw</Name>
         <ID>32</ID>
         <Type>CFChannel</Type>
      </Channel>
      <Channel>
         <Name>WDIGearTrqRawFilt</Name>
         <ID>33</ID>
         <Type>CFChannel</Type>
      </Channel>
      <Channel>
         <Name>WDIGearTrqFilt</Name>
         <ID>34</ID>
         <Type>CFChannel</Type>
      </Channel>
      <Channel>
         <Name>WDIGearTrqRawStatus</Name>
         <ID>35</ID>
         <Type>CFChannel</Type>
      </Channel>

      <Channel>
         <Name>WDOCur</Name>
         <ID>39</ID>
         <Type>CFChannel</Type>
      </Channel>
      <Channel>
         <Name>WDITrqWDOut</Name>
         <ID>40</ID>
         <Type>CFChannel</Type>
      </Channel>
      <Channel>
         <Name>WDITrqWDOut Limited</Name>
         <ID>41</ID>
         <Type>Flags</Type>
      </Channel>

      <Channel>
         <Name>ATFipoPos</Name>
         <ID>50</ID>
         <Type>CFChannel</Type>
      </Channel>
      <Channel>
         <Name>ATFipoVel</Name>
         <ID>51</ID>
         <Type>CFChannel</Type>
      </Channel>
      <Channel>
         <Name>ATFipoTrq</Name>
         <ID>52</ID>
         <Type>CFChannel</Type>
      </Channel>
      <Channel>
         <Name>ATFipoFrc</Name>
         <ID>53</ID>
         <Type>CFChannel</Type>
      </Channel>

      <Channel>
         <Name>ICCmdPos</Name>
         <ID>100</ID>
         <Type>CFChannel</Type>
      </Channel>
      <Channel>
         <Name>ICDelayP</Name>
         <ID>101</ID>
         <Type>CFChannel</Type>
      </Channel>
      <Channel>
         <Name>ICLagPos</Name>
         <ID>102</ID>
         <Type>CFChannel</Type>
      </Channel>
      <Channel>
         <Name>IC_P</Name>
         <ID>103</ID>
         <Type>CFChannel</Type>
      </Channel>
      <Channel>
         <Name>ICVelVor</Name>
         <ID>104</ID>
         <Type>CFChannel</Type>
      </Channel>
      <Channel>
         <Name>ICPosOut</Name>
         <ID>105</ID>
         <Type>CFChannel</Type>
      </Channel>
      <Channel>
         <Name>ICPosI</Name>
         <ID>106</ID>
         <Type>CFChannel</Type>
      </Channel>
      <Channel>
         <Name>ICVelVorCmd</Name>
         <ID>107</ID>
         <Type>CFChannel</Type>
      </Channel>
      <Channel>
         <Name>ICAccCmd</Name>
         <ID>108</ID>
         <Type>CFChannel</Type>
      </Channel>
      <Channel>
         <Name>ICJerkCmd</Name>
         <ID>109</ID>
         <Type>CFChannel</Type>
      </Channel>
      <Channel>
         <Name>ICCmdVel</Name>
         <ID>110</ID>
         <Type>CFChannel</Type>
      </Channel>
      <Channel>
         <Name>ICLagVel</Name>
         <ID>111</ID>
         <Type>CFChannel</Type>
      </Channel>
      <Channel>
         <Name>ICTrqVor</Name>
         <ID>112</ID>
         <Type>CFChannel</Type>
      </Channel>
      <Channel>
         <Name>ICVelOut</Name>
         <ID>113</ID>
         <Type>CFChannel</Type>
      </Channel>
      <Channel>
         <Name>ICCmdTVo</Name>
         <ID>114</ID>
         <Type>CFChannel</Type>
      </Channel>
      <Channel>
         <Name>ICCmdVelLtd</Name>
         <ID>115</ID>
         <Type>CFChannel</Type>
      </Channel>
      <Channel>
         <Name>ICVelP</Name>
         <ID>116</ID>
         <Type>CFChannel</Type>
      </Channel>
      <Channel>
         <Name>ICVelI</Name>
         <ID>117</ID>
         <Type>CFChannel</Type>
      </Channel>

      <Channel>
         <Name>ICCmdTrq</Name>
         <ID>120</ID>
         <Type>CFChannel</Type>
      </Channel>
      <Channel>
         <Name>ICLagTrq</Name>
         <ID>121</ID>
         <Type>CFChannel</Type>
      </Channel>
      <Channel>
         <Name>ICTrqOut</Name>
         <ID>122</ID>
         <Type>CFChannel</Type>
      </Channel>

      <Channel>
         <Name>ICCmdFrc</Name>
         <ID>130</ID>
         <Type>CFChannel</Type>
      </Channel>
      <Channel>
         <Name>ICCmdFrcLtd</Name>
         <ID>131</ID>
         <Type>CFChannel</Type>
      </Channel>
      <Channel>
         <Name>ICLagFrc</Name>
         <ID>132</ID>
         <Type>CFChannel</Type>
      </Channel>
      <Channel>
         <Name>ICFrcOut</Name>
         <ID>133</ID>
         <Type>CFChannel</Type>
      </Channel>

      <Channel>
         <Name>WDIMUX00</Name>
         <ID>200</ID>
         <Type>CFChannel</Type>
      </Channel>
      <Channel>
         <Name>WDIMUX01</Name>
         <ID>201</ID>
         <Type>CFChannel</Type>
      </Channel>
      <Channel>
         <Name>WDIMUX02</Name>
         <ID>202</ID>
         <Type>CFChannel</Type>
      </Channel>
      <Channel>
         <Name>WDIMUX03</Name>
         <ID>203</ID>
         <Type>CFChannel</Type>
      </Channel>
      <Channel>
         <Name>WDIMUX04</Name>
         <ID>204</ID>
         <Type>CFChannel</Type>
      </Channel>
      <Channel>
         <Name>WDIMUX05</Name>
         <ID>205</ID>
         <Type>CFChannel</Type>
      </Channel>
      <Channel>
         <Name>WDIMUX06</Name>
         <ID>206</ID>
         <Type>CFChannel</Type>
      </Channel>
      <Channel>
         <Name>WDIMUX07</Name>
         <ID>207</ID>
         <Type>CFChannel</Type>
      </Channel>
      <Channel>
         <Name>WDIMUX08</Name>
         <ID>208</ID>
         <Type>CFChannel</Type>
      </Channel>
      <Channel>
         <Name>WDIMUX09</Name>
         <ID>209</ID>
         <Type>CFChannel</Type>
      </Channel>
      <Channel>
         <Name>WDIMUX10</Name>
         <ID>210</ID>
         <Type>CFChannel</Type>
      </Channel>
      <Channel>
         <Name>WDIMUX11</Name>
         <ID>211</ID>
         <Type>CFChannel</Type>
      </Channel>
      <Channel>
         <Name>WDIMUX12</Name>
         <ID>212</ID>
         <Type>CFChannel</Type>
      </Channel>
      <Channel>
         <Name>WDIMUX13</Name>
         <ID>213</ID>
         <Type>CFChannel</Type>
      </Channel>
      <Channel>
         <Name>WDIMUX14</Name>
         <ID>214</ID>
         <Type>CFChannel</Type>
      </Channel>
      <Channel>
         <Name>WDIMUX15</Name>
         <ID>215</ID>
         <Type>CFChannel</Type>
      </Channel>
      <Channel>
         <Name>WDIMUXINDEX</Name>
         <ID>240</ID>
         <Type>CFChannel</Type>
      </Channel>
      <Channel>
         <Name>WDIMUX</Name>
         <ID>241</ID>
         <Type>CFChannel</Type>
      </Channel>
      <Channel>
         <Name>WDIComm</Name>
         <ID>250</ID>
         <Type>CFChannel</Type>
      </Channel>
      <Channel>
         <Name>WDOComm</Name>
         <ID>251</ID>
         <Type>CFChannel</Type>
      </Channel>
      <Channel>
         <Name>WDICommRaw</Name>
         <ID>252</ID>
         <Type>CFChannel</Type>
      </Channel>
      <Channel>
         <Name>WDOCommNonEx</Name>
         <ID>253</ID>
         <Type>CFChannel</Type>
      </Channel>

      <Channel>
         <Name>WDIStatus</Name>
         <ID>300</ID>
         <Type>CFChannel</Type>
      </Channel>
      <Channel>
         <Name>WDOControl</Name>
         <ID>301</ID>
         <Type>CFChannel</Type>
      </Channel>
      <Channel>
         <Name>WDICurrent</Name>
         <ID>302</ID>
         <Type>CFChannel</Type>
      </Channel>
      <Channel>
         <Name>WDOCurrent</Name>
         <ID>303</ID>
         <Type>CFChannel</Type>
      </Channel>
      <Channel>
         <Name>WDOCurrentUnlimited</Name>
         <ID>304</ID>
         <Type>CFChannel</Type>
      </Channel>
      <Channel>
         <Name>WDIVelRaw</Name>
         <ID>305</ID>
         <Type>CFChannel</Type>
      </Channel>

      <Channel>
         <Name>PreFilterGeneric0</Name>
         <ID>400</ID>
         <Type>double</Type>
      </Channel>
      <Channel>
         <Name>PreFilterGeneric1</Name>
         <ID>401</ID>
         <Type>double</Type>
      </Channel>
      <Channel>
         <Name>PreFilterGeneric2</Name>
         <ID>402</ID>
         <Type>double</Type>
      </Channel>
      <Channel>
         <Name>PreFilterGeneric3</Name>
         <ID>403</ID>
         <Type>double</Type>
      </Channel>
      <Channel>
         <Name>PreFilterGeneric4</Name>
         <ID>404</ID>
         <Type>double</Type>
      </Channel>
      <Channel>
         <Name>PreFilterGeneric5</Name>
         <ID>405</ID>
         <Type>double</Type>
      </Channel>
      <Channel>
         <Name>PreFilterGeneric6</Name>
         <ID>406</ID>
         <Type>double</Type>
      </Channel>
      <Channel>
         <Name>PreFilterGeneric7</Name>
         <ID>407</ID>
         <Type>double</Type>
      </Channel>
      <Channel>
         <Name>PreFilterGeneric8</Name>
         <ID>408</ID>
         <Type>double</Type>
      </Channel>
      <Channel>
         <Name>PreFilterGeneric9</Name>
         <ID>409</ID>
         <Type>double</Type>
      </Channel>
      <Channel>
         <Name>PreFilterGeneric10</Name>
         <ID>410</ID>
         <Type>double</Type>
      </Channel>
      <Channel>
         <Name>PreFilterGeneric11</Name>
         <ID>411</ID>
         <Type>double</Type>
      </Channel>
      <Channel>
         <Name>PreFilterGeneric12</Name>
         <ID>412</ID>
         <Type>double</Type>
      </Channel>
      <Channel>
         <Name>PreFilterGeneric13</Name>
         <ID>413</ID>
         <Type>double</Type>
      </Channel>
      <Channel>
         <Name>PreFilterGeneric14</Name>
         <ID>414</ID>
         <Type>double</Type>
      </Channel>
      <Channel>
         <Name>PreFilterGeneric15</Name>
         <ID>415</ID>
         <Type>double</Type>
      </Channel>
      <Channel>
         <Name>PreFilterGeneric16</Name>
         <ID>416</ID>
         <Type>double</Type>
      </Channel>
      <Channel>
         <Name>PreFilterGeneric17</Name>
         <ID>417</ID>
         <Type>double</Type>
      </Channel>
      <Channel>
         <Name>PreFilterGeneric18</Name>
         <ID>418</ID>
         <Type>double</Type>
      </Channel>
      <Channel>
         <Name>PreFilterGeneric19</Name>
         <ID>419</ID>
         <Type>double</Type>
      </Channel>

      <Channel>
         <Name>ControllerGeneric0</Name>
         <ID>450</ID>
         <Type>double</Type>
      </Channel>
      <Channel>
         <Name>ControllerGeneric1</Name>
         <ID>451</ID>
         <Type>double</Type>
      </Channel>
      <Channel>
         <Name>ControllerGeneric2</Name>
         <ID>452</ID>
         <Type>double</Type>
      </Channel>
      <Channel>
         <Name>ControllerGeneric3</Name>
         <ID>453</ID>
         <Type>double</Type>
      </Channel>
      <Channel>
         <Name>ControllerGeneric4</Name>
         <ID>454</ID>
         <Type>double</Type>
      </Channel>
      <Channel>
         <Name>ControllerGeneric5</Name>
         <ID>455</ID>
         <Type>double</Type>
      </Channel>
      <Channel>
         <Name>ControllerGeneric6</Name>
         <ID>456</ID>
         <Type>double</Type>
      </Channel>
      <Channel>
         <Name>ControllerGeneric7</Name>
         <ID>457</ID>
         <Type>double</Type>
      </Channel>
      <Channel>
         <Name>ControllerGeneric8</Name>
         <ID>458</ID>
         <Type>double</Type>
      </Channel>
      <Channel>
         <Name>ControllerGeneric9</Name>
         <ID>459</ID>
         <Type>double</Type>
      </Channel>
      <Channel>
         <Name>ControllerGeneric10</Name>
         <ID>460</ID>
         <Type>double</Type>
      </Channel>
      <Channel>
         <Name>ControllerGeneric11</Name>
         <ID>461</ID>
         <Type>double</Type>
      </Channel>
      <Channel>
         <Name>ControllerGeneric12</Name>
         <ID>462</ID>
         <Type>double</Type>
      </Channel>
      <Channel>
         <Name>ControllerGeneric13</Name>
         <ID>463</ID>
         <Type>double</Type>
      </Channel>
      <Channel>
         <Name>ControllerGeneric14</Name>
         <ID>464</ID>
         <Type>double</Type>
      </Channel>
      <Channel>
         <Name>ControllerGeneric15</Name>
         <ID>465</ID>
         <Type>double</Type>
      </Channel>
      <Channel>
         <Name>ControllerGeneric16</Name>
         <ID>466</ID>
         <Type>double</Type>
      </Channel>
      <Channel>
         <Name>ControllerGeneric17</Name>
         <ID>467</ID>
         <Type>double</Type>
      </Channel>
      <Channel>
         <Name>ControllerGeneric18</Name>
         <ID>468</ID>
         <Type>double</Type>
      </Channel>
      <Channel>
         <Name>ControllerGeneric19</Name>
         <ID>469</ID>
         <Type>double</Type>
      </Channel>

      <Channel>
         <Name>PostFilterGeneric0</Name>
         <ID>500</ID>
         <Type>double</Type>
      </Channel>
      <Channel>
         <Name>PostFilterGeneric1</Name>
         <ID>501</ID>
         <Type>double</Type>
      </Channel>
      <Channel>
         <Name>PostFilterGeneric2</Name>
         <ID>502</ID>
         <Type>double</Type>
      </Channel>
      <Channel>
         <Name>PostFilterGeneric3</Name>
         <ID>503</ID>
         <Type>double</Type>
      </Channel>
      <Channel>
         <Name>PostFilterGeneric4</Name>
         <ID>504</ID>
         <Type>double</Type>
      </Channel>
      <Channel>
         <Name>PostFilterGeneric5</Name>
         <ID>505</ID>
         <Type>double</Type>
      </Channel>
      <Channel>
         <Name>PostFilterGeneric6</Name>
         <ID>506</ID>
         <Type>double</Type>
      </Channel>
      <Channel>
         <Name>PostFilterGeneric7</Name>
         <ID>507</ID>
         <Type>double</Type>
      </Channel>
      <Channel>
         <Name>PostFilterGeneric8</Name>
         <ID>508</ID>
         <Type>double</Type>
      </Channel>
      <Channel>
         <Name>PostFilterGeneric9</Name>
         <ID>509</ID>
         <Type>double</Type>
      </Channel>
      <Channel>
         <Name>PostFilterGeneric10</Name>
         <ID>510</ID>
         <Type>double</Type>
      </Channel>
      <Channel>
         <Name>PostFilterGeneric11</Name>
         <ID>511</ID>
         <Type>double</Type>
      </Channel>
      <Channel>
         <Name>PostFilterGeneric12</Name>
         <ID>512</ID>
         <Type>double</Type>
      </Channel>
      <Channel>
         <Name>PostFilterGeneric13</Name>
         <ID>513</ID>
         <Type>double</Type>
      </Channel>
      <Channel>
         <Name>PostFilterGeneric14</Name>
         <ID>514</ID>
         <Type>double</Type>
      </Channel>
      <Channel>
         <Name>PostFilterGeneric15</Name>
         <ID>515</ID>
         <Type>double</Type>
      </Channel>
      <Channel>
         <Name>PostFilterGeneric16</Name>
         <ID>516</ID>
         <Type>double</Type>
      </Channel>
      <Channel>
         <Name>PostFilterGeneric17</Name>
         <ID>517</ID>
         <Type>double</Type>
      </Channel>
      <Channel>
         <Name>PostFilterGeneric18</Name>
         <ID>518</ID>
         <Type>double</Type>
      </Channel>
      <Channel>
         <Name>PostFilterGeneric19</Name>
         <ID>519</ID>
         <Type>double</Type>
      </Channel>

      <Channel>
         <Name>WDGeneric0</Name>
         <ID>600</ID>
         <Type>double</Type>
      </Channel>
      <Channel>
         <Name>WDGeneric1</Name>
         <ID>601</ID>
         <Type>double</Type>
      </Channel>
      <Channel>
         <Name>WDGeneric2</Name>
         <ID>602</ID>
         <Type>double</Type>
      </Channel>
      <Channel>
         <Name>WDGeneric3</Name>
         <ID>603</ID>
         <Type>double</Type>
      </Channel>
      <Channel>
         <Name>WDGeneric4</Name>
         <ID>604</ID>
         <Type>double</Type>
      </Channel>
      <Channel>
         <Name>WDGeneric5</Name>
         <ID>605</ID>
         <Type>double</Type>
      </Channel>
      <Channel>
         <Name>WDGeneric6</Name>
         <ID>606</ID>
         <Type>double</Type>
      </Channel>
      <Channel>
         <Name>WDGeneric7</Name>
         <ID>607</ID>
         <Type>double</Type>
      </Channel>
      <Channel>
         <Name>WDGeneric8</Name>
         <ID>608</ID>
         <Type>double</Type>
      </Channel>
      <Channel>
         <Name>WDGeneric9</Name>
         <ID>609</ID>
         <Type>double</Type>
      </Channel>
      <Channel>
         <Name>WDGeneric10</Name>
         <ID>610</ID>
         <Type>double</Type>
      </Channel>
      <Channel>
         <Name>WDGeneric11</Name>
         <ID>611</ID>
         <Type>double</Type>
      </Channel>
      <Channel>
         <Name>WDGeneric12</Name>
         <ID>612</ID>
         <Type>double</Type>
      </Channel>
      <Channel>
         <Name>WDGeneric13</Name>
         <ID>613</ID>
         <Type>double</Type>
      </Channel>
      <Channel>
         <Name>WDGeneric14</Name>
         <ID>614</ID>
         <Type>double</Type>
      </Channel>
      <Channel>
         <Name>WDGeneric15</Name>
         <ID>615</ID>
         <Type>double</Type>
      </Channel>
      <Channel>
         <Name>WDGeneric16</Name>
         <ID>616</ID>
         <Type>double</Type>
      </Channel>
      <Channel>
         <Name>WDGeneric17</Name>
         <ID>617</ID>
         <Type>double</Type>
      </Channel>
      <Channel>
         <Name>WDGeneric18</Name>
         <ID>618</ID>
         <Type>double</Type>
      </Channel>
      <Channel>
         <Name>WDGeneric19</Name>
         <ID>619</ID>
         <Type>double</Type>
      </Channel>

      <Channel>
         <Name>WDICurRMS</Name>
         <ID>1008</ID>
         <Type>CFChannel</Type>
      </Channel>
   </Channels>
   <Triggers>
      <Trigger0>
         <Name>Puffer voll</Name>
         <ID>0</ID>
      </Trigger0>
      <Trigger>
         <!--
            Trigger auf System-Trace-Daten.
            Param1: System Trace Item ID wie oben unter Channels spezifiziert
            Param2: Triggerfunktionstyp:
               0 = trigger never
               1 = trigger always
               2 = trigger if value changes
               3 = trigger if value equals absolut value
               4 = trigger if value isn't equal absolut value
               5 = trigger if value is greater than absolut value
               6 = trigger if value is less than absolut value
               7 = trigger if value goes up
               8 = trigger if value goes down
               9 = trigger if value & absolute value
               10 = trigger if (value & absolute value) != absolute value
            Param3: Vergleichswert fuer Triggerfunktion (soweit anwendbar)
         -->
         <Name>Daten Trigger</Name>
         <ID>1</ID>
         <Param1 Name="Channel-ID"/>
         <Param2 Name="Triggerfunktionstyp"/>
         <Param3 Name="Vergleichswert"/>
      </Trigger>
   </Triggers>
</Trace>
