<?xml version="1.0" encoding="UTF-8"?>
<!-- Mit XMLSpy v2007 sp1 bearbeitet (http://www.altova.com) von Franz Pecher (KUKA Roboter GMBH) -->
<Trace xmlns:xsi="http://www.w3.org/2001/XMLSchema-instance" xsi:noNamespaceSchemaLocation="/Roboter/Config/System/Common/Schemes/TraceFeatures.xsd">
   <Name>CFEAFast</Name>
   <Version>2</Version>
   <Format>r64</Format>
   <Rates>
      <Rate>15.625</Rate>
      <Rate>31.25</Rate>
      <Rate>62.5</Rate>
      <Rate>125</Rate>
      <Rate>250</Rate>
      <Rate>500</Rate>
      <Rate>1000</Rate>
      <Rate>2000</Rate>
      <Rate>4000</Rate>
      <Rate>12000</Rate>
   </Rates>
   <Channels>
      <!-- Generic data with multiplexing -->
      <Channel><Name>Generic00</Name><ID>10</ID><Type>double</Type></Channel>
      <Channel><Name>Generic01</Name><ID>11</ID><Type>double</Type></Channel>
      <Channel><Name>Generic02</Name><ID>12</ID><Type>double</Type></Channel>
      <Channel><Name>Generic03</Name><ID>13</ID><Type>double</Type></Channel>
      <Channel><Name>Generic04</Name><ID>14</ID><Type>double</Type></Channel>
      <Channel><Name>Generic05</Name><ID>15</ID><Type>double</Type></Channel>
      <Channel><Name>Generic06</Name><ID>16</ID><Type>double</Type></Channel>
      <Channel><Name>Generic07</Name><ID>17</ID><Type>double</Type></Channel>
      <Channel><Name>Generic08</Name><ID>18</ID><Type>double</Type></Channel>
      <Channel><Name>Generic09</Name><ID>19</ID><Type>double</Type></Channel>
      <Channel><Name>Generic10</Name><ID>20</ID><Type>double</Type></Channel>
      <Channel><Name>Generic11</Name><ID>21</ID><Type>double</Type></Channel>
      <Channel><Name>Generic12</Name><ID>22</ID><Type>double</Type></Channel>
      <Channel><Name>Generic13</Name><ID>23</ID><Type>double</Type></Channel>
      <Channel><Name>Generic14</Name><ID>24</ID><Type>double</Type></Channel>
      <Channel><Name>Generic15</Name><ID>25</ID><Type>double</Type></Channel>
      <Channel><Name>Generic16</Name><ID>26</ID><Type>double</Type></Channel>
      <Channel><Name>Generic17</Name><ID>27</ID><Type>double</Type></Channel>
      <Channel><Name>Generic18</Name><ID>28</ID><Type>double</Type></Channel>
      <Channel><Name>Generic19</Name><ID>29</ID><Type>double</Type></Channel>
      <Channel><Name>Generic20</Name><ID>30</ID><Type>double</Type></Channel>
      <Channel><Name>Generic21</Name><ID>31</ID><Type>double</Type></Channel>
      <Channel><Name>Generic22</Name><ID>32</ID><Type>double</Type></Channel>
      <Channel><Name>Generic23</Name><ID>33</ID><Type>double</Type></Channel>
      <Channel><Name>Generic24</Name><ID>34</ID><Type>double</Type></Channel>
      <Channel><Name>Generic25</Name><ID>35</ID><Type>double</Type></Channel>
      <Channel><Name>Generic26</Name><ID>36</ID><Type>double</Type></Channel>
      <Channel><Name>Generic27</Name><ID>37</ID><Type>double</Type></Channel>
      <Channel><Name>Generic28</Name><ID>38</ID><Type>double</Type></Channel>
      <Channel><Name>Generic29</Name><ID>39</ID><Type>double</Type></Channel>
      <Channel><Name>Generic30</Name><ID>40</ID><Type>double</Type></Channel>
      <Channel><Name>Generic31</Name><ID>41</ID><Type>double</Type></Channel>
   </Channels>
   <Triggers>
      <Trigger0>
         <Name>Puffer voll</Name>
         <ID>0</ID>
      </Trigger0>
      <Trigger>
         <!--
            Trigger auf System-Trace-Daten.
            Param1: System Trace Item ID wie oben unter Channels spezifiziert
            Param2: Triggerfunktionstyp:
               0 = trigger never
               1 = trigger always
               2 = trigger if value changes
               3 = trigger if value equals absolut value
               4 = trigger if value isn't equal absolut value
               5 = trigger if value is greater than absolut value
               6 = trigger if value is less than absolut value
               7 = trigger if value goes up
               8 = trigger if value goes down
               9 = trigger if value & absolute value
               10 = trigger if (value & absolute value) != absolute value
            Param3: Vergleichswert fuer Triggerfunktion (soweit anwendbar)
         -->
         <Name>Daten Trigger</Name>
         <ID>1</ID>
         <Param1 Name="Channel-ID"/>
         <Param2 Name="Triggerfunktionstyp"/>
         <Param3 Name="Vergleichswert"/>
      </Trigger>
   </Triggers>
</Trace>
