<?xml version="1.0" encoding="UTF-8"?>
<!-- Ohne XMLSpy v2007 sp1 bearbeitet (http://www.altova.com) von Holger Tronnier (KUKA Roboter GMBH) -->
<Trace xmlns:xsi="http://www.w3.org/2001/XMLSchema-instance" xsi:noNamespaceSchemaLocation="/Roboter/Config/System/Common/Schemes/TraceFeatures.xsd">
   <Name>KRCIO</Name>
   <Version>8</Version>
   <Format>r64</Format>
   <Rates>
      <Rate>1000</Rate>
      <Rate>12000</Rate>
   </Rates>
   <Channels>
      <ChannelArray>
         <Name>$IN</Name>
         <StartCount>1</StartCount>
         <NumChannels>8192</NumChannels>
         <StartID>1</StartID>
         <Type>IO</Type>
      </ChannelArray>
      <ChannelArray>
         <Name>$OUT</Name>
         <StartCount>1</StartCount>
         <NumChannels>8192</NumChannels>
         <StartID>8193</StartID>
         <Type>IO</Type>
      </ChannelArray>
      <ChannelArray>
         <Name>$CYCFLAG</Name>
         <StartCount>1</StartCount>
         <NumChannels>256</NumChannels>
         <StartID>16385</StartID>
         <Type>IO</Type>
      </ChannelArray>
      <ChannelArray>
         <Name>$IN_Byte</Name>
         <StartCount>1</StartCount>
         <NumChannels>1024</NumChannels>
         <StartID>16641</StartID>
         <Type>IO</Type>
      </ChannelArray>
      <ChannelArray>
         <Name>$OUT_Byte</Name>
         <StartCount>1</StartCount>
         <NumChannels>1024</NumChannels>
         <StartID>17665</StartID>
         <Type>IO</Type>
      </ChannelArray>
      <ChannelArray>
         <Name>$CYCFLAG_Byte</Name>
         <StartCount>1</StartCount>
         <NumChannels>32</NumChannels>
         <StartID>18689</StartID>
         <Type>IO</Type>
      </ChannelArray>
   </Channels>
   <Triggers>
      <Trigger0>
         <Name>Puffer voll</Name>
         <ID>0</ID>
      </Trigger0>
      <Trigger>
         <Name>In</Name>
         <ID>1</ID>
         <Param1 Name="Eingang Nummer"/>
         <Param2 Name="Vergleichswert"/>
      </Trigger>
      <Trigger>
         <Name>Out</Name>
         <ID>2</ID>
         <Param1 Name="Ausgang Nummer"/>
         <Param2 Name="Vergleichswert"/>
      </Trigger>
      <Trigger>
         <Name>CycFlag</Name>
         <ID>3</ID>
         <Param1 Name="Cycflag Nummer"/>
         <Param2 Name="Vergleichswert"/>
      </Trigger>
      <Trigger>
         <Name>In_Byte</Name>
         <ID>4</ID>
         <Param1 Name="Eingang Byte-Nummer"/>
         <!-- Es gilt Binaer 1000 0000 = -128 Dezimal beim Datentyp char -->
         <Param2 Name="Vergleichswert"/>
      </Trigger>
      <Trigger>
         <Name>Out_Byte</Name>
         <ID>5</ID>
         <Param1 Name="Ausgang Byte-Nummer"/>
         <!-- Es gilt Binaer 1000 0000 = -128 Dezimal beim Datentyp char  -->
         <Param2 Name="Vergleichswert"/>
      </Trigger>
      <Trigger>
         <Name>CycFlag_Byte</Name>
         <ID>6</ID>
         <Param1 Name="Cycflag Byte-Nummer"/>
         <!-- Es gilt Binaer 1000 0000 = -128 Dezimal beim Datentyp char  -->
         <Param2 Name="Vergleichswert"/>
      </Trigger>
   </Triggers>
</Trace>