<?xml version="1.0" encoding="UTF-8"?>
<Trace xmlns:xsi="http://www.w3.org/2001/XMLSchema-instance" xsi:noNamespaceSchemaLocation="/Roboter/Config/System/Common/Schemes/TraceFeatures.xsd">
   <Name>MM</Name>
   <Version>1</Version>
   <Format>r64</Format>
   <Rates>
      <Rate>4000</Rate>
   </Rates>
   <Channels>
      <Channel>
         <Name>NumOfMS</Name>
         <ID>1</ID>
         <Type>MM_Common</Type>
      </Channel>
   </Channels>
   <Triggers>
      <Trigger0>
        <Name>Puffer voll</Name>
        <ID>0</ID>
      </Trigger0>
   </Triggers>
</Trace>