<?xml version="1.0" encoding="UTF-8"?>
<!-- Mit XMLSpy v2007 sp1 bearbeitet (http://www.altova.com) von Franz Pecher (KUKA Roboter GMBH) -->
<Trace xmlns:xsi="http://www.w3.org/2001/XMLSchema-instance" xsi:noNamespaceSchemaLocation="/Roboter/Config/System/Common/Schemes/TraceFeatures.xsd">
   <Name>NextGen</Name>
   <Version>6</Version>
   <Format>r64</Format>
   <Rates>
      <Rate>4000</Rate>
      <Rate>1000</Rate>
      <Rate>12000</Rate>
   </Rates>
   <Channels>
      <Channel>
         <Name>CycleCount Antriebstreiber</Name>
         <ID>1</ID>
         <Type>AT_Common</Type>
      </Channel>
      <Channel>
         <Name>CycleCount Controller Framework</Name>
         <ID>2</ID>
         <Type>AT_Common</Type>
      </Channel>
      <Channel>
         <Name>ErrorCount Controller Framework</Name>
         <ID>3</ID>
         <Type>AT_Common</Type>
      </Channel>
      <Channel>
         <Name>System Ready</Name>
         <ID>4</ID>
         <Type>AT_Common</Type>
      </Channel>
      <Channel>
         <Name>Aktuelle Kuehlanforderung</Name>
         <ID>100</ID>
         <Type>AT_Common</Type>
      </Channel>
   </Channels>
   <Triggers>
      <Trigger0>
        <Name>Puffer voll</Name>
        <ID>0</ID>
      </Trigger0>
   </Triggers>
</Trace>