<?xml version="1.0" encoding="UTF-8"?>
<!-- Mit XMLSpy v2007 sp1 bearbeitet (http://www.altova.com) von Franz Pecher (KUKA Roboter GMBH) -->
<Trace xmlns:xsi="http://www.w3.org/2001/XMLSchema-instance" xsi:noNamespaceSchemaLocation="/Roboter/Config/System/Common/Schemes/TraceFeatures.xsd">
   <Name>NextGenSupply</Name>
   <Version>6</Version>
   <Format>r64</Format>
   <Rates>
      <Rate>4000</Rate>
      <Rate>1000</Rate>
      <Rate>12000</Rate>
   </Rates>
   <Channels>
      <Channel>
         <Name>Kommando Zwischenkreis laden</Name>
         <ID>101</ID>
         <Type>AT_Supply</Type>
      </Channel>
      <Channel>
         <Name>Zustand Zwischenkreis geladen</Name>
         <ID>102</ID>
         <Type>AT_Supply</Type>
      </Channel>
      <Channel>
         <Name>Zustand Laden aktiv</Name>
         <ID>103</ID>
         <Type>AT_Supply</Type>
      </Channel>
      <Channel>
         <Name>Zustand Ladebereitschaft</Name>
         <ID>104</ID>
         <Type>AT_Supply</Type>
      </Channel>
      <Channel>
         <Name>KSB-Kommando Versorger</Name>
         <ID>112</ID>
         <Type>AT_Supply</Type>
      </Channel>
      <Channel>
         <Name>KSB-Zustand Versorger</Name>
         <ID>113</ID>
         <Type>AT_Supply</Type>
      </Channel>
      <Channel>
         <Name>Zwischenkreisspannung (KPP)</Name>
         <ID>200</ID>
         <Type>AT_Supply</Type>
      </Channel>
      <Channel>
         <Name>Versorgertemperatur (KPP)</Name>
         <ID>201</ID>
         <Type>AT_Supply</Type>
      </Channel>
      <Channel>
         <Name>Zwischenkreisstromaufnahme (KPP)</Name>
         <ID>202</ID>
         <Type>AT_Supply</Type>
      </Channel>
      <Channel>
         <Name>Zwischenkreis-Leistungsaufnahme (KPP)</Name>
         <ID>203</ID>
         <Type>AT_Supply</Type>
      </Channel>
      <Channel>
         <Name>Fehler-Flags Versorger</Name>
         <ID>206</ID>
         <Type>AT_Supply</Type>
      </Channel>
      <Channel>
         <Name>Fehlerquittierungskommando Versorger</Name>
         <ID>207</ID>
         <Type>AT_Supply</Type>
      </Channel>
      <Channel>
         <Name>Aktuelle Versorgerauslastung</Name>
         <ID>214</ID>
         <Type>AT_Drive</Type>
      </Channel>
      <Channel>
         <Name>WDIMUX00</Name>
         <ID>300</ID>
         <Type>AT_Supply</Type>
      </Channel>
      <Channel>
         <Name>WDIMUX01</Name>
         <ID>301</ID>
         <Type>AT_Supply</Type>
      </Channel>
      <Channel>
         <Name>WDIMUX02</Name>
         <ID>302</ID>
         <Type>AT_Supply</Type>
      </Channel>
      <Channel>
         <Name>WDIMUX03</Name>
         <ID>303</ID>
         <Type>AT_Supply</Type>
      </Channel>
      <Channel>
         <Name>WDIMUX04</Name>
         <ID>304</ID>
         <Type>AT_Supply</Type>
      </Channel>
      <Channel>
         <Name>WDIMUX05</Name>
         <ID>305</ID>
         <Type>AT_Supply</Type>
      </Channel>
      <Channel>
         <Name>WDIMUX06</Name>
         <ID>306</ID>
         <Type>AT_Supply</Type>
      </Channel>
      <Channel>
         <Name>WDIMUX07</Name>
         <ID>307</ID>
         <Type>AT_Supply</Type>
      </Channel>
      <Channel>
         <Name>WDIMUX08</Name>
         <ID>308</ID>
         <Type>AT_Supply</Type>
      </Channel>
      <Channel>
         <Name>WDIMUX09</Name>
         <ID>309</ID>
         <Type>AT_Supply</Type>
      </Channel>
      <Channel>
         <Name>WDIMUX10</Name>
         <ID>310</ID>
         <Type>AT_Supply</Type>
      </Channel>
      <Channel>
         <Name>WDIMUX11</Name>
         <ID>311</ID>
         <Type>AT_Supply</Type>
      </Channel>
      <Channel>
         <Name>WDIMUX12</Name>
         <ID>312</ID>
         <Type>AT_Supply</Type>
      </Channel>
      <Channel>
         <Name>WDIMUX13</Name>
         <ID>313</ID>
         <Type>AT_Supply</Type>
      </Channel>
      <Channel>
         <Name>WDIMUX14</Name>
         <ID>314</ID>
         <Type>AT_Supply</Type>
      </Channel>
      <Channel>
         <Name>WDIMUX15</Name>
         <ID>315</ID>
         <Type>AT_Supply</Type>
      </Channel>
   </Channels>
   <Triggers>
      <Trigger0>
         <Name>Puffer voll</Name>
         <ID>0</ID>
      </Trigger0>
      <Trigger>
         <Name>KSB aktiv</Name>
         <ID>1</ID>
      </Trigger>
      <Trigger>
         <Name>KPP Fehler oder Warnung</Name>
         <ID>2</ID>
      </Trigger>
      <Trigger>
         <Name>Variablenzustand</Name>
         <ID>4</ID>
         <Param1 Name="Channel-ID"><!-- Channel 101 - 104, 112 - 113, 200 - 203, 206 - 207 --></Param1>
         <Param2 Name="Pruefbedingung"><!-- 0 = '>', 1 = '<', 2 = '>=', 3 = '<=', 4 = '==', 5 = '!=' --></Param2>
         <Param3 Name="Variablenwert"><!-- im Format Double --></Param3>
      </Trigger>
   </Triggers>
</Trace>
