<?xml version="1.0" encoding="UTF-8"?>
<!-- Mit XMLSpy v2007 sp1 bearbeitet (http://www.altova.com) von Franz Pecher (KUKA Roboter GMBH) -->
<Trace xmlns:xsi="http://www.w3.org/2001/XMLSchema-instance" xsi:noNamespaceSchemaLocation="/Roboter/Config/System/Common/Schemes/TraceFeatures.xsd">
   <Name>NextGenDrive</Name>
   <Version>7</Version>
   <Format>r64</Format>
   <Rates>
      <Rate>4000</Rate>
      <Rate>1000</Rate>
      <Rate>12000</Rate>
   </Rates>
   <Channels>
      <Channel>
         <Name>Sollposition</Name>
         <ID>1</ID>
         <Type>AT_Drive</Type>
      </Channel>
      <Channel>
         <Name>Istposition</Name>
         <ID>2</ID>
         <Type>AT_Drive</Type>
      </Channel>
      <Channel>
         <Name>Positionsschleppfehler</Name>
         <ID>3</ID>
         <Type>AT_Drive</Type>
      </Channel>
            <Channel>
         <Name>Statusflags Position</Name>
         <ID>4</ID>
         <Type>AT_Drive</Type>
      </Channel>
      <Channel>
         <Name>Statusflags Kommutierwinkel</Name>
         <ID>5</ID>
         <Type>AT_Drive</Type>
      </Channel>
      <Channel>
         <Name>Sollgeschwindigkeit</Name>
         <ID>6</ID>
         <Type>AT_Drive</Type>
      </Channel>
      <Channel>
         <Name>Istgeschwindigkeit</Name>
         <ID>7</ID>
         <Type>AT_Drive</Type>
      </Channel>
      <Channel>
         <Name>Geschwindigkeitsdifferenz</Name>
         <ID>8</ID>
         <Type>AT_Drive</Type>
      </Channel>
      <Channel>
         <Name>Statusflags Geschwindigkeit</Name>
         <ID>9</ID>
         <Type>AT_Drive</Type>
      </Channel>
      <Channel>
         <Name>Sollbeschleunigung</Name>
         <ID>10</ID>
         <Type>AT_Drive</Type>
      </Channel>
      <Channel>
         <Name>Istbeschleunigung</Name>
         <ID>11</ID>
         <Type>AT_Drive</Type>
      </Channel>
      <Channel>
         <Name>Beschleunigungsdifferenz</Name>
         <ID>12</ID>
         <Type>AT_Drive</Type>
      </Channel>
      <Channel>
         <Name>Sollmoment</Name>
         <ID>13</ID>
         <Type>AT_Drive</Type>
      </Channel>
      <Channel>
         <Name>Istmoment</Name>
         <ID>14</ID>
         <Type>AT_Drive</Type>
      </Channel>
      <Channel>
         <Name>Momentendifferenz</Name>
         <ID>15</ID>
         <Type>AT_Drive</Type>
      </Channel>
      <Channel>
         <Name>Statusflags Moment</Name>
         <ID>16</ID>
         <Type>AT_Drive</Type>
      </Channel>
      <Channel>
         <Name>Sollkraft</Name>
         <ID>17</ID>
         <Type>AT_Drive</Type>
      </Channel>
      <Channel>
         <Name>Istkraft</Name>
         <ID>18</ID>
         <Type>AT_Drive</Type>
      </Channel>
      <Channel>
         <Name>Kraftschleppfehler</Name>
         <ID>19</ID>
         <Type>AT_Drive</Type>
      </Channel>
      <Channel>
         <Name>Rohwert Istkraft</Name>
         <ID>20</ID>
         <Type>AT_Drive</Type>
      </Channel>
      <Channel>
         <Name>Statusflags Kraft</Name>
         <ID>21</ID>
         <Type>AT_Drive</Type>
      </Channel>
      <Channel>
         <Name>Kraftsensor Reset</Name>
         <ID>22</ID>
         <Type>AT_Drive</Type>
      </Channel>
      <Channel>
         <Name>Drehmoment Abtrieb</Name>
         <ID>23</ID>
         <Type>AT_Drive</Type>
      </Channel>
      <Channel>
         <Name>Kommando Reglerinitialisierung</Name>
         <ID>50</ID>
         <Type>AT_Drive</Type>
      </Channel>
      <Channel>
         <Name>Kommando Reglerumschaltung</Name>
         <ID>51</ID>
         <Type>AT_Drive</Type>
      </Channel>
      <Channel>
         <Name>Zustand PowerBrakeState</Name>
         <ID>100</ID>
         <Type>AT_Drive</Type>
      </Channel>
      <Channel>
         <Name>Kommando Zwischenkreis laden</Name>
         <ID>101</ID>
         <Type>AT_Drive</Type>
      </Channel>
      <Channel>
         <Name>Zustand Zwischenkreis geladen</Name>
         <ID>102</ID>
         <Type>AT_Drive</Type>
      </Channel>
      <Channel>
         <Name>Zustand Laden aktiv</Name>
         <ID>103</ID>
         <Type>AT_Drive</Type>
      </Channel>
      <Channel>
         <Name>Zustand Ladebereitschaft</Name>
         <ID>104</ID>
         <Type>AT_Drive</Type>
      </Channel>
      <Channel>
         <Name>Reglerfreigabe</Name>
         <ID>105</ID>
         <Type>AT_Drive</Type>
      </Channel>
      <Channel>
         <Name>Reglerzustand</Name>
         <ID>106</ID>
         <Type>AT_Drive</Type>
      </Channel>
      <Channel>
         <Name>Kommando Bremse</Name>
         <ID>107</ID>
         <Type>AT_Drive</Type>
      </Channel>
      <Channel>
         <Name>Zustand Bremse</Name>
         <ID>108</ID>
         <Type>AT_Drive</Type>
      </Channel>
      <Channel>
         <Name>Stopp-Anforderung</Name>
         <ID>109</ID>
         <Type>AT_Drive</Type>
      </Channel>
      <Channel>
         <Name>Stopp-Zustand</Name>
         <ID>110</ID>
         <Type>AT_Drive</Type>
      </Channel>
      <Channel>
         <Name>KSB-Zustand Umrichter</Name>
         <ID>111</ID>
         <Type>AT_Drive</Type>
      </Channel>
      <Channel>
         <Name>KSB-Kommando Versorger</Name>
         <ID>112</ID>
         <Type>AT_Drive</Type>
      </Channel>
      <Channel>
         <Name>KSB-Zustand Versorger</Name>
         <ID>113</ID>
         <Type>AT_Drive</Type>
      </Channel>
      <Channel>
         <Name>Zustand Momentenbetrieb</Name>
         <ID>114</ID>
         <Type>AT_Drive</Type>
      </Channel>
      <Channel>
         <Name>Untere Momentengrenze</Name>
         <ID>115</ID>
         <Type>AT_Drive</Type>
      </Channel>
      <Channel>
         <Name>Obere Momentengrenze</Name>
         <ID>116</ID>
         <Type>AT_Drive</Type>
      </Channel>
      <Channel>
         <Name>Motor Istposition</Name>
         <ID>117</ID>
         <Type>AT_Drive</Type>
      </Channel>
      <Channel>
         <Name>Zustand Dejustage</Name>
         <ID>118</ID>
         <Type>AT_Drive</Type>
      </Channel>
      <Channel>
         <Name>Zustand Justage</Name>
         <ID>119</ID>
         <Type>AT_Drive</Type>
      </Channel>
      <Channel>
         <Name>Zustand An- Abkoppeln</Name>
         <ID>120</ID>
         <Type>AT_Drive</Type>
      </Channel>
      <Channel>
         <Name>Motortemperatur</Name>
         <ID>200</ID>
         <Type>AT_Drive</Type>
      </Channel>
      <Channel>
         <Name>Umrichtertemperatur (KSP)</Name>
         <ID>201</ID>
         <Type>AT_Drive</Type>
      </Channel>
      <Channel>
         <Name>Iststrom</Name>
         <ID>202</ID>
         <Type>AT_Drive</Type>
      </Channel>
      <Channel>
         <Name>Mechanische Antriebsleistung</Name>
         <ID>203</ID>
         <Type>AT_Drive</Type>
      </Channel>
      <Channel>
         <Name>Fehler-Flags Umrichter</Name>
         <ID>204</ID>
         <Type>AT_Drive</Type>
      </Channel>
      <Channel>
         <Name>Fehlerquittierungskommando Umrichter</Name>
         <ID>205</ID>
         <Type>AT_Drive</Type>
      </Channel>
      <Channel>
         <Name>Fehler-Flags Versorger</Name>
         <ID>206</ID>
         <Type>AT_Drive</Type>
      </Channel>
      <Channel>
         <Name>Fehlerquittierungskommando Versorger</Name>
         <ID>207</ID>
         <Type>AT_Drive</Type>
      </Channel>
      <Channel>
         <Name>Effektivstrom (RMS)</Name>
         <ID>208</ID>
         <Type>AT_Drive</Type>
      </Channel>
      <Channel>
         <Name>Position Range Signal Zustand</Name>
         <ID>209</ID>
         <Type>AT_Drive</Type>
      </Channel>
      <Channel>
         <Name>Position Range Signal</Name>
         <ID>210</ID>
         <Type>AT_Drive</Type>
      </Channel>
      <Channel>
         <Name>Istgeschwindigkeit des Positionsgebers</Name>
         <ID>211</ID>
         <Type>AT_Drive</Type>
      </Channel>
      <Channel>
         <Name>Antriebs-Schlupf</Name>
         <ID>212</ID>
         <Type>AT_Drive</Type>
      </Channel>
      <Channel>
         <Name>gefilterte Motortemperatur</Name>
         <ID>213</ID>
         <Type>AT_Drive</Type>
      </Channel>
      <Channel>
         <Name>Aktuelle Antriebsauslastung</Name>
         <ID>214</ID>
         <Type>AT_Drive</Type>
      </Channel>
      <Channel>
         <Name>Zustand Bremsentest</Name>
         <ID>220</ID>
         <Type>AT_Drive</Type>
      </Channel>
      <Channel>
         <Name>Moment Bremsentest</Name>
         <ID>221</ID>
         <Type>AT_Drive</Type>
      </Channel>
      <Channel>
         <Name>Grenze der Istgeschwindigkeitsueberwachung</Name>
         <ID>222</ID>
         <Type>AT_Drive</Type>
      </Channel>
      <Channel>
         <Name>WDIMUX00</Name>
         <ID>300</ID>
         <Type>AT_Drive</Type>
      </Channel>
      <Channel>
         <Name>WDIMUX01</Name>
         <ID>301</ID>
         <Type>AT_Drive</Type>
      </Channel>
      <Channel>
         <Name>WDIMUX02</Name>
         <ID>302</ID>
         <Type>AT_Drive</Type>
      </Channel>
      <Channel>
         <Name>WDIMUX03</Name>
         <ID>303</ID>
         <Type>AT_Drive</Type>
      </Channel>
      <Channel>
         <Name>WDIMUX04</Name>
         <ID>304</ID>
         <Type>AT_Drive</Type>
      </Channel>
      <Channel>
         <Name>WDIMUX05</Name>
         <ID>305</ID>
         <Type>AT_Drive</Type>
      </Channel>
      <Channel>
         <Name>WDIMUX06</Name>
         <ID>306</ID>
         <Type>AT_Drive</Type>
      </Channel>
      <Channel>
         <Name>WDIMUX07</Name>
         <ID>307</ID>
         <Type>AT_Drive</Type>
      </Channel>
      <Channel>
         <Name>WDIMUX08</Name>
         <ID>308</ID>
         <Type>AT_Drive</Type>
      </Channel>
      <Channel>
         <Name>WDIMUX09</Name>
         <ID>309</ID>
         <Type>AT_Drive</Type>
      </Channel>
      <Channel>
         <Name>WDIMUX10</Name>
         <ID>310</ID>
         <Type>AT_Drive</Type>
      </Channel>
      <Channel>
         <Name>WDIMUX11</Name>
         <ID>311</ID>
         <Type>AT_Drive</Type>
      </Channel>
      <Channel>
         <Name>WDIMUX12</Name>
         <ID>312</ID>
         <Type>AT_Drive</Type>
      </Channel>
      <Channel>
         <Name>WDIMUX13</Name>
         <ID>313</ID>
         <Type>AT_Drive</Type>
      </Channel>
      <Channel>
         <Name>WDIMUX14</Name>
         <ID>314</ID>
         <Type>AT_Drive</Type>
      </Channel>
      <Channel>
         <Name>WDIMUX15</Name>
         <ID>315</ID>
         <Type>AT_Drive</Type>
      </Channel>
   </Channels>
   <Triggers>
      <Trigger0>
         <Name>Puffer voll</Name>
         <ID>0</ID>
      </Trigger0>
      <Trigger>
         <Name>KSB aktiv</Name>
         <ID>1</ID>
      </Trigger>
      <Trigger>
         <Name>Bremse geschlossen</Name>
         <ID>2</ID>
      </Trigger>
      <Trigger>
         <Name>KSP Fehler oder Warnung</Name>
         <ID>3</ID>
      </Trigger>
      <Trigger>
         <Name>KPP Fehler oder Warnung</Name>
         <ID>4</ID>
      </Trigger>
      <Trigger>
         <Name>Variablenzustand</Name>
         <ID>5</ID>
         <Param1 Name="Channel-ID"><!-- Channel 1 - 23, 100 - 120, 200 - 210 --></Param1>
         <Param2 Name="Pruefbedingung"><!-- 0 = '>', 1 = '<', 2 = '>=', 3 = '<=', 4 = '==', 5 = '!=' --></Param2>
         <Param3 Name="Variablenwert"><!-- im Format Double --></Param3>
      </Trigger>
      <Trigger>
         <Name>Zustand PowerBrakeState</Name>
         <ID>6</ID>
         <Param1 Name="State-ID"><!-- Zustand --></Param1>
      </Trigger>
   </Triggers>
</Trace>