<?xml version="1.0" encoding="UTF-8"?>
<!-- Mit XMLSpy v2007 sp1 bearbeitet (http://www.altova.com) von Franz Pecher (KUKA Roboter GMBH) -->
<Trace xmlns:xsi="http://www.w3.org/2001/XMLSchema-instance" xsi:noNamespaceSchemaLocation="/Roboter/Config/System/Common/Schemes/TraceFeatures.xsd">
   <Name>NextGenWDIoBuf</Name>
   <Version>3</Version>
   <Format>i16</Format>
   <Rates>
      <Rate>125</Rate>
      <Rate>250</Rate>
      <Rate>500</Rate>
      <Rate>1000</Rate>
      <Rate>2000</Rate>
      <Rate>4000</Rate>
   </Rates>
   <Channels>
      <Channel>
         <Name>CF to AT 1 Bit I/O Buffer Channel 1</Name>
         <ID>1</ID>
         <Type>AT_Common</Type>
      </Channel>
      <Channel>
         <Name>CF to AT 1 Bit I/O Buffer Channel 2</Name>
         <ID>2</ID>
         <Type>AT_Common</Type>
      </Channel>
      <Channel>
         <Name>CF to AT 1 Bit I/O Buffer Channel 3</Name>
         <ID>3</ID>
         <Type>AT_Common</Type>
      </Channel>
      <Channel>
         <Name>CF to AT 1 Bit I/O Buffer Channel 4</Name>
         <ID>4</ID>
         <Type>AT_Common</Type>
      </Channel>
      <Channel>
         <Name>CF to AT 1 Bit I/O Buffer Channel 5</Name>
         <ID>5</ID>
         <Type>AT_Common</Type>
      </Channel>
      <Channel>
         <Name>CF to AT 1 Bit I/O Buffer Channel 6</Name>
         <ID>6</ID>
         <Type>AT_Common</Type>
      </Channel>
      <Channel>
         <Name>CF to AT 1 Bit I/O Buffer Channel 7</Name>
         <ID>7</ID>
         <Type>AT_Common</Type>
      </Channel>
      <Channel>
         <Name>CF to AT 1 Bit I/O Buffer Channel 8</Name>
         <ID>8</ID>
         <Type>AT_Common</Type>
      </Channel>
      <Channel>
         <Name>CF to AT 1 Bit I/O Buffer Channel 9</Name>
         <ID>9</ID>
         <Type>AT_Common</Type>
      </Channel>
      <Channel>
         <Name>CF to AT 1 Bit I/O Buffer Channel 10</Name>
         <ID>10</ID>
         <Type>AT_Common</Type>
      </Channel>
      <Channel>
         <Name>CF to AT 1 Bit I/O Buffer Channel 11</Name>
         <ID>11</ID>
         <Type>AT_Common</Type>
      </Channel>
      <Channel>
         <Name>CF to AT 1 Bit I/O Buffer Channel 12</Name>
         <ID>12</ID>
         <Type>AT_Common</Type>
      </Channel>
      <Channel>
         <Name>CF to AT 1 Bit I/O Buffer Channel 13</Name>
         <ID>13</ID>
         <Type>AT_Common</Type>
      </Channel>
      <Channel>
         <Name>CF to AT 1 Bit I/O Buffer Channel 14</Name>
         <ID>14</ID>
         <Type>AT_Common</Type>
      </Channel>
      <Channel>
         <Name>CF to AT 1 Bit I/O Buffer Channel 15</Name>
         <ID>15</ID>
         <Type>AT_Common</Type>
      </Channel>
      <Channel>
         <Name>CF to AT 1 Bit I/O Buffer Channel 16</Name>
         <ID>16</ID>
         <Type>AT_Common</Type>
      </Channel>
      <Channel>
         <Name>CF to AT 16 Bit I/O Buffer Channel 1</Name>
         <ID>17</ID>
         <Type>AT_Common</Type>
      </Channel>
      <Channel>
         <Name>CF to AT 16 Bit I/O Buffer Channel 2</Name>
         <ID>18</ID>
         <Type>AT_Common</Type>
      </Channel>
      <Channel>
         <Name>CF to AT 16 Bit I/O Buffer Channel 3</Name>
         <ID>19</ID>
         <Type>AT_Common</Type>
      </Channel>
      <Channel>
         <Name>CF to AT 16 Bit I/O Buffer Channel 4</Name>
         <ID>20</ID>
         <Type>AT_Common</Type>
      </Channel>
      <Channel>
         <Name>CF to AT 16 Bit I/O Buffer Channel 5</Name>
         <ID>21</ID>
         <Type>AT_Common</Type>
      </Channel>
      <Channel>
         <Name>CF to AT 16 Bit I/O Buffer Channel 6</Name>
         <ID>22</ID>
         <Type>AT_Common</Type>
      </Channel>
      <Channel>
         <Name>CF to AT 16 Bit I/O Buffer Channel 7</Name>
         <ID>23</ID>
         <Type>AT_Common</Type>
      </Channel>
      <Channel>
         <Name>CF to AT 16 Bit I/O Buffer Channel 8</Name>
         <ID>24</ID>
         <Type>AT_Common</Type>
      </Channel>
      <Channel>
         <Name>CF to AT 16 Bit I/O Buffer Channel 9</Name>
         <ID>25</ID>
         <Type>AT_Common</Type>
      </Channel>
      <Channel>
         <Name>CF to AT 16 Bit I/O Buffer Channel 10</Name>
         <ID>26</ID>
         <Type>AT_Common</Type>
      </Channel>
      <Channel>
         <Name>CF to AT 16 Bit I/O Buffer Channel 11</Name>
         <ID>27</ID>
         <Type>AT_Common</Type>
      </Channel>
      <Channel>
         <Name>CF to AT 16 Bit I/O Buffer Channel 12</Name>
         <ID>28</ID>
         <Type>AT_Common</Type>
      </Channel>
      <Channel>
         <Name>CF to AT 16 Bit I/O Buffer Channel 13</Name>
         <ID>29</ID>
         <Type>AT_Common</Type>
      </Channel>
      <Channel>
         <Name>CF to AT 16 Bit I/O Buffer Channel 14</Name>
         <ID>30</ID>
         <Type>AT_Common</Type>
      </Channel>
      <Channel>
         <Name>CF to AT 16 Bit I/O Buffer Channel 15</Name>
         <ID>31</ID>
         <Type>AT_Common</Type>
      </Channel>
      <Channel>
         <Name>CF to AT 16 Bit I/O Buffer Channel 16</Name>
         <ID>32</ID>
         <Type>AT_Common</Type>
      </Channel>
   </Channels>
   <Triggers>
      <Trigger0>
        <Name>Puffer voll</Name>
        <ID>0</ID>
      </Trigger0>
   </Triggers>
</Trace>