<?xml version="1.0" encoding="UTF-8"?>
<!-- Mit XMLSpy v2007 sp1 bearbeitet (http://www.altova.com) von Franz Pecher (KUKA Roboter GMBH) -->
<Trace xmlns:xsi="http://www.w3.org/2001/XMLSchema-instance" xsi:noNamespaceSchemaLocation="/Roboter/Config/System/Common/Schemes/TraceFeatures.xsd">
   <Name>NGSharedO</Name>
   <Version>6</Version>
   <Format>r64</Format>
   <Rates>
      <Rate>125</Rate>
      <Rate>250</Rate>
      <Rate>500</Rate>
      <Rate>1000</Rate>
      <Rate>2000</Rate>
      <Rate>4000</Rate>
      <Rate>12000</Rate>
   </Rates>
   <Channels>
      <Channel>
         <Name>PerfTimerElapsed1</Name>
         <ID>100</ID>
         <Type>Seconds</Type>
      </Channel>
      <Channel>
         <Name>PerfTimerElapsed2</Name>
         <ID>101</ID>
         <Type>Seconds</Type>
      </Channel>
      <Channel>
         <Name>PerfTimerElapsed3</Name>
         <ID>102</ID>
         <Type>Seconds</Type>
      </Channel>
      <Channel>
         <Name>PerfTimerElapsed4</Name>
         <ID>103</ID>
         <Type>Seconds</Type>
      </Channel>
      <Channel>
         <Name>PerfTimerElapsed5</Name>
         <ID>104</ID>
         <Type>Seconds</Type>
      </Channel>
      <Channel>
         <Name>PerfTimerElapsed6</Name>
         <ID>105</ID>
         <Type>Seconds</Type>
      </Channel>
      <Channel>
         <Name>PerfTimerElapsed7</Name>
         <ID>106</ID>
         <Type>Seconds</Type>
      </Channel>
      <Channel>
         <Name>PerfTimerElapsed8</Name>
         <ID>107</ID>
         <Type>Seconds</Type>
      </Channel>
      <Channel>
         <Name>PerfTimerElapsed9</Name>
         <ID>108</ID>
         <Type>Seconds</Type>
      </Channel>
      <Channel>
         <Name>PerfTimerElapsed10</Name>
         <ID>109</ID>
         <Type>Seconds</Type>
      </Channel>
   </Channels>
   <Triggers>
      <Trigger0>
         <Name>Puffer voll</Name>
         <ID>0</ID>
      </Trigger0>
      <Trigger>
         <!--
            Trigger auf System-Trace-Daten.
            Param1: System Trace Item ID wie oben unter Channels spezifiziert
            Param2: Triggerfunktionstyp:
               0 = trigger never
               1 = trigger always
               2 = trigger if value changes
               3 = trigger if value equals absolut value
               4 = trigger if value isn't equal absolut value
               5 = trigger if value is greater than absolut value
               6 = trigger if value is less than absolut value
               7 = trigger if value goes up
               8 = trigger if value goes down
               9 = trigger if value & absolute value
               10 = trigger if (value & absolute value) != absolute value
            Param3: Vergleichswert fuer Triggerfunktion (soweit anwendbar)
         -->
         <Name>Daten Trigger</Name>
         <ID>1</ID>
         <Param1 Name="Channel-ID"/>
         <Param2 Name="Triggerfunktionstyp"/>
         <Param3 Name="Vergleichswert"/>
      </Trigger>
   </Triggers>
</Trace>
