<?xml version="1.0" encoding="UTF-8"?>
<!-- Mit XMLSpy v2007 sp1 bearbeitet (http://www.altova.com) von Franz Pecher (KUKA Roboter GMBH) -->
<Trace xmlns:xsi="http://www.w3.org/2001/XMLSchema-instance" xsi:noNamespaceSchemaLocation="/Roboter/Config/System/Common/Schemes/TraceFeatures.xsd">
   <Name>SimuDrive</Name>
   <Version>2</Version>
   <Format>r64</Format>
   <Rates>
      <Rate>4000</Rate>
   </Rates>
   <Channels>
      <Channel>
         <Name>Sollposition</Name>
         <ID>1</ID>
         <Type>Simu_Drive</Type>
      </Channel>
      <Channel>
         <Name>Istposition</Name>
         <ID>2</ID>
         <Type>Simu_Drive</Type>
      </Channel>
      <Channel>
         <Name>Positionsschleppfehler</Name>
         <ID>3</ID>
         <Type>Simu_Drive</Type>
      </Channel>
      <Channel>
         <Name>Sollgeschwindigkeit</Name>
         <ID>4</ID>
         <Type>Simu_Drive</Type>
      </Channel>
      <Channel>
         <Name>Istgeschwindigkeit</Name>
         <ID>5</ID>
         <Type>Simu_Drive</Type>
      </Channel>
      <Channel>
         <Name>Geschwindigkeitsdifferenz</Name>
         <ID>6</ID>
         <Type>Simu_Drive</Type>
      </Channel>
      <Channel>
         <Name>Sollmoment</Name>
         <ID>7</ID>
         <Type>Simu_Drive</Type>
      </Channel>
      <Channel>
         <Name>Istmoment</Name>
         <ID>8</ID>
         <Type>Simu_Drive</Type>
      </Channel>
      <Channel>
         <Name>Momentendifferenz</Name>
         <ID>9</ID>
         <Type>Simu_Drive</Type>
      </Channel>
      <Channel>
         <Name>Istbeschleunigung</Name>
         <ID>13</ID>
         <Type>Simu_Drive</Type>
      </Channel>
      <Channel>
         <Name>ActPositionFrozen</Name>
         <ID>14</ID>
         <Type>Simu_Drive</Type>
      </Channel>
      <Channel>
         <Name>HomingDone</Name>
         <ID>16</ID>
         <Type>Simu_Drive</Type>
      </Channel>
      <Channel>
         <Name>ActNewHome</Name>
         <ID>17</ID>
         <Type>Simu_Drive</Type>
      </Channel>
      <Channel>
         <Name>Zustand PowerBrakeState</Name>
         <ID>18</ID>
         <Type>Simu_Drive</Type>
      </Channel>
      <Channel>
         <Name>Sollkraft</Name>
         <ID>100</ID>
         <Type>Simu_Drive</Type>
      </Channel>
      <Channel>
         <Name>Istkraft</Name>
         <ID>101</ID>
         <Type>Simu_Drive</Type>
      </Channel>
      <Channel>
         <Name>Kraftschleppfehler</Name>
         <ID>102</ID>
         <Type>Simu_Drive</Type>
      </Channel>
      <Channel>
         <Name>Kraftstatus</Name>
         <ID>103</ID>
         <Type>Simu_Drive</Type>
      </Channel>
   </Channels>
   <Triggers>
      <Trigger0>
        <Name>Puffer voll</Name>
        <ID>0</ID>
      </Trigger0>
      <Trigger>
         <Name>Zustand PowerBrakeState</Name>
         <ID>1</ID>
         <Param1 Name="State-ID"><!-- Zustand --></Param1>
      </Trigger>
      <Trigger>
         <Name>Variablenzustand</Name>
         <ID>2</ID>
         <Param1 Name="Channel-ID"><!-- Channel 1 - 17 --></Param1>
         <Param2 Name="Pruefbedingung"><!-- 0 = '>', 1 = '<', 2 = '>=', 3 = '<=', 4 = '==', 5 = '!=' --></Param2>
         <Param3 Name="Variablenwert"><!-- im Format Double --></Param3>
      </Trigger>
   </Triggers>
</Trace>