<?xml version="1.0" encoding="UTF-8"?>
<!-- Mit XMLSpy v2007 sp1 bearbeitet (http://www.altova.com) von Franz Pecher (KUKA Roboter GMBH) -->
<Trace xmlns:xsi="http://www.w3.org/2001/XMLSchema-instance" xsi:noNamespaceSchemaLocation="/Roboter/Config/System/Common/Schemes/TraceFeatures.xsd">
   <Name>Simu</Name>
   <Version>1</Version>
   <Format>r64</Format>
   <Rates>
      <Rate>4000</Rate>
   </Rates>
   <Channels>
      <Channel>
         <Name>CycleTime Simutreiber</Name>
         <ID>1</ID>
         <Type>Simu_Common</Type>
      </Channel>
      <Channel>
         <Name>DelayTime Simutreiber</Name>
         <ID>2</ID>
         <Type>Simu_Common</Type>
      </Channel>
      <Channel>
         <Name>SysCycleTime Simutreiber</Name>
         <ID>3</ID>
         <Type>Simu_Common</Type>
      </Channel>
   </Channels>
   <Triggers>
      <Trigger0>
        <Name>Puffer voll</Name>
        <ID>0</ID>
      </Trigger0>
   </Triggers>
</Trace>