﻿<?xml version="1.0" encoding="utf-8"?>
<!--KUKA Roboter (C) 2010-->
<!--Erstellt am 11.08.2011 15:32-->
<LdeDataSet>
  <KUKA_Motorbestueckung>
    <MotorbestueckungID>110</MotorbestueckungID>
    <Beispiel_Roboter>#KR30_3 C4 FLR ZH02</Beispiel_Roboter>
    <Datum>2010-12-01T00:00:00+01:00</Datum>
  </KUKA_Motorbestueckung>
  <KUKA_Motoren>
    <MotorID>174</MotorID>
    <ArtikelNr>G1</ArtikelNr>
    <Bezeichnung>1FK7100</Bezeichnung>
    <a0>0</a0>
    <a1>1.10030939</a1>
    <a2>0</a2>
    <a3>-6.051E-05</a3>
    <Datum>2009-09-22T00:00:00+02:00</Datum>
    <ServofileID>88</ServofileID>
    <Motortyp>G1</Motortyp>
    <Lieferant>Siemens</Lieferant>
    <Farbcodierung>KR C4</Farbcodierung>
    <ZeichnNr>394.100-01.601.19-00</ZeichnNr>
  </KUKA_Motoren>
  <KUKA_Motoren>
    <MotorID>176</MotorID>
    <ArtikelNr>D0</ArtikelNr>
    <Bezeichnung>1FK7060</Bezeichnung>
    <a0>0</a0>
    <a1>1.3286</a1>
    <a2>0</a2>
    <a3>-9.9421E-05</a3>
    <Datum>2009-09-15T00:00:00+02:00</Datum>
    <ServofileID>88</ServofileID>
    <Motortyp>D0</Motortyp>
    <Lieferant>Siemens</Lieferant>
    <Farbcodierung>KR C4</Farbcodierung>
    <ZeichnNr>394.100-01.601.16-00</ZeichnNr>
  </KUKA_Motoren>
  <KUKA_Motoren_Lieferant>
    <Lieferant>Siemens</Lieferant>
  </KUKA_Motoren_Lieferant>
  <KUKA_Motorisierung>
    <MotorbestueckungID>110</MotorbestueckungID>
    <Achsnummer>1</Achsnummer>
    <MotorID>174</MotorID>
    <ServofileID>88</ServofileID>
    <Datum>2010-12-01T00:00:00+01:00</Datum>
  </KUKA_Motorisierung>
  <KUKA_Motorisierung>
    <MotorbestueckungID>110</MotorbestueckungID>
    <Achsnummer>2</Achsnummer>
    <MotorID>174</MotorID>
    <ServofileID>88</ServofileID>
    <Datum>2010-12-01T00:00:00+01:00</Datum>
  </KUKA_Motorisierung>
  <KUKA_Motorisierung>
    <MotorbestueckungID>110</MotorbestueckungID>
    <Achsnummer>3</Achsnummer>
    <MotorID>174</MotorID>
    <ServofileID>88</ServofileID>
    <Datum>2010-12-01T00:00:00+01:00</Datum>
  </KUKA_Motorisierung>
  <KUKA_Motorisierung>
    <MotorbestueckungID>110</MotorbestueckungID>
    <Achsnummer>4</Achsnummer>
    <MotorID>176</MotorID>
    <ServofileID>88</ServofileID>
    <Datum>2010-12-01T00:00:00+01:00</Datum>
  </KUKA_Motorisierung>
  <KUKA_Motorisierung>
    <MotorbestueckungID>110</MotorbestueckungID>
    <Achsnummer>5</Achsnummer>
    <MotorID>176</MotorID>
    <ServofileID>88</ServofileID>
    <Datum>2010-12-01T00:00:00+01:00</Datum>
  </KUKA_Motorisierung>
  <KUKA_Motorisierung>
    <MotorbestueckungID>110</MotorbestueckungID>
    <Achsnummer>6</Achsnummer>
    <MotorID>176</MotorID>
    <ServofileID>88</ServofileID>
    <Datum>2010-12-01T00:00:00+01:00</Datum>
  </KUKA_Motorisierung>
  <KUKA_Servofiles>
    <ServofileID>88</ServofileID>
    <Motortyp>Dummy</Motortyp>
    <Servodatum>2010-02-23T00:00:00+01:00</Servodatum>
    <Servofilename>KRC4_Servo_Dummy</Servofilename>
    <Servoregler>Dummy</Servoregler>
    <Servomotorbezeichnung>Dummy</Servomotorbezeichnung>
    <Servolieferant>Dummy</Servolieferant>
    <Servoversionsstand>Dummy</Servoversionsstand>
    <PI_VP_Isq_Regler>1069</PI_VP_Isq_Regler>
    <PI_KI_Isq_Regler>1070</PI_KI_Isq_Regler>
    <PI_VP_Isd_Regler>1071</PI_VP_Isd_Regler>
    <PI_KI_Isd_Regler>1072</PI_KI_Isd_Regler>
    <PI_Back_EMF>1073</PI_Back_EMF>
    <PI_Reglervorsteuerung>1092</PI_Reglervorsteuerung>
    <PI_Schaltfrequenz>1018</PI_Schaltfrequenz>
    <PI_Signallaufzeit>1098</PI_Signallaufzeit>
    <PI_Bremse>2</PI_Bremse>
    <PI_Uebernahme_PI_2>499</PI_Uebernahme_PI_2>
    <PI_Phasenverschiebung>1097</PI_Phasenverschiebung>
    <PI_Polpaarverhaeltnis>1079</PI_Polpaarverhaeltnis>
    <Reglervorsteuerung>18</Reglervorsteuerung>
    <Schaltfrequenz>0</Schaltfrequenz>
  </KUKA_Servofiles>
  <KUKA_Zentralhaende>
    <HandID>364</HandID>
    <Gesamthand>true</Gesamthand>
    <Handbezeichnung>ZH 30/45/60 III Schwerpunkt in [m]</Handbezeichnung>
    <Masse>38</Masse>
    <c_x>0</c_x>
    <c_y>0</c_y>
    <c_z>-0.12</c_z>
    <I_x>1.5</I_x>
    <I_y>1.5</I_y>
    <I_z>0.19</I_z>
  </KUKA_Zentralhaende>
  <KUKA_Zentralhaende>
    <HandID>368</HandID>
    <Gesamthand>false</Gesamthand>
    <Handbezeichnung>ZH 30/45/60 III Schwerpunkt in [m]</Handbezeichnung>
    <Achsnummer>4</Achsnummer>
    <Masse>20.03</Masse>
    <c_x>7E-05</c_x>
    <c_y>0.00638</c_y>
    <c_z>-0.16796</c_z>
    <I_x>1.12048</I_x>
    <I_y>1.06236</I_y>
    <I_z>0.12394</I_z>
  </KUKA_Zentralhaende>
  <KUKA_Zentralhaende>
    <HandID>369</HandID>
    <Gesamthand>false</Gesamthand>
    <Handbezeichnung>ZH 30/45/60 III Schwerpunkt in [m]</Handbezeichnung>
    <Achsnummer>5</Achsnummer>
    <Masse>10.07</Masse>
    <c_x>0.00034</c_x>
    <c_y>0.02529</c_y>
    <c_z>0.03932</c_z>
    <I_x>0.07791</I_x>
    <I_y>0.0669</I_y>
    <I_z>0.04171</I_z>
  </KUKA_Zentralhaende>
  <KUKA_Zentralhaende>
    <HandID>370</HandID>
    <Gesamthand>false</Gesamthand>
    <Handbezeichnung>ZH 30/45/60 III Schwerpunkt in [m]</Handbezeichnung>
    <Achsnummer>6</Achsnummer>
    <Masse>4.8</Masse>
    <c_x>6E-05</c_x>
    <c_y>-0.00012</c_y>
    <c_z>0.13041</c_z>
    <I_x>0.09016</I_x>
    <I_y>0.09017</I_y>
    <I_z>0.01116</I_z>
  </KUKA_Zentralhaende>
  <KUKA_ZH>
    <Handbezeichnung>ZH 30/45/60 III Schwerpunkt in [m]</Handbezeichnung>
    <ZH_Kuerzel>ZH02</ZH_Kuerzel>
    <Bilder>nZH30_60III.JPG</Bilder>
  </KUKA_ZH>
  <LDE_Hilfsgroessen>
    <Bezeichnung>KR100P</Bezeichnung>
    <Tool_Type>false</Tool_Type>
    <Current_Limit>true</Current_Limit>
  </LDE_Hilfsgroessen>
  <LDE_Hilfsgroessen>
    <Bezeichnung>KR350</Bezeichnung>
    <Tool_Type>false</Tool_Type>
    <Current_Limit>true</Current_Limit>
  </LDE_Hilfsgroessen>
  <LDE_Hilfsgroessen>
    <Bezeichnung>KR360</Bezeichnung>
    <Tool_Type>false</Tool_Type>
    <Current_Limit>true</Current_Limit>
  </LDE_Hilfsgroessen>
  <LDE_Hilfsgroessen>
    <Bezeichnung>KR500</Bezeichnung>
    <Tool_Type>false</Tool_Type>
    <Current_Limit>true</Current_Limit>
  </LDE_Hilfsgroessen>
  <LDE_Hilfsgroessen>
    <Bezeichnung>Standard</Bezeichnung>
    <Tool_Type>false</Tool_Type>
    <Current_Limit>true</Current_Limit>
  </LDE_Hilfsgroessen>
  <LDE_Limit_Achsen>
    <Limit_AchsenID>7</Limit_AchsenID>
  </LDE_Limit_Achsen>
  <LDE_Limit_Achsen_Werte>
    <Limit_AchsenID>7</Limit_AchsenID>
    <Achsnummer>3</Achsnummer>
    <Wert>175</Wert>
  </LDE_Limit_Achsen_Werte>
  <LDE_Limit_Achsen_Werte>
    <Limit_AchsenID>7</Limit_AchsenID>
    <Achsnummer>4</Achsnummer>
    <Wert>125</Wert>
  </LDE_Limit_Achsen_Werte>
  <LDE_Limit_Achsen_Werte>
    <Limit_AchsenID>7</Limit_AchsenID>
    <Achsnummer>5</Achsnummer>
    <Wert>80</Wert>
  </LDE_Limit_Achsen_Werte>
  <LDE_Limit_Achsen_Werte>
    <Limit_AchsenID>7</Limit_AchsenID>
    <Achsnummer>6</Achsnummer>
    <Wert>95</Wert>
  </LDE_Limit_Achsen_Werte>
  <LDE_Neue_Parameter>
    <Neue_ParameterID>835</Neue_ParameterID>
    <Standard_ParameterID>651</Standard_ParameterID>
    <Satz_Nr>1</Satz_Nr>
    <Gueltigkeitsbereich>6</Gueltigkeitsbereich>
    <JA3>225</JA3>
    <JA4>10</JA4>
    <JA5>13.895444580078102</JA5>
    <JA6>4.727512963867186</JA6>
    <SkalA3>1.06625</SkalA3>
    <SkalA4>1</SkalA4>
    <SkalA5>0.9765625</SkalA5>
    <SkalA6>1</SkalA6>
    <JA5_2>13.239913159179672</JA5_2>
    <Datum>2010-12-06T00:00:00+01:00</Datum>
    <Bemerkung>mA3 um 10kg erhöht! JA3 von 248 auf 225 reduziert, damit cz genauer identifiziert</Bemerkung>
  </LDE_Neue_Parameter>
  <LDE_Neue_Parameter>
    <Neue_ParameterID>836</Neue_ParameterID>
    <Standard_ParameterID>651</Standard_ParameterID>
    <Satz_Nr>2</Satz_Nr>
    <Gueltigkeitsbereich>6</Gueltigkeitsbereich>
    <JA3>225</JA3>
    <JA4>10</JA4>
    <JA5>13.99465800097661</JA5>
    <JA6>4.727408270507814</JA6>
    <SkalA3>1.0695312500000003</SkalA3>
    <SkalA4>1</SkalA4>
    <SkalA5>0.98281249999999987</SkalA5>
    <SkalA6>1</SkalA6>
    <JA5_2>13.289388346679726</JA5_2>
    <Datum>2010-12-06T00:00:00+01:00</Datum>
    <Bemerkung>mA3 um 10kg erhöht! JA3 von 248 auf 225 reduziert, damit cz genauer identifiziert</Bemerkung>
  </LDE_Neue_Parameter>
  <LDE_Neue_Parameter>
    <Neue_ParameterID>837</Neue_ParameterID>
    <Standard_ParameterID>651</Standard_ParameterID>
    <Satz_Nr>3</Satz_Nr>
    <Gueltigkeitsbereich>6</Gueltigkeitsbereich>
    <JA3>225</JA3>
    <JA4>10</JA4>
    <JA5>10.1</JA5>
    <JA6>4.425</JA6>
    <SkalA3>1.0075</SkalA3>
    <SkalA4>1</SkalA4>
    <SkalA5>1</SkalA5>
    <SkalA6>1</SkalA6>
    <JA5_2>13.2</JA5_2>
    <Datum>2010-12-06T00:00:00+01:00</Datum>
    <Bemerkung>mA3 um 10kg erhöht! JA3 von 248 auf 225 reduziert, damit cz genauer identifiziert</Bemerkung>
  </LDE_Neue_Parameter>
  <LDE_Roboter_Verfuegbarkeit>
    <LDE_RoboterID>472</LDE_RoboterID>
    <Limit_AchsenID>7</Limit_AchsenID>
    <Version>6</Version>
    <Roboter_MotorbestueckungID>295</Roboter_MotorbestueckungID>
    <Standard_ParameterID>651</Standard_ParameterID>
    <Datum>2010-12-01T15:24:42+01:00</Datum>
  </LDE_Roboter_Verfuegbarkeit>
  <LDE_Standard_Parameter>
    <Standard_ParameterID>651</Standard_ParameterID>
    <JA3>225</JA3>
    <JA4>10</JA4>
    <JA5>14.052799919921924</JA5>
    <JA6>4.7060313417968764</JA6>
    <SkalA3>1.05796875</SkalA3>
    <SkalA4>1</SkalA4>
    <SkalA5>0.96406249999999982</SkalA5>
    <SkalA6>1</SkalA6>
    <JA5_2>13.096496916015664</JA5_2>
    <Datum>2010-12-06T00:00:00+01:00</Datum>
    <Optimierer>Auto-LDD</Optimierer>
    <Bemerkung>JA3 von 248 auf 225 reduziert</Bemerkung>
  </LDE_Standard_Parameter>
  <LDE_Version>
    <Version>6</Version>
    <Datum>2009-06-02T00:00:00+02:00</Datum>
  </LDE_Version>
  <LDE_Wertetabelle>
    <Bezeichnung>KR100P</Bezeichnung>
    <Wert>25</Wert>
    <Version>6</Version>
  </LDE_Wertetabelle>
  <LDE_Wertetabelle>
    <Bezeichnung>KR350</Bezeichnung>
    <Wert>30</Wert>
    <Version>6</Version>
  </LDE_Wertetabelle>
  <LDE_Wertetabelle>
    <Bezeichnung>KR360</Bezeichnung>
    <Wert>10</Wert>
    <Version>6</Version>
  </LDE_Wertetabelle>
  <LDE_Wertetabelle>
    <Bezeichnung>KR500</Bezeichnung>
    <Wert>10</Wert>
    <Version>6</Version>
  </LDE_Wertetabelle>
  <LDE_Wertetabelle>
    <Bezeichnung>Standard</Bezeichnung>
    <Wert>25</Wert>
    <Version>6</Version>
  </LDE_Wertetabelle>
  <Roboter>
    <RoboterID>259</RoboterID>
    <Ident_Masse>true</Ident_Masse>
    <Robotertyp>#KR30_3 C4 FLR ZH02</Robotertyp>
    <Kukaload_Trafoname>KR 30-3</Kukaload_Trafoname>
    <Handbezeichnung>ZH 30/45/60 III Schwerpunkt in [m]</Handbezeichnung>
    <dist_l31>0.145</dist_l31>
    <dist_A3_hwp>-0.82000000000000006</dist_A3_hwp>
    <dist_hwp_fl>0.17</dist_hwp_fl>
    <dist_hwp_fl_y>0</dist_hwp_fl_y>
    <AchsBereichID>0</AchsBereichID>
    <ToolType>100</ToolType>
    <Datum>2010-12-01T00:00:00+01:00</Datum>
  </Roboter>
  <Roboter_Aequivalenz>
    <Trafoname>#KR30_3 C4 CLG ZH02</Trafoname>
    <RoboterID>259</RoboterID>
    <Datum>2011-05-09T15:17:33+02:00</Datum>
  </Roboter_Aequivalenz>
  <Roboter_Aequivalenz>
    <Trafoname>#KR30_3 C4 FLR ZH02</Trafoname>
    <RoboterID>259</RoboterID>
    <Datum>2010-12-01T00:00:00+01:00</Datum>
  </Roboter_Aequivalenz>
  <Roboter_Aequivalenz>
    <Trafoname>#KR30HA_3 C4 CLG ZH02</Trafoname>
    <RoboterID>259</RoboterID>
    <Datum>2011-05-09T16:00:35+02:00</Datum>
  </Roboter_Aequivalenz>
  <Roboter_Aequivalenz>
    <Trafoname>#KR30HA_3 C4 FLR ZH02</Trafoname>
    <RoboterID>259</RoboterID>
    <Datum>2011-05-09T15:56:42+02:00</Datum>
  </Roboter_Aequivalenz>
  <Roboter_Ako>
    <AkoID>240</AkoID>
    <RoboterID>259</RoboterID>
    <ako_45>-0.013333333333333334</ako_45>
    <ako_46>-0.01674931129476584</ako_46>
    <ako_56>0.016528925619834711</ako_56>
    <Datum>2010-12-01T00:00:00+01:00</Datum>
  </Roboter_Ako>
  <Roboter_Grundachsen>
    <GrundachsenID>1235</GrundachsenID>
    <RoboterID>259</RoboterID>
    <Achsnummer>1</Achsnummer>
    <Masse>0</Masse>
    <c_x>0</c_x>
    <c_y>0</c_y>
    <c_z>0</c_z>
    <I_x>0</I_x>
    <I_y>0</I_y>
    <I_z>0</I_z>
    <rz>0.95</rz>
    <rh>80.7</rh>
    <rv>143.4</rv>
    <max_Motorstrom>0</max_Motorstrom>
    <max_Motormoment>26</max_Motormoment>
    <max_Getriebemoment>4250</max_Getriebemoment>
    <MotUebersetzung>-184</MotUebersetzung>
    <Motortraegheit>245</Motortraegheit>
    <kt>0</kt>
    <Datum>2010-12-01T00:00:00+01:00</Datum>
  </Roboter_Grundachsen>
  <Roboter_Grundachsen>
    <GrundachsenID>1236</GrundachsenID>
    <RoboterID>259</RoboterID>
    <Achsnummer>2</Achsnummer>
    <Masse>118.6</Masse>
    <c_x>0</c_x>
    <c_y>0</c_y>
    <c_z>0</c_z>
    <I_x>0</I_x>
    <I_y>0</I_y>
    <I_z>0</I_z>
    <rz>0.95</rz>
    <rh>138.1</rh>
    <rv>321.5</rv>
    <max_Motorstrom>0</max_Motorstrom>
    <max_Motormoment>26</max_Motormoment>
    <max_Getriebemoment>4250</max_Getriebemoment>
    <MotUebersetzung>185</MotUebersetzung>
    <Motortraegheit>248</Motortraegheit>
    <kt>0</kt>
    <Datum>2010-12-01T00:00:00+01:00</Datum>
  </Roboter_Grundachsen>
  <Roboter_Grundachsen>
    <GrundachsenID>1237</GrundachsenID>
    <RoboterID>259</RoboterID>
    <Achsnummer>3</Achsnummer>
    <Masse>117.9</Masse>
    <c_x>0.145</c_x>
    <c_y>-0.052000000000000005</c_y>
    <c_z>0</c_z>
    <I_x>4.8</I_x>
    <I_y>1.8</I_y>
    <I_z>4.8</I_z>
    <rz>1</rz>
    <rh>151.9</rh>
    <rv>124.6</rv>
    <max_Motorstrom>0</max_Motorstrom>
    <max_Motormoment>26</max_Motormoment>
    <max_Getriebemoment>4250</max_Getriebemoment>
    <MotUebersetzung>-185</MotUebersetzung>
    <Motortraegheit>248</Motortraegheit>
    <kt>0</kt>
    <Datum>2010-12-01T00:00:00+01:00</Datum>
    <Bemerkung>Masse A3 um 10 kg erhöht</Bemerkung>
  </Roboter_Grundachsen>
  <Roboter_Handachsen>
    <HandachsenID>1232</HandachsenID>
    <RoboterID>259</RoboterID>
    <Achsnummer>4</Achsnummer>
    <rz>0.92</rz>
    <rh>49.8</rh>
    <rv>27.5</rv>
    <max_Motorstrom>0</max_Motorstrom>
    <max_Motormoment>8</max_Motormoment>
    <max_Getriebemoment>300</max_Getriebemoment>
    <MotUebersetzung>75.044345898004437</MotUebersetzung>
    <Motortraegheit>10</Motortraegheit>
    <kt>0</kt>
    <Datum>2010-12-01T00:00:00+01:00</Datum>
  </Roboter_Handachsen>
  <Roboter_Handachsen>
    <HandachsenID>1233</HandachsenID>
    <RoboterID>259</RoboterID>
    <Achsnummer>5</Achsnummer>
    <rz>0.85</rz>
    <rh>38.2</rh>
    <rv>25.3</rv>
    <max_Motorstrom>0</max_Motorstrom>
    <max_Motormoment>8</max_Motormoment>
    <max_Getriebemoment>380</max_Getriebemoment>
    <MotUebersetzung>79.545454545454547</MotUebersetzung>
    <Motortraegheit>10.1</Motortraegheit>
    <kt>0</kt>
    <Datum>2010-12-01T00:00:00+01:00</Datum>
  </Roboter_Handachsen>
  <Roboter_Handachsen>
    <HandachsenID>1234</HandachsenID>
    <RoboterID>259</RoboterID>
    <Achsnummer>6</Achsnummer>
    <rz>0.75</rz>
    <rh>20.4</rh>
    <rv>15.5</rv>
    <max_Motorstrom>0</max_Motorstrom>
    <max_Motormoment>8</max_Motormoment>
    <max_Getriebemoment>200</max_Getriebemoment>
    <MotUebersetzung>60.5</MotUebersetzung>
    <Motortraegheit>4.6</Motortraegheit>
    <kt>0</kt>
    <Datum>2010-12-01T00:00:00+01:00</Datum>
  </Roboter_Handachsen>
  <Roboter_Motorbestueckung>
    <Roboter_MotorbestueckungID>295</Roboter_MotorbestueckungID>
    <MotorbestueckungID>110</MotorbestueckungID>
    <RoboterID>259</RoboterID>
    <Datum>2010-12-01T14:17:32+01:00</Datum>
  </Roboter_Motorbestueckung>
</LdeDataSet>