<?xml version="1.0" encoding="UTF-8"?>
<CF xmlns:xsi="http://www.w3.org/2001/XMLSchema-instance" xsi:noNamespaceSchemaLocation="/Roboter/Config/System/Common/Schemes/CF.xsd">
    <Version Label="" >
        <Info Version="KUKA V8.3" />
        <Schema Version="2" />
    </Version>
    <ControllerFrameworks>
        <ControllerFramework CPUAffinity="1" BusID="ECAT-CTRLBUS">
            <Module ModuleType="CFCore">
               <Cyclic OffsetSyncToAT="-1" OffsetDataFromAT="4" />
               <Component TaskFreq="8000" ConfigFile="Mada/CFCore.xml" TaskPrio="5" />
               <Dispatcher TaskFreq="8000" ConfigFile="" TaskPrio="10" />
            </Module>
            <Module ModuleType="EtherCATAgent">
               <Cyclic OffsetSyncToAT="-1" OffsetDataFromAT="4" />
               <Component TaskFreq="8000" ConfigFile="EtherCATAgentConfig.xml" TaskPrio="6" />
               <EA TaskFreq="8000" ConfigFile="" TaskPrio="11" Inline="false" />
            </Module>
        </ControllerFramework>
    </ControllerFrameworks>
</CF> 
