<?xml version="1.0" encoding="UTF-8"?>
<!--/Roboter/Config/System/Common/-->
<NGShared xmlns:xsi="http://www.w3.org/2001/XMLSchema-instance" xsi:noNamespaceSchemaLocation="/Roboter/Config/System/Common/Schemes/NGSharedO.xsd">
	<Version Label="">
		<Info Version="KUKA V8.3"/>
		<Schema Version="1"/>
	</Version>
	<Behaviour>
		<FuturePool FutureInstanceCount="128"/>
		<Trace Enabled="true" TaskFrequency="8000" TaskPriority="200"/>
		<PerfTimers ConfigFile="NGPerfTimerConfig.xml"/>
	</Behaviour>
	<Scheduler TimerSource="DCMHW" CPUMask="2" MainSchedulerCPUIndex="1" AllwaysUsePrimaryTimerSource="true" StackSize="65536" />
	<Monitoring>
		<Timestamp>
			<!-- 0.1 * 1e9 / 4000 ns -->
			<TimestampThreshold TimestampType="TIMESTAMP_ISR_START" Type="ABS" Value="25000"/>
			<!-- 0.13 * 1e9 / 4000 ns -->
			<TimestampThreshold TimestampType="TIMESTAMP_CYCLE_START" Type="ABS" Value="32500"/>
			<!-- fraction of cycle time -->
			<TimestampThreshold TimestampType="TIMESTAMP_ECAT_T1_SEND" Type="REL" Value="0.5"/>
			<!-- fraction of cycle time -->
			<TimestampThreshold TimestampType="TIMESTAMP_CYCLE_END" Type="REL" Value="0.9"/>
		</Timestamp>
	</Monitoring>
	<DeviceMapping>
		<BusConfig>
			<EtherCAT BusId="ECAT-CTRLBUS" ConfigFile="ecatms_config.xml"/>
		</BusConfig>
		<DeviceTypes>
			<DeviceType Name="RDC" VendorId="24776" ProductCode="48"/>
			<DeviceType Name="CIB" VendorId="24776" ProductCode="1"/>
         <DeviceType Name="CIBsr" VendorId="24776" ProductCode="3"/>
         <DeviceType Name="PDS1" VendorId="24776" ProductCode="13"/>
         <DeviceType Name="PDS2" VendorId="24776" ProductCode="18"/>
		</DeviceTypes>
	</DeviceMapping>
	<PersistService>
		<Persisters>
         <FoEPersister Name="RDC" ID="0" DeviceType="RDC" BusId="ECAT-CTRLBUS" Occurrence="3"/>
         <FoEPersister Name="RDC" ID="0" DeviceType="RDC" BusId="ECAT-CTRLBUS" Occurrence="2"/>
         <FoEPersister Name="RDC" ID="0" DeviceType="RDC" BusId="ECAT-CTRLBUS" Occurrence="1"/>
			<FoEPersister Name="RDC" ID="0" DeviceType="RDC" BusId="ECAT-CTRLBUS" Occurrence="0"/>
			<FoEPersister Name="CIB" ID="0" DeviceType="CIB" BusId="ECAT-CTRLBUS" Occurrence="0"/>
         <FoEPersister Name="CIB" ID="0" DeviceType="CIBsr" BusId="ECAT-CTRLBUS" Occurrence="0"/>
			<FilePersister Name="PC" ID="100" DefaultPath="/Roboter/Config/User/Common/PersistPC"/>
		</Persisters>
	</PersistService>
	<Drivers>
		<CyclicDrivers TaskFrequency="10" TaskPriority="201" TaskAffinityIndex="1" IntraSchedulerTask="true">
			<ThreadPool ThreadCount="1" TaskPriorityLevel="1" StackSize="32768" TaskAffinityIndex="0"/>
			<DeviceDiagnostic FilePath="/Roboter/Log" PreserveFileCount="5" TargetMask="7" EntryCountThreshold="50"/>
			<DriverEntry ID="5000" CycleTime="0.5" CycleOffset="0" DeviceType="RDC" BusId="ECAT-CTRLBUS"/>
			<DriverEntry ID="5001" CycleTime="0.5" CycleOffset="0" DeviceType="PDS1" BusId="ECAT-CTRLBUS"/>
         <DriverEntry ID="5001" CycleTime="0.5" CycleOffset="0" DeviceType="PDS2" BusId="ECAT-CTRLBUS"/>
		</CyclicDrivers>
	</Drivers>
</NGShared>
