<?xml version="1.0" encoding="utf-8"?>
<PnioCfg xsi:noNamespaceSchemaLocation="/ROBOTER/Config/System/Common/Schemes/bas_cm_api.xsd" xmlns:xsi="http://www.w3.org/2001/XMLSchema-instance">
	<Section name="[SYSTEM]">
		<Entry name="Module[0x36]" value="LLDP"/>
		<Entry name="Module[0x50]" value="CTM"/>
		<Entry name="Module[0x51]" value="IOAR"/>
		<Entry name="Module[0x52]" value="RPC"/>
		<Entry name="Module[0x53]" value="CMCTL"/>
		<Entry name="Module[0x55]" value="CMDEV"/>
		<Entry name="Module[0x57]" value="DCP_ARP"/>
		<Entry name="Module[0x71]" value="PN"/>
		<Entry name="Module[0x72]" value="PNDIAG"/>
		<Entry name="TimerTaskPrio" value="20"/>
		<Entry name="TimerTaskStackSize" value="4096"/>
		<Entry name="MhTimeoutDetectionTaskPrio" value="250"/>
		<Entry name="MhManAccessTimeout" value="500"/>
		<Entry name="MhMsgqAccessTimeout" value="500"/>
		<Entry name="MhClntConnAccessTimeout" value="500"/>
		<Entry name="DefaultStackSize" value="51200"/>
		<Entry name="EnableFPCPSupport" value="1"/>
		<Entry name="EnableDCPSetIPStatus" value="0"/>
	</Section>
	<Section name="[LLDP]">
		<Entry name="MainTaskPrio" value="173"/>
		<Entry name="MsgDispTaskPrio" value="173"/>
        <Entry name="TimerTaskPrio" value="235"/>
        <Entry name="AgingTaskPrio" value="236"/>
        <Entry name="SendTaskPrio" value="240"/>
        <Entry name="ReceiveTaskPrio" value="240"/>
    </Section>
	<Section name="[CTM]">
		<Entry name="MsgDispTaskPrio" value="173"/>
		<Entry name="VendorID" value="411"/>
		<Entry name="DeviceID" value="768"/>
		<Entry name="DeviceType" value="KRC4-ProfiNet_3.2"/>
		<Entry name="SHMSizeIn" value="0x10000"/>
		<Entry name="SHMSizeOut" value="0x10000"/>
		<Entry name="MinFrameID" value="0x9000"/>
		<Entry name="MaxFrameID" value="0xEFFF"/>
		<Entry name="NBHInfoFileSupport" value="0"/>
		<Entry name="PnioIpAdapter" value="1"/>

	</Section>
	<Section name="[IOAR]">
		<Entry name="MsgDispTaskPrio" value="173"/>
		<Entry name="AlarmSendTaskPrio" value="171"/>
		<Entry name="AlarmReceiveTaskPrio" value="172"/>
		<Entry name="ConsTimerCheckTaskPrio" value="15"/>
		<Entry name="L2TransmitTaskPrio" value="13"/>
		<Entry name="L2SynchronizedTransmit" value="0"/>
		<Entry name="L2ReceiveTaskPrio" value="0"/>
		<Entry name="L2ReceiveTaskName" value="0"/>
		<Entry name="ByteOrder" value="0"/>
		<Entry name="SendClockFactor" value="32"/>
	</Section>
	<Section name="[RPC]">
		<Entry name="MsgDispTaskPrio" value="173"/>
		<Entry name="ClientCallTaskPrio" value="176"/>
		<Entry name="ServerCallTaskPrio" value="177"/>
		<Entry name="EpmapReceiveTaskPrio" value="174"/>
		<Entry name="DynPortReceiveTaskPrio" value="174"/>
		<Entry name="LocalServerEpmap" value="34964"/>
		<Entry name="MaxIFCount" value="10"/>
		<Entry name="MaxObjectCount" value="10"/>
		<Entry name="MaxCalls" value="10"/>
		<Entry name="MaxCallsImpl" value="2"/>
		<Entry name="MaxDataLength" value="4096"/>
		<Entry name="GenNewUuid" value="0"/>
	</Section>
	<Section name="[CMCTL]">
		<Entry name="MainTaskPrio" value="173"/>
		<Entry name="MsgDispTaskPrio" value="173"/>
		<Entry name="MainTaskStackSize" value="50000"/>
		<Entry name="StateMachineTaskPrio" value="173"/>
		<Entry name="StateMachineTaskStackSize" value="50000"/>
		<Entry name="StateMachineTaskCycle" value="10"/>
		<Entry name="RpcServerTaskPrio" value="175"/>
		<Entry name="ARCountMax" value="64"/>
		<Entry name="NRPMDelay" value="1000"/>
		<Entry name="MaxNumOfParNRPMs" value="5"/>
		<Entry name="ARPTimeout" value="2000"/>
		<Entry name="DCPTimeout" value="500"/>
		<Entry name="IdentBurstDelay" value="1"/>
		<Entry name="AutoNoSAssignmentMode" value="1"/>
	</Section>
	<Section name="[CMDEV]">
		<Entry name="MainTaskPrio" value="173"/>
		<Entry name="MsgDispTaskPrio" value="173"/>
		<Entry name="RpcServerTaskPrio" value="175"/>
		<Entry name="StateMachineTaskPrio" value="177"/>
		<Entry name="StateMachineTaskCycle" value="1"/>
		<Entry name="ARCountMax" value="2"/>
		<Entry name="MaxNumAPI" value="1"/>
		<Entry name="MaxNumSlots" value="10"/>
		<Entry name="MaxNumSubslots" value="32769"/>
		<Entry name="SHMSizeIn" value="0x10000"/>
		<Entry name="SHMSizeOut" value="0x10000"/>
		<Entry name="MinFrameID" value="0x8000"/>
		<Entry name="MaxFrameID" value="0xBBFF"/>
		<Entry name="MinDeviceInterval" value="1"/>
		<Entry name="PnioIpAdapter" value="1"/>
		<Entry name="AddParameters" value="0"/>
	</Section>
	<Section name="[DCP_ARP]">
		<Entry name="MsgDispTaskPrio" value="173"/>
		<Entry name="DcpTimerTaskPrio" value="250"/>
		<Entry name="ArpReceiveTaskPrio" value="179"/>
		<Entry name="DcpReceiveTaskPrio" value="178"/>
		<Entry name="ResponseDelay" value="100"/>
		<Entry name="ClientHoldTime" value="3"/>
		<Entry name="ForceQuickResponseSetIP" value="0"/>
	</Section>
	<Section name="[PN]">
		<Entry name="InitTaskPrio" value="185"/>
		<Entry name="MsgDispTaskPrio" value="173"/>
		<Entry name="IndMsgDispPrio" value="173"/>
		<Entry name="RdWrCnfMsgDispPrio" value="250"/>
		<Entry name="AlarmMsgDispPrio" value="173"/>
		<Entry name="DcpArpCnfMsgDispPrio" value="250"/>
	</Section>
	<Section name="[PNDIAG]">
		<Entry name="MainTaskPrio" value="173"/>
		<Entry name="MsgDispTaskPrio" value="173"/>
		<Entry name="MaxInstances" value="10"/>
		<Entry name="MaxAPI" value="10"/>
		<Entry name="MaxSlots" value="10"/>
		<Entry name="MaxSubslots" value="20"/>
		<Entry name="MaxChannels" value="20"/>
		<Entry name="MaxDiagEntries" value="50"/>
		<Entry name="MaxDataLength" value="8192"/>
	</Section>
	<Section name="[MUX]">
		<Entry name="L2DriverName" value="virtual"/>
		<Entry name="L2DriverUnitNo" value="5"/>
	</Section>
</PnioCfg>