<?xml version="1.0" encoding="UTF-8"?>
<Diagnose xmlns:xsi="http://www.w3.org/2001/XMLSchema-instance" xsi:noNamespaceSchemaLocation="/Roboter/Config/System/Common/Schemes/Diagnose.xsd">
	<Version Label="">
		<Info Version="KUKA V8.3"/>
		<Schema Version="1"/>
	</Version>
	<Config>
		<!-- Priority des Diagnose Threads -->
		<ThreadPriority>185</ThreadPriority>
		<!-- Priority des Diagnose Soap Threads -->
		<ThreadPrioritySoap>185</ThreadPrioritySoap>
		<!-- Default UpdateRate des DiagnoseManager -->
		<DefaultUpdateRate>1000</DefaultUpdateRate>
		<!-- Maximum of Diag messages in Queue -->
		<MaximumDiagnoseMessages>300</MaximumDiagnoseMessages>
		<!--Maximum Command messages in Queue -->
		<MaximumCommandMessages>50</MaximumCommandMessages>
      <!-- Portnummer auf der gSOAP horcht -->
      <SoapPort>54205</SoapPort>
	</Config>
</Diagnose>
