<?xml version="1.0" encoding="UTF-8"?>
<EcatDiagCmd xmlns:xsi="http://www.w3.org/2001/XMLSchema-instance" xsi:noNamespaceSchemaLocation="/Roboter/Config/System/Common/Schemes/EcatDiagCmd.xsd">
   <Version Label="EcatDiagCmd V1.0">
      <Info Version="KUKA V8.3"/>
      <Schema Version="1"/> 
   </Version>
   <Slave SlaveName="KCP">
      <DiagJob Name="Device-Name                    " Type="string" ObjIndex="0x1008" ObjSubIndex="0" />
      <DiagJob Name="HW-Version                     " Type="string" ObjIndex="0x1009" ObjSubIndex="0" />
      <DiagJob Name="SW-Version                     " Type="string" ObjIndex="0x100A" ObjSubIndex="0" />
      <DiagJob Name="Revision                       " Type="uint32" ObjIndex="0x1018" ObjSubIndex="3" />
      <DiagJob Name="Seriennummer                   " Type="uint32" ObjIndex="0x1018" ObjSubIndex="4" />                                            
      <DiagJob Name="FSOE Slave Adress              " Type="int16hex" ObjIndex="0x2004" ObjSubIndex="1" />
      <DiagJob Name="FSOE State                     " Type="int8hex" ObjIndex="0x2004" ObjSubIndex="2" />
      <DiagJob Name="FSOE Error Code                " Type="int8hex" ObjIndex="0x2004" ObjSubIndex="3" />
      <DiagJob Name="FSoE Slave Address aus addr.dat" Type="int16hex" ObjIndex="0x2005" ObjSubIndex="7" />    
      <DiagJob Name="Error: Actual Error Code       " Type="int16hex" ObjIndex="0x2008" ObjSubIndex="1" />
      <DiagJob Name="Error: Last Error Code         " Type="int16hex" ObjIndex="0x2008" ObjSubIndex="2" />
      <DiagJob Name="Temp. Kanal A        (K)       " Type="uint16" ObjIndex="0x2009" ObjSubIndex="1" />
      <DiagJob Name="Embedded Hardware Version      " Type="string" ObjIndex="0x2FFD" ObjSubIndex="0" />
      <DiagJob Name="FW Bootloader A                " Type="int16hex" ObjIndex="0x2FFF" ObjSubIndex="1" />
      <DiagJob Name="FW Applikation A               " Type="int16hex" ObjIndex="0x2FFF" ObjSubIndex="2" />
      <DiagJob Name="FW Bootloader B                " Type="int16hex" ObjIndex="0x2FFF" ObjSubIndex="3" />
      <DiagJob Name="FW Applikation B               " Type="int16hex" ObjIndex="0x2FFF" ObjSubIndex="4" />
    </Slave>
    <Slave SlaveName="SION-KCP">
      <DiagJob Name="Device-Name                    " Type="string" ObjIndex="0x1008" ObjSubIndex="0" />
      <DiagJob Name="HW-Version                     " Type="string" ObjIndex="0x1009" ObjSubIndex="0" />
      <DiagJob Name="SW-Version                     " Type="string" ObjIndex="0x100A" ObjSubIndex="0" />
      <DiagJob Name="Revision                       " Type="uint32" ObjIndex="0x1018" ObjSubIndex="3" />
      <DiagJob Name="Seriennummer                   " Type="uint32" ObjIndex="0x1018" ObjSubIndex="4" />                                                    
      <DiagJob Name="FSOE Slave Adress              " Type="int16hex" ObjIndex="0x2004" ObjSubIndex="1" />
      <DiagJob Name="FSOE State                     " Type="int8hex" ObjIndex="0x2004" ObjSubIndex="2" />
      <DiagJob Name="FSOE Error Code                " Type="int8hex" ObjIndex="0x2004" ObjSubIndex="3" />
      <DiagJob Name="FSoE Slave Address aus addr.dat" Type="int16hex" ObjIndex="0x2005" ObjSubIndex="7" />   
      <DiagJob Name="Error: Actual Error Code       " Type="int16hex" ObjIndex="0x2008" ObjSubIndex="1" />
      <DiagJob Name="Error: Last Error Code         " Type="int16hex" ObjIndex="0x2008" ObjSubIndex="2" />
      <DiagJob Name="Temp. Kanal A        (K)       " Type="uint16" ObjIndex="0x2009" ObjSubIndex="1" />
      <DiagJob Name="Embedded Hardware Version      " Type="string" ObjIndex="0x2FFD" ObjSubIndex="0" />
      <DiagJob Name="FW Bootloader A                " Type="int16hex" ObjIndex="0x2FFF" ObjSubIndex="1" />
      <DiagJob Name="FW Applikation A               " Type="int16hex" ObjIndex="0x2FFF" ObjSubIndex="2" />
      <DiagJob Name="FW Bootloader B                " Type="int16hex" ObjIndex="0x2FFF" ObjSubIndex="3" />
      <DiagJob Name="FW Applikation B               " Type="int16hex" ObjIndex="0x2FFF" ObjSubIndex="4" />
    </Slave>
</EcatDiagCmd>
