<?xml version="1.0" encoding="UTF-8"?>
<EcatFwUpdate xsi:noNamespaceSchemaLocation="/Roboter/Config/System/Common/Schemes/EtherCatFwUpdate.xsd" xmlns:xsi="http://www.w3.org/2001/XMLSchema-instance">
   <Version Label="EcatFwUpdate V1.0">
      <Info Version="KUKA V8.3"/>
      <Schema Version="08020000"/>
   </Version>
   <SystemOptions BootstrapTimeout_ms="6000" 
                  FoEDownloadTimeout_ms="50000" 
                  InitTimeout_ms="15000" 
                  UpdateSumTimeLimit_ms="90000" 
                  VerifyByFoEUpload="false" 
                  VerifyByEEpromRead="false"/>
   <ECAT-Devices>
      <Device Vendor-Name="KUKA Roboter GmbH"
              Vendor-Id="0x60C8"
              Product-Name="CIB"
              Product-Code="0x1">
              <CompatibleVersions>
                 <Revision Rev="0x00000001" MajorPart="0xFFFF0000"/>
              </CompatibleVersions>
      </Device> 
      
      <Device Vendor-Name="KUKA Roboter GmbH"
              Vendor-Id="0x60C8"
              Product-Name="CIB-SR"
              Product-Code="0x3">
              <CompatibleVersions>
                 <Revision Rev="0x00000000" MajorPart="0xFFFF0000"/>
              </CompatibleVersions>
      </Device> 
              
      <Device Vendor-Name="KUKA Roboter GmbH" 
              Vendor-Id="0x000060C8" 
              Product-Name="RDC"
              Product-Code="0x00000030">
              <CompatibleVersions>
                 <Revision Rev="0x00000000" MajorPart="0xFFFF0000" />
              </CompatibleVersions>
      </Device> 

      <Device Vendor-Name="KUKA Roboter GmbH"
              Vendor-Id="0x60C8"
              Product-Name="KPP0"
              Product-Code="0x50">
              <CompatibleVersions>
                 <Revision Rev="0x00030008" MajorPart="0xFFFF0000" />
              </CompatibleVersions>
      </Device>
      
      <Device Vendor-Name="KUKA Roboter GmbH"
              Vendor-Id="0x60C8"
              Product-Name="KPP1"
              Product-Code="0x51">
              <CompatibleVersions>
                 <Revision Rev="0x00030008" MajorPart="0xFFFF0000" />
              </CompatibleVersions>
      </Device>

      <Device Vendor-Name="KUKA Roboter GmbH"
              Vendor-Id="0x60C8"
              Product-Name="KPP2"
              Product-Code="0x52">
              <CompatibleVersions>
                 <Revision Rev="0x00030008" MajorPart="0xFFFF0000" />
              </CompatibleVersions>
      </Device>

      <Device Vendor-Name="KUKA Roboter GmbH"
              Vendor-Id="0x60C8"
              Product-Name="KSP"
              Product-Code="0x53">
              <CompatibleVersions>
                 <Revision Rev="0x00030008" MajorPart="0xFFFF0000" />
              </CompatibleVersions>
      </Device>

      <Device Vendor-Name="KUKA Roboter GmbH"
              Vendor-Id="0x60C8"
              Product-Name="PDS"
              Product-Code="0x12">
              <CompatibleVersions>
                 <Revision Rev="0x00000000" MajorPart="0xFFFF0000" />
              </CompatibleVersions>
      </Device>

      <Device Vendor-Name="KUKA Roboter GmbH"
              Vendor-Id="0x60C8"
              Product-Name="KPPsr"
              Product-Code="0x3D">
              <CompatibleVersions>
                 <Revision Rev="0x00010000" MajorPart="0xFFFF0000" />
              </CompatibleVersions>
      </Device>

      <Device Vendor-Name="KUKA Roboter GmbH"
              Vendor-Id="0x60C8"
              Product-Name="KSPsr"
              Product-Code="0x3C">
              <CompatibleVersions>
                 <Revision Rev="0x00010000" MajorPart="0xFFFF0000" />
              </CompatibleVersions>
      </Device>

   </ECAT-Devices>
</EcatFwUpdate>
