<?xml version="1.0" encoding="UTF-8"?>
<EcatWrapper xsi:noNamespaceSchemaLocation="/Roboter/Config/System/Common/Schemes/EtherCATWrapper.xsd" xmlns:xsi="http://www.w3.org/2001/XMLSchema-instance">
   <Version Label="EtherCATWrapper V1.0">
      <Info Version="KUKA V8.3"/>
      <Schema Version="1"/>
   </Version>
   <EtherCAT
      NetDevice="virtual1" 
      UseNativeLayer="false"
      VLanID="6"
      ConfigFile="ecatms_sys_X42_config.xml" >      
      <Cycle 
         TimerTaskPriority="15"
         SlaveMultiplier="2"
         BusLockTO="1" >
         <Scheduling Mode="SysMgrSched" CycleMs="6" Offset="0" />    
      </Cycle>
      <Behavior
         ExternalTrigger="false"
         DistributedClock="false"
         RestartMode = "kcp"
         MultiFrameLossLimit = "10"
         MultiCycCmdWkcErrLimit = "0"
         CheckKSB="true"
         FirmwareUpdateMode="off" />
      <TaskSettings
         CpuAffinity="1"
         ClkTaskPrio="9"
         InitTaskPrio="30" />
      <Timeout
         EcatCmdTimeout="125"
         EcatCmdMaxRetries="10"
         CoeTimeout="100"
         EoeTimeout="100"
         FoeTimeout="100"
         FoeBusyTimeout="250" />
      <Queue
         MaxSentQueuedFramesPerCyc="4"
         MaxQueuedEthFrames="127"
         MaxSlaveCmdPerFrame="0"
         MaxQueuedCoeSlaves="10"
         MaxQueuedCoeCmds="30" />
      <MasterStackDebug
         ErrorMsgToLinkLayer="0"
         BaseClockDebugLevel="0"
         MasterControlStateChangeDebugLevel="0"
         MasterEnhModuleDebugLevel="0"
         HotConnectDebugLevel="0"
         StateChangeDbgSlaveID="0"
         StateChangeDebugLevel="0" />
      <BootInitParam
         TimeoutIsNetworkConnected="15000"
         TimeoutDoBusScan="2000"
         TimeoutSetMasterModeInit="10000"
         TimeoutRetrieveSlaveInfo="2000"
         TimeoutSetMasterModeOp="19000" 
         TimeoutSetSlaveModeBootStrap="6000" />
      <HotConnect
         AutomaticMode="true"
         BorderClose="false"
         DetectionTimeout="1000"
         TopologyChangeTimeout="2000" />
   </EtherCAT>
</EcatWrapper>
