<?xml version="1.0" encoding="UTF-8"?>
<Driver Name="Kcp3Driver" kukaVersion="1" xmlns:xsi="http://www.w3.org/2001/XMLSchema-instance" xsi:noNamespaceSchemaLocation="/Roboter/Config/System/Common/Schemes/Kcp3Drv.xsd">
	<Config>
		<StatusService>
			<Kcp3Port>54202</Kcp3Port> <!-- UDP Port auf KCP fuer StatusService -->
			<TreiberPort>54203</TreiberPort> <!-- UDP Port auf KRC fuer StatusService -->
			<MaxMessageSize>400</MaxMessageSize> <!-- Maximale messagegroesse fuer StatusService in Bytes -->
			<ThreadPriority>180</ThreadPriority> <!-- Prioritaet des StatusService -->
		</StatusService>
		<IpService>
			<Ethernettype>28677</Ethernettype>  <!-- Ethernettyp fuer IPvergabe -->
			<Ethernetdevice>virtual</Ethernetdevice> <!-- Geraet auf dem die IPvergabe laeuft -->
			<Ethernetdevicenum>3</Ethernetdevicenum> <!-- Geraetenummer fuer Ipvergabe -->
			<ServiceName>kcp3IpService</ServiceName> <!-- Name des IPvergabeservice -->
		</IpService>
		<Bus>
			<CycleTime>12</CycleTime>     <!-- Zykluszeit in ms -->
			<VrpCycleTime>100</VrpCycleTime> <!--  Zykluszeit für VRP in ms -->
			<SharedCycleTime>12</SharedCycleTime> <!-- Zykluszeit für Shared KCP in ms -->
			<DisconnectTimeout>8</DisconnectTimeout>
			<UnplugCountDown>25</UnplugCountDown> <!-- Zeit zwischen Disconnect und reconnect in Sekunden -->
			<ThreadPriority>170</ThreadPriority>  <!-- Prioritaet des Busthreads -->
		</Bus>
		<CyclicServer>
			<Kcp3Port>54200</Kcp3Port>   <!-- UDP Port auf dem KCP fuer Zyklische Kommunikation -->
			<TreiberPort>54201</TreiberPort> <!-- UDP Port auf KRC fuer Zyklische Kommunikation -->
			<VrpPort>54211</VrpPort> <!--  Udp Port auf VRP steuerungsseite -->
			<VrpTreiberPort>54210</VrpTreiberPort> <!-- Udp Port auf KRC für VRP steuerungsseite -->
			<VrpCtrlPort>54213</VrpCtrlPort> <!-- UdpPort auf VRP -->
			<VrpCtrlTreiberPort>54212</VrpCtrlTreiberPort> <!-- Udp Port auf KRC für VRP -->
			<SharedClientPort>54214</SharedClientPort> <!-- Udp Port für Shared KCP Client -->
			<SharedServerPort>54215</SharedServerPort> <!-- Udp Port für Shared KCP Server -->
			<ThreadPriority>170</ThreadPriority> <!-- Prioritaet des Zyklischen Threads -->
		</CyclicServer>
		<Broadcasts>
		    <MaxMessageSize>120</MaxMessageSize>
		    <BroadcastSendPort>54216</BroadcastSendPort>
		    <BroadcastReceivePort>54217</BroadcastReceivePort>
		    <ThreadPriority>170</ThreadPriority>
		    <BroadcastTimeout>70</BroadcastTimeout>
		</Broadcasts>
		<OneKCP>
		    <SendPort> 54218 </SendPort>
		    <ReceivePort> 54219 </ReceivePort>
		    <TxPriority> 181 </TxPriority>
		    <RxPriority> 181 </RxPriority>
		</OneKCP>
		<Datapacket>                         <!-- Beschreibung Datenpacket zwischen KCP und KRC -->
			<StdHeader>
				<ByteSize> 4 </ByteSize>
			</StdHeader>
			<Header>
				<ByteSize> 16 </ByteSize>
			</Header>
			<Buttons>
				<ByteSize> 11 </ByteSize>
			</Buttons>
			<Analog>
				<ByteSize> 16 </ByteSize>
			</Analog>
			<Meta>
				<ByteSize> 10 </ByteSize>
			</Meta>
			<Async>
				<Num> 10 </Num>
				<ByteSize> 4 </ByteSize>
			</Async>
		</Datapacket>
		<ProcessImage>                 <!-- Beschreibung Bits im Prozessabbild -->
			<CtrlBlk>
			   <CtrlVersion>1</CtrlVersion>
				<ByteSize>26</ByteSize>
				<CtrlInputOffset>0</CtrlInputOffset>
				<CtrlVersionOffset>0</CtrlVersionOffset>
				<CtrlKCPBANewOffset>2</CtrlKCPBANewOffset>
			   <CtrlVRPBANewOffset>13</CtrlVRPBANewOffset>
         	<CtrlAnswBANewOffset>2</CtrlAnswBANewOffset>
         	<CtrlConnectionChain>3</CtrlConnectionChain>
         	<CtrlCurrentConnectionChain>3</CtrlCurrentConnectionChain>
				<CtrlOutputOffset>14</CtrlOutputOffset>
				<ValidKCP bitOffset="8"/>
				<ValidVRP bitOffset="96"/>
            <KCPActive bitOffset="9"/>
            <VRPActive bitOffset="97"/>
            <VRPConfirm bitOffset="98"/>
            <RemoteConnect bitOffset="10"/>
            <AckRemoteConnectFailed bitOffset="11"/>
            <SSB bitOffset="12"/>
            <AckKcpActiv bitOffset="0"/>
            <RemoteConnected bitOffset="1"/>
            <RemoteConnectFailed bitOffset="2"/>
            <AckVrpActiv bitOffset="88"/>
			</CtrlBlk>
		</ProcessImage>
      <SpaceMaus>             <!-- Konfigurationsdaten fuer Spacemouse -->
         <Nullradius1>100</Nullradius1>
         <Nullradius2>100</Nullradius2>
         <Nullradius3>100</Nullradius3>
         <Nullradius4>100</Nullradius4>
         <Nullradius5>100</Nullradius5>
         <Nullradius6>100</Nullradius6>         
         <ErrorLimit1>20</ErrorLimit1>
         <ErrorLimit2>20</ErrorLimit2>
         <ErrorLimit3>20</ErrorLimit3>
         <ErrorLimit4>20</ErrorLimit4>
         <ErrorLimit5>20</ErrorLimit5>
         <ErrorLimit6>20</ErrorLimit6>
      </SpaceMaus>
	</Config>
</Driver>