<?xml version="1.0" encoding="UTF-8"?>
<!--*******************************************************************    			-->
<!--                                                                       							-->
<!--Kernel System  KCP3-Application                                          				-->
<!--                                                                       							-->
<!--Filename:    KRC_KCP3.xml                                               				-->
<!--                                                                       							-->
<!--Copyright (C) 2007 KUKA Controls GmbH -  Alle Rechte vorbehalten -->
<!--*******************************************************************    			-->
<!--                                                                       							-->
<!--Description: KCP3 application configuration                              			-->
<!--                                                                       							-->
<!--*******************************************************************    			-->
<!--{{[CL]                                                                 							-->
<!--                                                                       							-->
<!--*******************************************************************    			-->
<!--                                                                       							-->
<!-- When          Programmer          Reviewer                              			-->
<!--                   What                                                   						-->
<!-- - - - - -        - - - - -                    - - - -                    			  		   -->
<!-- 1.12.2007   Wenger           none                    							                  -->
<!--                  Creation                                                                  -->
<!-- 04.07.2008  Wenger                                                                         -->
<!--                  Fixe CtrlBlock Größe                                                                          -->
<!--*******************************************************************    			-->
<!--[CL]}}                                                                 							-->
<!--EndOfHeader-->
<Application kukaVersion="1" xmlns:xsi="http://www.w3.org/2001/XMLSchema-instance" xsi:noNamespaceSchemaLocation="/Roboter/Config/System/Common/Schemes/KRC_KCP3.xsd">
	<!--*** KRC_KCP3.xml ***-->
	<ProcessData>
		<Driver name="Kcp3Driver" instance="KCP3"/>
		<CtrlBlk>
			<ByteSize>26</ByteSize>
		</CtrlBlk>
		<Buttons>
			<ByteSize> 11</ByteSize>
		</Buttons>
		<Analog>
			<ByteSize> 16</ByteSize>
		</Analog>
		<Meta>
			<ByteSize>10 </ByteSize>
		</Meta>
		<KCPValidOffset> 8 </KCPValidOffset>
		<VRPValidOffset> 96 </VRPValidOffset>
	</ProcessData>
	<Map>
		<SafBase>0</SafBase>
		<DigBase>20</DigBase>
		<SofBase>62</SofBase>
		<SafMap>
			<Emergency>0</Emergency>
			<Edit>1</Edit>
			<Conf1>2</Conf1>
			<Panic1>3</Panic1>
			<Conf2>4</Conf2>
			<Panic2>5</Panic2>
			<Conf3>6</Conf3>
			<Panic3>7</Panic3>
         <Disconnect>8</Disconnect>
		</SafMap>
		<DigMap>
			<Left>0</Left>
			<Stop>1</Stop>
			<Right>2</Right>
			<Esc>3</Esc>
			<Menu1>4</Menu1>
			<Menu2>5</Menu2>
			<Menu3>6</Menu3>
			<Menu4>7</Menu4>
			<Start>8</Start>
			<Keyboard>9</Keyboard>
			<Neg1>10</Neg1>
			<Pos1>11</Pos1>
			<Neg2>12</Neg2>
			<Pos2>13</Pos2>
			<Neg3>14</Neg3>
			<Pos3>15</Pos3>
			<Neg4>16</Neg4>
			<Pos4>17</Pos4>
			<Neg5>18</Neg5>
			<Pos5>19</Pos5>
			<Neg6>20</Neg6>
			<Pos6>21</Pos6>
			<Neg7>22</Neg7>
			<Pos7>23</Pos7>
			<Neg8>24</Neg8>
			<Pos8>25</Pos8>
			<Menu>26</Menu>
		</DigMap>
		<SofMap>
			<DrivesOn>1</DrivesOn>
			<DrivesOff>2</DrivesOff>
		</SofMap>
	</Map>
</Application>
