<?xml version="1.0" encoding="UTF-8"?>
<KrcSysConfig xsi:noNamespaceSchemaLocation="/Roboter/Config/System/Common/Schemes/KrcSysConfig.xsd" xmlns:xsi="http://www.w3.org/2001/XMLSchema-instance">
  <Version Label="">
    <Info Version="KUKA V8.3"/>
    <Schema Version="1"/>
  </Version>

  <!-- Names of the system-variables for which the CHANGED Bit should be  -->
  <!-- checked in case of a setInfo                                       -->
  <!-- For all other system-variables the CHANGED Bit will not be checked -->
  <ChangedBitSysVar Name="$PRO_ACT" />
  <ChangedBitSysVar Name="$KDO_ACT" />
  <ChangedBitSysVar Name="$PRO_STATE" />
  <ChangedBitSysVar Name="$PRO_STATE0" />
  <ChangedBitSysVar Name="$PRO_STATE1" />
  <ChangedBitSysVar Name="$OV_PRO" />
  <ChangedBitSysVar Name="$OV_PRO1" />
  <ChangedBitSysVar Name="$OV_JOG" />

</KrcSysConfig>
