<?xml version="1.0" encoding="UTF-8"?>
<KagaConfig xmlns:xsi="http://www.w3.org/2001/XMLSchema-instance" xsi:noNamespaceSchemaLocation="/Roboter/Config/System/Common/Schemes/KagaConfig.xsd">
   <Version Label="">
      <Info Version="KUKA V8.3"/>
      <Schema Version="1"/>
   </Version>
   <BusConfig isActive="true" Id="NETWORK_CONFIG_SYSTEMBUS">
   <PhysicalNetworkDevice Priority="11" HibernateSupport="true">
      <IfConfig Name="unused" Unit="0" IpConfigType="noIp" Ip="none" Netmask="none"/>
      <VirtualNetworkDevice>
         <IfConfig Name="SYS-X44" Unit="0" IpConfigType="noIp" Ip="none" Netmask="ffff0000"/>
         <Queue Priority="48" Resources="100">
            <Filter String="VLAN5"/>
         </Queue>
      </VirtualNetworkDevice>
      <VirtualNetworkDevice>
         <IfConfig Name="SYS-X42" Unit="1" IpConfigType="noIp" Ip="none" Netmask="ffff0000"/>
         <Queue Priority="50" Resources="100">
            <Filter String="VLAN6"/>
         </Queue>
      </VirtualNetworkDevice>
      <VirtualNetworkDevice>
         <IfConfig Name="SYS-X48" Unit="2" IpConfigType="noIp" Ip="none" Netmask="ffff0000"/>
         <Queue Priority="52" Resources="100">
            <Filter String="VLAN7"/>
         </Queue>
      </VirtualNetworkDevice>
      <VirtualNetworkDevice>
         <IfConfig Name="SYS-RT" Unit="3" IpConfigType="LwipStatic" Ip="LOCAL_IF_KSB" Netmask="ffff0000"/>
         <Queue Priority="120" Resources="100">
            <Filter String="KCP"/>
            <Filter String="Ip"/>
         </Queue>
      </VirtualNetworkDevice>
      <VirtualNetworkDevice>
         <IfConfig Name="Service" Unit="10" IpConfigType="IpnetStatic" Ip="LOCAL_IF_SERVICE" Netmask="ffffff00" VLAN="43"/>
         <Queue Priority="255" Resources="50">
            <Filter String="VLAN"/>
         </Queue>
      </VirtualNetworkDevice>
      <VirtualNetworkDevice>
         <IfConfig Name="SYS-AUTO" Unit="11" IpConfigType="Auto" Ip="LOCAL_IF_AUTO" Netmask="ffffff00" VLAN="10"/>
         <Queue Priority="255" Resources="100">
            <Filter String="VLAN_IP"/>
         </Queue>
      </VirtualNetworkDevice>
      <VirtualNetworkDevice>
         <IfConfig Name="SYS-NRT" Unit="4" IpConfigType="IpnetStatic" Ip="LOCAL_IF_KSB" Netmask="ffff0000"/>
         <Queue Priority="255" Resources="100">
            <Filter String="Ip"/>
            <Filter String="Multicast"/>
         </Queue>
      </VirtualNetworkDevice>
      <VirtualNetworkDevice>
         <IfConfig Name="Fallback" Unit="12" IpConfigType="noIp" Ip="none" Netmask="ffff0000"/>
         <Queue Priority="255" Resources="100">
            <Filter String="AcceptAll"/>
         </Queue>
      </VirtualNetworkDevice>
   </PhysicalNetworkDevice>
   </BusConfig>
   <NAT GlobalInterface="virtual4">
      <NATRule>map [GlobalNatInterface] [host:WINDOWS] -&gt; 0/32 portmap tcp/udp 20000:20999</NATRule>
      <NATRule>map [GlobalNatInterface] [host:WINDOWS] -&gt; 0/32 icmpidmap icmp 21000:21999</NATRule>
      <NATRule>rdr [GlobalNatInterface] [addr] port 3389 -&gt; [host:WINDOWS] port 3389 tcp</NATRule>
      <NATRule>rdr [GlobalNatInterface] [addr] port 139 -&gt; [host:WINDOWS] port 139 tcp</NATRule>
      <NATRule>rdr [GlobalNatInterface] [addr] port 445 -&gt; [host:WINDOWS] port 445 tcp/udp</NATRule>
	  <NATRule>rdr [GlobalNatInterface] [addr] port 54250 -&gt; [host:WINDOWS] port 54250 tcp</NATRule>
   </NAT>
   <NAT GlobalInterface="virtual10.43">
      <NATRule>map [GlobalNatInterface] [host:WINDOWS] -&gt; 0/32 portmap tcp/udp 22000:22999</NATRule>
      <NATRule>map [GlobalNatInterface] [host:WINDOWS] -&gt; 0/32 icmpidmap icmp 23000:23999</NATRule>
      <NATRule>rdr [GlobalNatInterface] [addr] port 3389 -&gt; [host:WINDOWS] port 3389 tcp proxy ServiceIP</NATRule>
      <NATRule>rdr [GlobalNatInterface] [addr] port 49001 -&gt; [host:WINDOWS] port 49001 tcp</NATRule>
      <NATRule>rdr [GlobalNatInterface] [addr] port 49002 -&gt; [host:WINDOWS] port 49002 tcp</NATRule>
      <NATRule>rdr [GlobalNatInterface] [addr] port 49003 -&gt; [host:WINDOWS] port 49003 tcp</NATRule>
      <NATRule>rdr [GlobalNatInterface] [addr] port 49004 -&gt; [host:WINDOWS] port 49004 tcp</NATRule>
      <NATRule>rdr [GlobalNatInterface] [addr] port 49006 -&gt; [host:WINDOWS] port 49006 tcp</NATRule>
      <NATRule>rdr [GlobalNatInterface] [addr] port 49010 -&gt; [host:WINDOWS] port 49010 tcp</NATRule>
      <NATRule>rdr [GlobalNatInterface] [addr] port 34980 -&gt; [addr] port 34980 tcp</NATRule>
      <NATRule>rdr [GlobalNatInterface] [addr] port 0 -&gt; [addr] port 0 icmp</NATRule>
      <NATRule>rdr [GlobalNatInterface] [addr] port 0 -&gt; 169.254.0.1/32 port 0 ip</NATRule>
   </NAT>
   <NAT GlobalInterface="virtual11.10">
      <NATRule>map [GlobalNatInterface] [host:SERVICENET]/24 -&gt; 0/32 portmap tcp/udp 24000:24999</NATRule>
      <NATRule>map [GlobalNatInterface] [host:SERVICENET]/24 -&gt; 0/32 icmpidmap icmp 25000:25999</NATRule>
      <NATRule>map [GlobalNatInterface] [host:WINDOWS] -&gt; 0/32 portmap tcp/udp 26000:26999</NATRule>
      <NATRule>map [GlobalNatInterface] [host:WINDOWS] -&gt; 0/32 icmpidmap icmp 27000:27999</NATRule>
      <NATRule>rdr [GlobalNatInterface] [addr] port 49001 -&gt; [host:WINDOWS] port 49001 tcp</NATRule>
      <NATRule>rdr [GlobalNatInterface] [addr] port 49002 -&gt; [host:WINDOWS] port 49002 tcp</NATRule>
      <NATRule>rdr [GlobalNatInterface] [addr] port 49003 -&gt; [host:WINDOWS] port 49003 tcp</NATRule>
      <NATRule>rdr [GlobalNatInterface] [addr] port 49004 -&gt; [host:WINDOWS] port 49004 tcp</NATRule>
      <NATRule>rdr [GlobalNatInterface] [addr] port 49006 -&gt; [host:WINDOWS] port 49006 tcp</NATRule>
      <NATRule>rdr [GlobalNatInterface] [addr] port 49010 -&gt; [host:WINDOWS] port 49010 tcp</NATRule>
      <NATRule>rdr [GlobalNatInterface] [addr] port 60811 -&gt; [addr] port 60811 udp</NATRule>
      <NATRule>rdr [GlobalNatInterface] [addr] port 0 -&gt; [addr] port 0 icmp</NATRule>
      <NATRule>rdr [GlobalNatInterface] [addr] port 0 -&gt; 169.254.0.1/32 port 0 ip</NATRule>
   </NAT>
   <BridgeInterface Name="virtual" Unit="12"/>
   <BandwidthLimits>
      <VirtualSendQueue Interface="virtual10" Bandwidth="5" Limit="3500" Timeout="30" />
      <VirtualSendQueue Interface="virtual11" Bandwidth="5" Limit="3500" Timeout="30" />
      <StackFIFO Interface="mirror0" NumElements="250"/>
   </BandwidthLimits>
</KagaConfig>