<?xml version="1.0" encoding="utf-8"?>
<LogManager xsi:noNamespaceSchemaLocation="/Roboter/Config/System/Common/Schemes/Logging.xsd" xmlns:xsi="http://www.w3.org/2001/XMLSchema-instance">
   <!-- the address of the logging viewer, also see LoggingViewer.exe.config, Window shm NIC in this case -->
   <LogClient ServerAddress="127.0.0.1" Port="1717" Tries="5"/>
   <!-- the address of the logging producer, VxWorks shm NIC in this case -->
   <LogConfigServer HostAddress="127.0.0.1" Port="1718"/>
   <!-- path and base name of log files, date/time are added automatically -->
   <LogFile Name="System" Path="Log/System" NbrFiles="10" FileSize="100000" FileFormat="putty"/>
   <LoggingOptions TelnetOutput="true" OfflineLogging="file" TaskPriority="220"/>
   <LogRegistry>
      <LoggingStrategy Strategy="PureClass"/>
      <ContextConfig>
         <DefaultContextConfig ContextLogging="enabled"/>
         <!--Context Name="tSystem" ContextLogging="enabled"/-->
         <Context Name="tSysBoot" ContextLogging="enabled"/>
      </ContextConfig>
      <ClassConfig>
         <DefaultClassConfig LogLevel="basic"/>
         <Class Name="SHELL" LogLevel="debug"/>
         <Class Name="CSystem" LogLevel="basic"/>
         <Class Name="Dispatch.Master" LogLevel="warning"/>
         <Class Name="Dispatch.Boot" LogLevel="warning"/>
         <Class Name="ConnectionBase" LogLevel="warning"/>
         <!-- Logging in OSBase -->
         <!--Class Name="CSystemSnapshot" LogLevel="warning"/-->
         <!--Class Name="SystemClock" LogLevel="warning"/-->
         <!--Class Name="kukaRamDisk" LogLevel="warning"/-->
         <!--Class Name="iosMirrorLib" LogLevel="warning"/-->
         <!-- Logging in SystemBase -->
         <!--Class Name="OSBaseAgent" LogLevel="warning"/-->
         <!-- Logging in module KRC -->
         <!--Class Name="KRC.CKRCSlideDynamicParameterSet" LogLevel="warning"/-->
         <!--Class Name="KRC.CKRCDriveParameter" LogLevel="warning"/-->
         <!--Class Name="KRC.CKRCMeasureChannels" LogLevel="warning"/-->
         <!--Class Name="KRC" LogLevel="warning"/-->
         <!--Class Name="Simu.CSimuSlideDynamicParameterSet" LogLevel="warning"/-->
         <!--Class Name="Simu.CSimuDriveParameter" LogLevel="warning"/-->
         <!--Class Name="Kcp3Driver_LOG" LogLevel ="warning"/-->
         <!--Class Name="ProConOS" LogLevel ="error"/-->
         <!--Class Name="CTrace" LogLevel="warning"/-->
         <!--Class Name="CabCtrl" LogLevel="warning"/-->
         <!--Class Name="VIODriver_LOG" LogLevel="warning"/-->
         <Class Name="DevIODriver_LOG" LogLevel="warning"/>
         <!--Class Name="DevIOApp_LOG" LogLevel="warning"/-->
         <!--Class Name="IBusDrv_LOG" LogLevel="warning"/-->
         <!--Class Name="ECatIODriver_LOG" LogLevel="warning"/-->
         <!--Class Name="PNIODriver_LOG" LogLevel="warning"/-->
		 <!--Class Name="EIPIODriver_LOG" LogLevel="warning"/-->
         <!--Class Name="KRC.NRK_INI" LogLevel="warning"/-->
         <Class Name="KRC.NRK_RUN" LogLevel="warning"/>
         <!-- Logging for Safety -->
         <!--Class Name="HnfHelper" LogLevel="warning"/-->
         <!--Class Name="Hnf1" LogLevel="warning"/-->
         <!--Class Name="Hnf2" LogLevel="warning"/-->
         <!--Class Name="CabCtrl" LogLevel="warning"/-->
         <!--Class Name="EtherCATWrapper.Factory" LogLevel="warning"/-->
         <!--Class Name="EtherCATWrapper.ECAT-CTRLBUS" LogLevel="debug"/-->
         <!--Class Name="EtherCATWrapper.SYS-X42" LogLevel="debug"/-->
         <!--Class Name="EtherCATWrapper.SYS-X44" LogLevel="debug"/-->
         <!--Class Name="EtherCATWrapper.SYS-X48" LogLevel="debug"/-->
         <Class Name="LoadDataDevice" LogLevel="info"/>
         <!--Class Name="TimeSync" LogLevel="warning"/-->
      </ClassConfig>
   </LogRegistry>
</LogManager>
