<?xml version="1.0" encoding="UTF-8"?>
<NGPerfTimerConfig xsi:noNamespaceSchemaLocation="/Roboter/Config/System/Common/Schemes/NGPerfTimerConfig.xsd" xmlns:xsi="http://www.w3.org/2001/XMLSchema-instance">
   <Version Label="1">
      <Info Version="KUKA V8.3"/>
      <Schema Version="1"/>
   </Version>
   <Timer Enabled="true">
   <!--
   <Job Time="2" Name="reset" Cyclic="-1" />
   <Job Time="4" Name="log" Cyclic="-1" />
   -->
   </Timer>
   <!--
   <PerfTimer Name="Perf.Timer.Name.1" Description="Timer1" HistogramSlotCount="0" HistogramSlotNs="1000" TraceIndex="-1"/>
   -->
</NGPerfTimerConfig>
