<?xml version="1.0" encoding="UTF-8"?>
<!-- Mit XMLSpy v2008 sp1 (http://www.altova.com) von Torsten Geiler (KUKA Roboter GmbH) bearbeitet -->
<SafetyBusDescription xmlns:xsi="http://www.w3.org/2001/XMLSchema-instance" xsi:noNamespaceSchemaLocation="SafetyBusDescription.xsd">
   <DeviceInstance Description="OwnController" VendorId="24776" ProductId="105" DeviceTypeIndex="0" DeviceId="12345678-1234-1234-1234-123456780000" SafetyId="56" AddControllerId="true"/>
   <!--Die Reihenfolge der Busse und Geräte muss im Moment exakt wie hier angegeben sein, damit der Komponententest funktioniert.-->
   <BusInstance SharedMemoryName="/KCP3" BusDriver="KCP" SystemConfigFile="Kcp3_BusConfig.xml">
      <DeviceInstance Description="KCP3 local" VendorId="24776" ProductId="4" DeviceTypeIndex="0" DeviceId="2169EE3F-7FA0-4d58-ADE6-6F4776DD3F8B"/>
   </BusInstance>
   <BusInstance SharedMemoryName="/VIO-SAF-SIG" BusDriver="VIO" SystemConfigFile="VioBus_Saf_Sig.xml">
      <DeviceInstance Description="Cabinet Control Basic" VendorId="24776" ProductId="100" DeviceTypeIndex="0" DeviceId="2169EE3F-7FA0-4d58-ADE6-6F4776DD3F8C"/>
      <DeviceInstance Description="Cabinet Control SOP" VendorId="24776" ProductId="101" DeviceTypeIndex="0" DeviceId="2169EE3F-7FA0-4dab-ADE6-6F4776DD3F8C"/>
   </BusInstance>
   <BusInstance SharedMemoryName="/ECAT-CTRLBUS" BusDriver="ECAT_WRAPPER" UserConfigFile="ecatms_config.xml">
      <DeviceInstance Description="CIB" VendorId="24776" ProductId="1" DeviceTypeIndex="0" DeviceId="F3263232-BB2E-4000-B933-E0D9FF85BB1E"/>
      <DeviceInstance Description="CIB SR" VendorId="24776" ProductId="3" DeviceTypeIndex="0" DeviceId="F3263232-BB2E-4000-B933-E0D9FF85BB1E"/>
      <DeviceInstance Description="RDC0" VendorId="24776" ProductId="48" DeviceTypeIndex="0" DeviceId="6B4A4937-BE15-4008-B10A-B1622994BBE3" SafetyId="2"/>
      <DeviceInstance Description="RDC1" VendorId="24776" ProductId="48" DeviceTypeIndex="1" DeviceId="48010000-0000-0000-0000-000000000000" SafetyId="3"/>
      <DeviceInstance Description="RDC2" VendorId="24776" ProductId="48" DeviceTypeIndex="2" DeviceId="48020000-0000-0000-0000-000000000000" SafetyId="4"/>
      <DeviceInstance Description="RDC3" VendorId="24776" ProductId="48" DeviceTypeIndex="3" DeviceId="48030000-0000-0000-0000-000000000000" SafetyId="5"/>
      <!--0-->
      <DeviceInstance Description="Lenze 0" VendorId="24776" ProductId="80" DeviceTypeIndex="0" DeviceId="6B4A4937-BE15-4008-B10A-B1622994BB00" SafetyId="1020"/>
      <DeviceInstance Description="Lenze 0" VendorId="24776" ProductId="81" DeviceTypeIndex="0" DeviceId="6B4A4937-BE15-4008-B10A-B1622994BB00" SafetyId="1020"/>
      <DeviceInstance Description="Lenze 0" VendorId="24776" ProductId="82" DeviceTypeIndex="0" DeviceId="6B4A4937-BE15-4008-B10A-B1622994BB00" SafetyId="1020"/>
      <DeviceInstance Description="Lenze 0" VendorId="24776" ProductId="83" DeviceTypeIndex="0" DeviceId="6B4A4937-BE15-4008-B10A-B1622994BB00" SafetyId="1020"/>
      <DeviceInstance Description="Lenze 0" VendorId="24776" ProductId="84" DeviceTypeIndex="0" DeviceId="6B4A4937-BE15-4008-B10A-B1622994BB00" SafetyId="1020"/>
      <!--1-->
      <DeviceInstance Description="Lenze 1" VendorId="24776" ProductId="80" DeviceTypeIndex="1" DeviceId="6B4A4937-BE15-4008-B10A-B1622994BB02" SafetyId="1021"/>
      <DeviceInstance Description="Lenze 1" VendorId="24776" ProductId="81" DeviceTypeIndex="1" DeviceId="6B4A4937-BE15-4008-B10A-B1622994BB02" SafetyId="1021"/>
      <DeviceInstance Description="Lenze 1" VendorId="24776" ProductId="82" DeviceTypeIndex="1" DeviceId="6B4A4937-BE15-4008-B10A-B1622994BB02" SafetyId="1021"/>
      <DeviceInstance Description="Lenze 1" VendorId="24776" ProductId="83" DeviceTypeIndex="1" DeviceId="6B4A4937-BE15-4008-B10A-B1622994BB02" SafetyId="1021"/>
      <DeviceInstance Description="Lenze 1" VendorId="24776" ProductId="84" DeviceTypeIndex="1" DeviceId="6B4A4937-BE15-4008-B10A-B1622994BB02" SafetyId="1021"/>
      <!--2-->
      <DeviceInstance Description="Lenze 2" VendorId="24776" ProductId="80" DeviceTypeIndex="2" DeviceId="6B4A4937-BE15-4008-B10A-B1622994BB04" SafetyId="1022"/>
      <DeviceInstance Description="Lenze 2" VendorId="24776" ProductId="81" DeviceTypeIndex="2" DeviceId="6B4A4937-BE15-4008-B10A-B1622994BB04" SafetyId="1022"/>
      <DeviceInstance Description="Lenze 2" VendorId="24776" ProductId="82" DeviceTypeIndex="2" DeviceId="6B4A4937-BE15-4008-B10A-B1622994BB04" SafetyId="1022"/>
      <DeviceInstance Description="Lenze 2" VendorId="24776" ProductId="83" DeviceTypeIndex="2" DeviceId="6B4A4937-BE15-4008-B10A-B1622994BB04" SafetyId="1022"/>
      <DeviceInstance Description="Lenze 2" VendorId="24776" ProductId="84" DeviceTypeIndex="2" DeviceId="6B4A4937-BE15-4008-B10A-B1622994BB04" SafetyId="1022"/>
      <!--3-->
      <DeviceInstance Description="Lenze 3" VendorId="24776" ProductId="80" DeviceTypeIndex="3" DeviceId="83030000-0000-0000-0000-000000000000" SafetyId="1030"/>
      <DeviceInstance Description="Lenze 3" VendorId="24776" ProductId="81" DeviceTypeIndex="3" DeviceId="83030000-0000-0000-0000-000000000000" SafetyId="1030"/>
      <DeviceInstance Description="Lenze 3" VendorId="24776" ProductId="82" DeviceTypeIndex="3" DeviceId="83030000-0000-0000-0000-000000000000" SafetyId="1030"/>
      <DeviceInstance Description="Lenze 3" VendorId="24776" ProductId="83" DeviceTypeIndex="3" DeviceId="83030000-0000-0000-0000-000000000000" SafetyId="1030"/>
      <DeviceInstance Description="Lenze 3" VendorId="24776" ProductId="84" DeviceTypeIndex="3" DeviceId="83030000-0000-0000-0000-000000000000" SafetyId="1030"/>
      <!--4-->
      <DeviceInstance Description="Lenze 4" VendorId="24776" ProductId="80" DeviceTypeIndex="4" DeviceId="83040000-0000-0000-0000-000000000000" SafetyId="1031"/>
      <DeviceInstance Description="Lenze 4" VendorId="24776" ProductId="81" DeviceTypeIndex="4" DeviceId="83040000-0000-0000-0000-000000000000" SafetyId="1031"/>
      <DeviceInstance Description="Lenze 4" VendorId="24776" ProductId="82" DeviceTypeIndex="4" DeviceId="83040000-0000-0000-0000-000000000000" SafetyId="1031"/>
      <DeviceInstance Description="Lenze 4" VendorId="24776" ProductId="83" DeviceTypeIndex="4" DeviceId="83040000-0000-0000-0000-000000000000" SafetyId="1031"/>
      <DeviceInstance Description="Lenze 4" VendorId="24776" ProductId="84" DeviceTypeIndex="4" DeviceId="83040000-0000-0000-0000-000000000000" SafetyId="1031"/>
      <!--5-->
      <DeviceInstance Description="Lenze 5" VendorId="24776" ProductId="80" DeviceTypeIndex="5" DeviceId="83050000-0000-0000-0000-000000000000" SafetyId="1032"/>
      <DeviceInstance Description="Lenze 5" VendorId="24776" ProductId="81" DeviceTypeIndex="5" DeviceId="83050000-0000-0000-0000-000000000000" SafetyId="1032"/>
      <DeviceInstance Description="Lenze 5" VendorId="24776" ProductId="82" DeviceTypeIndex="5" DeviceId="83050000-0000-0000-0000-000000000000" SafetyId="1032"/>
      <DeviceInstance Description="Lenze 5" VendorId="24776" ProductId="83" DeviceTypeIndex="5" DeviceId="83050000-0000-0000-0000-000000000000" SafetyId="1032"/>
      <DeviceInstance Description="Lenze 5" VendorId="24776" ProductId="84" DeviceTypeIndex="5" DeviceId="83050000-0000-0000-0000-000000000000" SafetyId="1032"/>
      <!--6-->
      <DeviceInstance Description="Lenze 6" VendorId="24776" ProductId="80" DeviceTypeIndex="6" DeviceId="83060000-0000-0000-0000-000000000000" SafetyId="106"/>
      <DeviceInstance Description="Lenze 6" VendorId="24776" ProductId="81" DeviceTypeIndex="6" DeviceId="83060000-0000-0000-0000-000000000000" SafetyId="106"/>
      <DeviceInstance Description="Lenze 6" VendorId="24776" ProductId="82" DeviceTypeIndex="6" DeviceId="83060000-0000-0000-0000-000000000000" SafetyId="106"/>
      <DeviceInstance Description="Lenze 6" VendorId="24776" ProductId="83" DeviceTypeIndex="6" DeviceId="83060000-0000-0000-0000-000000000000" SafetyId="106"/>
      <DeviceInstance Description="Lenze 6" VendorId="24776" ProductId="84" DeviceTypeIndex="6" DeviceId="83060000-0000-0000-0000-000000000000" SafetyId="106"/>
      <!--7-->
      <DeviceInstance Description="Lenze 7" VendorId="24776" ProductId="80" DeviceTypeIndex="7" DeviceId="83070000-0000-0000-0000-000000000000" SafetyId="107"/>
      <DeviceInstance Description="Lenze 7" VendorId="24776" ProductId="81" DeviceTypeIndex="7" DeviceId="83070000-0000-0000-0000-000000000000" SafetyId="107"/>
      <DeviceInstance Description="Lenze 7" VendorId="24776" ProductId="82" DeviceTypeIndex="7" DeviceId="83070000-0000-0000-0000-000000000000" SafetyId="107"/>
      <DeviceInstance Description="Lenze 7" VendorId="24776" ProductId="83" DeviceTypeIndex="7" DeviceId="83070000-0000-0000-0000-000000000000" SafetyId="107"/>
      <DeviceInstance Description="Lenze 7" VendorId="24776" ProductId="84" DeviceTypeIndex="7" DeviceId="83070000-0000-0000-0000-000000000000" SafetyId="107"/>
      <!--8-->
      <DeviceInstance Description="Lenze 8" VendorId="24776" ProductId="80" DeviceTypeIndex="8" DeviceId="83080000-0000-0000-0000-000000000000" SafetyId="108"/>
      <DeviceInstance Description="Lenze 8" VendorId="24776" ProductId="81" DeviceTypeIndex="8" DeviceId="83080000-0000-0000-0000-000000000000" SafetyId="108"/>
      <DeviceInstance Description="Lenze 8" VendorId="24776" ProductId="82" DeviceTypeIndex="8" DeviceId="83080000-0000-0000-0000-000000000000" SafetyId="108"/>
      <DeviceInstance Description="Lenze 8" VendorId="24776" ProductId="83" DeviceTypeIndex="8" DeviceId="83080000-0000-0000-0000-000000000000" SafetyId="108"/>
      <DeviceInstance Description="Lenze 8" VendorId="24776" ProductId="84" DeviceTypeIndex="8" DeviceId="83080000-0000-0000-0000-000000000000" SafetyId="108"/>
      <!--9-->
      <DeviceInstance Description="Lenze 9" VendorId="24776" ProductId="80" DeviceTypeIndex="9" DeviceId="83090000-0000-0000-0000-000000000000" SafetyId="109"/>
      <DeviceInstance Description="Lenze 9" VendorId="24776" ProductId="81" DeviceTypeIndex="9" DeviceId="83090000-0000-0000-0000-000000000000" SafetyId="109"/>
      <DeviceInstance Description="Lenze 9" VendorId="24776" ProductId="82" DeviceTypeIndex="9" DeviceId="83090000-0000-0000-0000-000000000000" SafetyId="109"/>
      <DeviceInstance Description="Lenze 9" VendorId="24776" ProductId="83" DeviceTypeIndex="9" DeviceId="83090000-0000-0000-0000-000000000000" SafetyId="109"/>
      <DeviceInstance Description="Lenze 9" VendorId="24776" ProductId="84" DeviceTypeIndex="9" DeviceId="83090000-0000-0000-0000-000000000000" SafetyId="109"/>
      <!--10-->
      <DeviceInstance Description="Lenze 10" VendorId="24776" ProductId="80" DeviceTypeIndex="10" DeviceId="83100000-0000-0000-0000-000000000000" SafetyId="110"/>
      <DeviceInstance Description="Lenze 10" VendorId="24776" ProductId="81" DeviceTypeIndex="10" DeviceId="83100000-0000-0000-0000-000000000000" SafetyId="110"/>
      <DeviceInstance Description="Lenze 10" VendorId="24776" ProductId="82" DeviceTypeIndex="10" DeviceId="83100000-0000-0000-0000-000000000000" SafetyId="110"/>
      <DeviceInstance Description="Lenze 10" VendorId="24776" ProductId="83" DeviceTypeIndex="10" DeviceId="83100000-0000-0000-0000-000000000000" SafetyId="110"/>
      <DeviceInstance Description="Lenze 10" VendorId="24776" ProductId="84" DeviceTypeIndex="10" DeviceId="83100000-0000-0000-0000-000000000000" SafetyId="110"/>
      <!--11-->
      <DeviceInstance Description="Lenze 11" VendorId="24776" ProductId="80" DeviceTypeIndex="11" DeviceId="83110000-0000-0000-0000-000000000000" SafetyId="111"/>
      <DeviceInstance Description="Lenze 11" VendorId="24776" ProductId="81" DeviceTypeIndex="11" DeviceId="83110000-0000-0000-0000-000000000000" SafetyId="111"/>
      <DeviceInstance Description="Lenze 11" VendorId="24776" ProductId="82" DeviceTypeIndex="11" DeviceId="83110000-0000-0000-0000-000000000000" SafetyId="111"/>
      <DeviceInstance Description="Lenze 11" VendorId="24776" ProductId="83" DeviceTypeIndex="11" DeviceId="83110000-0000-0000-0000-000000000000" SafetyId="111"/>
      <DeviceInstance Description="Lenze 11" VendorId="24776" ProductId="84" DeviceTypeIndex="11" DeviceId="83110000-0000-0000-0000-000000000000" SafetyId="111"/>
      <!--12-->
      <DeviceInstance Description="Lenze 12" VendorId="24776" ProductId="80" DeviceTypeIndex="12" DeviceId="83120000-0000-0000-0000-000000000000" SafetyId="112"/>
      <DeviceInstance Description="Lenze 12" VendorId="24776" ProductId="81" DeviceTypeIndex="12" DeviceId="83120000-0000-0000-0000-000000000000" SafetyId="112"/>
      <DeviceInstance Description="Lenze 12" VendorId="24776" ProductId="82" DeviceTypeIndex="12" DeviceId="83120000-0000-0000-0000-000000000000" SafetyId="112"/>
      <DeviceInstance Description="Lenze 12" VendorId="24776" ProductId="83" DeviceTypeIndex="12" DeviceId="83120000-0000-0000-0000-000000000000" SafetyId="112"/>
      <DeviceInstance Description="Lenze 12" VendorId="24776" ProductId="84" DeviceTypeIndex="12" DeviceId="83120000-0000-0000-0000-000000000000" SafetyId="112"/>
      <!--13-->
      <DeviceInstance Description="Lenze 13" VendorId="24776" ProductId="80" DeviceTypeIndex="13" DeviceId="83130000-0000-0000-0000-000000000000" SafetyId="113"/>
      <DeviceInstance Description="Lenze 13" VendorId="24776" ProductId="81" DeviceTypeIndex="13" DeviceId="83130000-0000-0000-0000-000000000000" SafetyId="113"/>
      <DeviceInstance Description="Lenze 13" VendorId="24776" ProductId="82" DeviceTypeIndex="13" DeviceId="83130000-0000-0000-0000-000000000000" SafetyId="113"/>
      <DeviceInstance Description="Lenze 13" VendorId="24776" ProductId="83" DeviceTypeIndex="13" DeviceId="83130000-0000-0000-0000-000000000000" SafetyId="113"/>
      <DeviceInstance Description="Lenze 13" VendorId="24776" ProductId="84" DeviceTypeIndex="13" DeviceId="83130000-0000-0000-0000-000000000000" SafetyId="113"/>
      <!--14-->
      <DeviceInstance Description="Lenze 14" VendorId="24776" ProductId="80" DeviceTypeIndex="14" DeviceId="83140000-0000-0000-0000-000000000000" SafetyId="114"/>
      <DeviceInstance Description="Lenze 14" VendorId="24776" ProductId="81" DeviceTypeIndex="14" DeviceId="83140000-0000-0000-0000-000000000000" SafetyId="114"/>
      <DeviceInstance Description="Lenze 14" VendorId="24776" ProductId="82" DeviceTypeIndex="14" DeviceId="83140000-0000-0000-0000-000000000000" SafetyId="114"/>
      <DeviceInstance Description="Lenze 14" VendorId="24776" ProductId="83" DeviceTypeIndex="14" DeviceId="83140000-0000-0000-0000-000000000000" SafetyId="114"/>
      <DeviceInstance Description="Lenze 14" VendorId="24776" ProductId="84" DeviceTypeIndex="14" DeviceId="83140000-0000-0000-0000-000000000000" SafetyId="114"/>
      <!--15-->
      <DeviceInstance Description="Lenze 15" VendorId="24776" ProductId="80" DeviceTypeIndex="15" DeviceId="83150000-0000-0000-0000-000000000000" SafetyId="115"/>
      <DeviceInstance Description="Lenze 15" VendorId="24776" ProductId="81" DeviceTypeIndex="15" DeviceId="83150000-0000-0000-0000-000000000000" SafetyId="115"/>
      <DeviceInstance Description="Lenze 15" VendorId="24776" ProductId="82" DeviceTypeIndex="15" DeviceId="83150000-0000-0000-0000-000000000000" SafetyId="115"/>
      <DeviceInstance Description="Lenze 15" VendorId="24776" ProductId="83" DeviceTypeIndex="15" DeviceId="83150000-0000-0000-0000-000000000000" SafetyId="115"/>
      <DeviceInstance Description="Lenze 15" VendorId="24776" ProductId="84" DeviceTypeIndex="15" DeviceId="83150000-0000-0000-0000-000000000000" SafetyId="115"/>
      <!--Kleinroboter-->
      <DeviceInstance Description="Sigmatek 0" VendorId="24776" ProductId="60" DeviceTypeIndex="0" DeviceId="DEAD0457-0000-0000-0000-000000000000" SafetyId="200"/>
      <DeviceInstance Description="Sigmatek 1" VendorId="24776" ProductId="60" DeviceTypeIndex="1" DeviceId="60010000-0000-0000-0000-000000000000" SafetyId="201"/>
      <DeviceInstance Description="Sigmatek 2" VendorId="24776" ProductId="60" DeviceTypeIndex="2" DeviceId="60020000-0000-0000-0000-000000000000" SafetyId="202"/>
      <DeviceInstance Description="Sigmatek 3" VendorId="24776" ProductId="60" DeviceTypeIndex="3" DeviceId="60030000-0000-0000-0000-000000000000" SafetyId="203"/>
      <DeviceInstance Description="Sigmatek 4" VendorId="24776" ProductId="60" DeviceTypeIndex="4" DeviceId="60040000-0000-0000-0000-000000000000" SafetyId="204"/>
      <DeviceInstance Description="Sigmatek 5" VendorId="24776" ProductId="60" DeviceTypeIndex="5" DeviceId="60050000-0000-0000-0000-000000000000" SafetyId="205"/>
   </BusInstance>
   <BusInstance SharedMemoryName="/SYS-X42" BusDriver="ECAT_WRAPPER" SystemConfigFile="ecatms_sys_X42_config.xml">
      <DeviceInstance Description="KCP3 EtherCat" VendorId="24776" ProductId="320" DeviceTypeIndex="0" DeviceId="2169EF3F-7FA1-4d59-ADE6-6F4776DD3F8C" SafetyId="13330"/>
   </BusInstance>
   <BusInstance SharedMemoryName="/PNIO-DEV"  BusDriver="PROFINET" UserConfigFile="pndev1.xml" UserConfigFlag="ALWAYS_CREATE">
      <DeviceInstance Description="ProfiNet device" VendorId="24776" ProductId="55" DeviceTypeIndex="0" DeviceId="2169EE3F-7FA0-4d58-ADE6-6E4776DD3F8B" SafetyId="7"/>
   </BusInstance>
   <BusInstance SharedMemoryName="/SYS-X48" BusDriver="ECAT_WRAPPER" UserConfigFile="ecatms_sys_X48_config.xml">
      <DeviceInstance Description="SION-CIB EtherCat" VendorId="24776" ProductId="257" DeviceTypeIndex="0" DeviceId="2169EF3F-7FA1-4d59-ADE6-6FEE76DD3F8C" SafetyId="1"/>
      <DeviceInstance Description="SION-CIB SR EtherCat" VendorId="24776" ProductId="259" DeviceTypeIndex="0" DeviceId="DEAD061B-0000-0000-0000-000000000000" SafetyId="5"/>
      <DeviceInstance Description="SION SIB Standard" VendorId="24776" ProductId="289" DeviceTypeIndex="0" DeviceId="D7AD193B-63EA-4037-855D-A854585D0013" SafetyId="13331"/>
      <DeviceInstance Description="SION SIB Extended" VendorId="24776" ProductId="290" DeviceTypeIndex="0" DeviceId="30665326-ACA0-442c-9046-494EFF26F323" SafetyId="13332"/>
   </BusInstance>
   <BusInstance SharedMemoryName="/SysBusMaster" BusDriver="VIO" SystemConfigFile="SafetyConnectionMaster_BusConfig.xml">
      <DeviceInstance Description="SafetyConnection Master" VendorId="24776" ProductId="106" DeviceTypeIndex="0" DeviceId="12345678-1234-1234-1234-123456780001" SafetyId="56" AddControllerId="true"/>
   </BusInstance>
   <BusInstance SharedMemoryName="/SysBusSlave" BusDriver="VIO" SystemConfigFile="SafetyConnection_BusConfig.xml">
      <DeviceInstance Description="SafetyConnection Slave  0" VendorId="24776" ProductId="105" DeviceTypeIndex="0" DeviceId="12345678-1234-1234-1234-123456780002" SafetyId="56" AddControllerId="true"/>
      <DeviceInstance Description="SafetyConnection Slave  1" VendorId="24776" ProductId="105" DeviceTypeIndex="1" DeviceId="12345678-1234-1234-1234-123456780003" SafetyId="56" AddControllerId="true"/>
      <DeviceInstance Description="SafetyConnection Slave  2" VendorId="24776" ProductId="105" DeviceTypeIndex="2" DeviceId="12345678-1234-1234-1234-123456780004" SafetyId="56" AddControllerId="true"/>
      <DeviceInstance Description="SafetyConnection Slave  3" VendorId="24776" ProductId="105" DeviceTypeIndex="3" DeviceId="12345678-1234-1234-1234-123456780005" SafetyId="56" AddControllerId="true"/>
      <DeviceInstance Description="SafetyConnection Slave  4" VendorId="24776" ProductId="105" DeviceTypeIndex="4" DeviceId="12345678-1234-1234-1234-123456780006" SafetyId="56" AddControllerId="true"/>
      <DeviceInstance Description="SafetyConnection Slave  5" VendorId="24776" ProductId="105" DeviceTypeIndex="5" DeviceId="12345678-1234-1234-1234-123456780007" SafetyId="56" AddControllerId="true"/>
      <DeviceInstance Description="SafetyConnection Slave  6" VendorId="24776" ProductId="105" DeviceTypeIndex="6" DeviceId="12345678-1234-1234-1234-123456780008" SafetyId="56" AddControllerId="true"/>
      <DeviceInstance Description="SafetyConnection Slave  7" VendorId="24776" ProductId="105" DeviceTypeIndex="7" DeviceId="12345678-1234-1234-1234-123456780009" SafetyId="56" AddControllerId="true"/>
      <DeviceInstance Description="SafetyConnection Slave  8" VendorId="24776" ProductId="105" DeviceTypeIndex="8" DeviceId="12345678-1234-1234-1234-123456780010" SafetyId="56" AddControllerId="true"/>
      <DeviceInstance Description="SafetyConnection Slave  9" VendorId="24776" ProductId="105" DeviceTypeIndex="9" DeviceId="12345678-1234-1234-1234-123456780011" SafetyId="56" AddControllerId="true"/>
      <DeviceInstance Description="SafetyConnection Slave 10" VendorId="24776" ProductId="105" DeviceTypeIndex="10" DeviceId="12345678-1234-1234-1234-123456780012" SafetyId="56" AddControllerId="true"/>
      <DeviceInstance Description="SafetyConnection Slave 11" VendorId="24776" ProductId="105" DeviceTypeIndex="11" DeviceId="12345678-1234-1234-1234-123456780013" SafetyId="56" AddControllerId="true"/>
      <DeviceInstance Description="SafetyConnection Slave 12" VendorId="24776" ProductId="105" DeviceTypeIndex="12" DeviceId="12345678-1234-1234-1234-123456780014" SafetyId="56" AddControllerId="true"/>
      <DeviceInstance Description="SafetyConnection Slave 13" VendorId="24776" ProductId="105" DeviceTypeIndex="13" DeviceId="12345678-1234-1234-1234-123456780015" SafetyId="56" AddControllerId="true"/>
      <DeviceInstance Description="SafetyConnection Slave 14" VendorId="24776" ProductId="105" DeviceTypeIndex="14" DeviceId="12345678-1234-1234-1234-123456780016" SafetyId="56" AddControllerId="true"/>
   </BusInstance>
   <BusInstance SharedMemoryName="/MainBoardBus" BusDriver="VIO" SystemConfigFile="MainBoard.xml">
      <DeviceInstance Description="Temperature State" VendorId="24776" ProductId="108" DeviceTypeIndex="0" DeviceId="718d44bb-f142-49e7-9239-311ba80c50c9"/>
   </BusInstance>
   <BusInstance SharedMemoryName="/VIO-SAF-DIAG" BusDriver="VIO" SystemConfigFile="VioBus_Saf_Diag.xml">
      <DeviceInstance Description="Safety Diagnostics" VendorId="24776" ProductId="103" DeviceTypeIndex="0" DeviceId="1A358BE4-81C1-499d-84D2-6F1165A92C0F"/>
   </BusInstance>
   <BusInstance SharedMemoryName="/VIO-POSITION" BusDriver="VIO" SystemConfigFile="VioBus_Position.xml">
      <DeviceInstance Description="VIO Positions" VendorId="24776" ProductId="104" DeviceTypeIndex="0" DeviceId="2169EE3F-4d58-7FA0-ADE6-6F4776DD3F8C"/>
   </BusInstance>
   <BusInstance SharedMemoryName="/VIO-SKCPDIAG" BusDriver="VIO" SystemConfigFile="VioBus_Skcp_Diag.xml">
      <DeviceInstance Description="SharedKCP Diagnostics" VendorId="24776" ProductId="107" DeviceTypeIndex="0" DeviceId="12345678-1234-1234-1234-123456780017"/>
   </BusInstance>
   <BusInstance SharedMemoryName="/EIP-CTRL" BusDriver="EIP" UserConfigFile="Model:EIP" UserConfigFlag="ALWAYS_CREATE">
      <DeviceInstance Description="CIP Safety master device" VendorId="24776" ProductId="56" DeviceTypeIndex="0" DeviceId="8B69EE3F-7FA0-4D58-ADE6-6E4776DD3F21" SafetyId="8"/>
   </BusInstance>
   <BusInstance SharedMemoryName="/SYS-X44" BusDriver="ECAT_WRAPPER" UserConfigFile="ecatms_sys_X44_usr_config.xml">
      <DeviceInstance Description="FSoE Master 8_B" VendorId="24776" ProductId="112" DeviceTypeIndex="0" DeviceId="87C5C100-D63D-4B7B-8A33-37A9047FA6D2" SafetyId="8504" AddControllerId="false"/>
   </BusInstance>
</SafetyBusDescription>
