<?xml version="1.0" encoding="UTF-8"?>
<SystemClock xmlns:xsi="http://www.w3.org/2001/XMLSchema-instance" xsi:noNamespaceSchemaLocation="/Roboter/Config/System/Common/Schemes/SystemClock.xsd">
   <Version Label="">
      <Info Version="KUKA V8.3"/>
      <Schema Version="1"/>
   </Version>
   <Base TsmLog="false" SerialDbg="false">
      <CtrlTick PeriodNs="125000"/>
      <FrameTick TicksPerFrame="12"/>
   </Base>
   <Correction CsvLog="false">
      <CtrlTick SkipPosition="2" />
   </Correction>
</SystemClock>
