<?xml version="1.0" encoding="UTF-8"?>
<Trace xmlns:xsi="http://www.w3.org/2001/XMLSchema-instance" xsi:noNamespaceSchemaLocation="/Roboter/Config/System/Common/Schemes/Trace.xsd">
   <Version Label="">
      <Info Version="KUKA V8.3"/>
      <Schema Version="1"/>
   </Version>
   <Config>
      <!-- Priority des Trace Threads -->
      <ThreadPriority>185</ThreadPriority>
      <!-- Priority des soap threads -->
      <SoapThreadPriority>200</SoapThreadPriority>
      <!-- Gesamte groesse des Trace Speichers in MB -->
      <ShmSize>16</ShmSize>
   </Config>
</Trace>