<?xml version="1.0" standalone="yes"?>
<TSM version="2.0.0" xmlns:xsi="http://www.w3.org/2001/XMLSchema-instance" xsi:noNamespaceSchemaLocation="/Roboter/Config/System/Common/Schemes/tsm.xsd">

	<!-- Global Settings -->
	<Global StartOnSystemBoot="true">
		<!-- Logfile Settings -->
		<!-- Logfile names are created in the format TSM_[n]_Trace_C[core].log -->
		<LogFile MaxLogs="10" TTonTSMLog="true"/>
      <!-- Times -->
      <!-- WaitTicksAfterLogging: # of ticks after logging after next Log is enabled -->
      <!-- StopTimeout: Maximum ticks to wait for logging to finish if stop is called -->
      <Times WaitTicksAfterLogging="100" StopTimeout="2000" />
		<!-- Tracelib settings -->
		<!-- EventMask="n" Bitmask of events to be traced -->
		<!-- Bit0=Tick, Bit1=Taskswitch, Bit2=IRQ Enter, Bit3=IRQ Exit, Bit4=IPI Send, Bit5=IPI Recv, Bit6=User event -->
		<!-- Cores="n". Bitmask of cores to be traced. The tick creating core has to be traced in any case  -->
		<!-- BufferSize="n" Size of trace buffer per core, must be a power of 2. -->
		<!--                Buffer size in bytes = 32 * BufferSize * (# of cores to be traced) -->
		<TraceLib EventMask="63" Cores="255" BufferSize="4096"/>
	</Global>
   
	<!-- Trigger conditions -->
	<!-- IPOStop="true"/"false": Log on IPO Stop -->
	<!-- TTLog="true"/"false": Log on TT Log -->
	<!-- RobotStop="n": Log on the following stop types (Bitmask): Bit0=Rampstop, Bit1=Generatoric, Bit2=Pathconform -->
   <!-- Remote="true"/"false": Trigger from remote enabled -->
	<Trigger IPOStop="true" TTLog="true" RobotStop="0" Remote="true">
		<!-- Log on the following error numbers -->
		<Errors Enable="false">
			<Number>0</Number>
		</Errors>
		<!-- Log on supension of the following tasks -->
		<SuspendedTasks Enable="false">
			<Task>tTest</Task>
		</SuspendedTasks>
	</Trigger>

   <!-- IdleTaskMonitoring Settings -->
   <!-- WARNING: THIS FUNCTION IS ONLY FOR TEST PURPOSES, IT MUST NOT BE ACTIVATED ON PRODUCTIVE SYSTEMS -->
   <!-- Timeout=Timeout in ms-->
   <!-- MinThrshInPct=Min percentage of idle time during timeout period -->
   <!-- SuspendStrategy=1: Suspend only lowest prio task, 2: Use heuristic -->
   <!-- ResumeTimeout=Timeout in ms for suspended task to be resumed if idle task has not run -->
   <IdleTaskMonitoring Enable="false" Timeout="30000" MinThrshInPct="0" SuspendStrategy="1" ResumeTimeout="30000"/>

	<!-- OnlineMonitoring Settings -->
	<!-- The following values can be monitored for cyclic tasks:
        T1: Timespan between cycle start and task start
        T2: Total runtime of a task within the cycle
        T3: Timespan between task stop and cycle end -->
	<OnlineMonitoring>
		<Cyclic Enable="false" Task="tZYK_HP" Cycle="1" TSMLogTrigger="true" T1MaxYellow="50" T1MaxRed="100" T2MaxYellow="100" T2MaxRed="200" T3MinYellow="500" T3MinRed="50" />
		<Cyclic Enable="false" Task="tZYK_preIPO" Cycle="12" TSMLogTrigger="true" T1MaxYellow="50" T1MaxRed="100" T2MaxYellow="100" T2MaxRed="200" T3MinYellow="500" T3MinRed="50" />
	</OnlineMonitoring>
   
	<!-- Autoscan Settings. Caution: Enabling this feature disables TSM Traces -->
	<!-- Logfile names are created in the format TSM_[n]_Autoscan_C[core].log -->
	<!-- Duration=Scan timespan in seconds -->
	<Autoscan Enable="false" Duration="3600"/>
</TSM>
