<?xml version="1.0" encoding="utf-8"?>
<Motor xmlns:xsi="http://www.w3.org/2001/XMLSchema-instance" xsi:noNamespaceSchemaLocation="/Roboter/Config/System/Common/Schemes/Motor.xsd">
   <Version Label="">
      <Info Version="Any"/>
      <Schema Version="2"/>
   </Version>
   <MotorData BackEMF="77" HoldingCurrent="14" ID="C0" KT-Factor="1.166" KT0-Factor="1.14" MaximalCurrent="32" MaximalTemperature="418" NominalCurrent="9.3" PolePairNumber="4" RampUpTime="10" TorqueOfInertia="0.00359" Vendor="KUKA" WindingInductance="0.0041" WindingResistance="0.23"/>
   <SpeedTorqueData>
      <SpeedTorque Speed="0" Torque="32.5"/>
      <SpeedTorque Speed="2550" Torque="32.5"/>
      <SpeedTorque Speed="2750" Torque="31.7"/>
      <SpeedTorque Speed="3650" Torque="22.5"/>
      <SpeedTorque Speed="4300" Torque="5"/>
      <SpeedTorque Speed="4301" Torque="0"/>
      <OperatingPoint Speed="2500" Torque="20"/>
      <HoldingTorque Speed="0" Torque="16"/>
   </SpeedTorqueData>
   <BrakeData Available="true" CloseTime="50" CoolOffCoeff="41" HoldingTorque="16" MaximalEnergy="2500" OpenTime="160" Torque="27"/>
   <EncoderData Available="true" Offset="0" RatioMotorEncoder="[4/1]"/>
</Motor>