<?xml version="1.0" encoding="utf-8"?>
<Motor xmlns:xsi="http://www.w3.org/2001/XMLSchema-instance" xsi:noNamespaceSchemaLocation="/Roboter/Config/System/Common/Schemes/Motor.xsd">
   <Version Label="">
      <Info Version="Any"/>
      <Schema Version="2"/>
   </Version>
   <MotorData BackEMF="78" HoldingCurrent="9.2" ID="H" KT-Factor="1.16" KT0-Factor="1.2" MaximalCurrent="16" MaximalTemperature="418" NominalCurrent="5.4" PolePairNumber="4" RampUpTime="10" TorqueOfInertia="0.00235" Vendor="KUKA" WindingInductance="0.0063" WindingResistance="0.4"/>
   <SpeedTorqueData>
      <SpeedTorque Speed="0" Torque="16.5"/>
      <SpeedTorque Speed="3100" Torque="16.5"/>
      <SpeedTorque Speed="3375" Torque="16"/>
      <SpeedTorque Speed="4100" Torque="11"/>
      <SpeedTorque Speed="4300" Torque="0"/>
      <OperatingPoint Speed="4100" Torque="5.8"/>
      <HoldingTorque Speed="0" Torque="11"/>
   </SpeedTorqueData>
   <BrakeData Available="true" CloseTime="30" CoolOffCoeff="11" HoldingTorque="11" MaximalEnergy="1870" OpenTime="70" Torque="16"/>
   <EncoderData Available="true" Offset="0" RatioMotorEncoder="[4/1]"/>
</Motor>