<?xml version="1.0" encoding="utf-8"?>
<Motor xmlns:xsi="http://www.w3.org/2001/XMLSchema-instance" xsi:noNamespaceSchemaLocation="/Roboter/Config/System/Common/Schemes/Motor.xsd">
   <Version Label="">
      <Info Version="Any"/>
      <Schema Version="2"/>
   </Version>
   <MotorData BackEMF="101" HoldingCurrent="16.5" ID="I1" KT-Factor="1.4" KT0-Factor="1.58" MaximalCurrent="50" MaximalTemperature="418" NominalCurrent="8.5" PolePairNumber="4" RampUpTime="10" TorqueOfInertia="0.00934" Vendor="KUKA" WindingInductance="0.0041" WindingResistance="0.21"/>
   <SpeedTorqueData>
      <SpeedTorque Speed="0" Torque="62"/>
      <SpeedTorque Speed="1750" Torque="62"/>
      <SpeedTorque Speed="3500" Torque="22.5"/>
      <SpeedTorque Speed="3501" Torque="0"/>
      <OperatingPoint Speed="3000" Torque="12"/>
      <HoldingTorque Speed="0" Torque="26"/>
   </SpeedTorqueData>
   <BrakeData Available="true" CloseTime="50" CoolOffCoeff="40" HoldingTorque="27" MaximalEnergy="7235" OpenTime="180" Torque="27"/>
   <EncoderData Available="true" Offset="0" RatioMotorEncoder="[4/1]"/>
</Motor>