<?xml version="1.0" encoding="utf-8"?>
<Motor xmlns:xsi="http://www.w3.org/2001/XMLSchema-instance" xsi:noNamespaceSchemaLocation="/Roboter/Config/System/Common/Schemes/Motor.xsd">
   <Version Label="">
      <Info Version="Any"/>
      <Schema Version="2"/>
   </Version>
   <MotorData BackEMF="90" HoldingCurrent="26.7" ID="A0" KT-Factor="1.33" KT0-Factor="1.35" MaximalCurrent="64" MaximalTemperature="418" NominalCurrent="17.3" PolePairNumber="4" RampUpTime="10" TorqueOfInertia="0.0118" Vendor="KUKA" WindingInductance="0.0023" WindingResistance="0.1"/>
   <SpeedTorqueData>
      <SpeedTorque Speed="0" Torque="68"/>
      <SpeedTorque Speed="2150" Torque="68"/>
      <SpeedTorque Speed="2650" Torque="64.1"/>
      <SpeedTorque Speed="3500" Torque="42"/>
      <SpeedTorque Speed="3550" Torque="0"/>
      <OperatingPoint Speed="2500" Torque="65"/>
      <HoldingTorque Speed="0" Torque="36"/>
   </SpeedTorqueData>
   <BrakeData Available="true" CloseTime="50" CoolOffCoeff="127" HoldingTorque="48" MaximalEnergy="7650" OpenTime="150" Torque="63"/>
   <EncoderData Available="true" Offset="0" RatioMotorEncoder="[4/1]"/>
</Motor>