<?xml version="1.0" encoding="UTF-8"?>
<Motor xsi:noNamespaceSchemaLocation="/Roboter/Config/System/Common/Schemes/Motor.xsd" xmlns:xsi="http://www.w3.org/2001/XMLSchema-instance">
<!--	Artikelnummer mit Evolvente: 00-117-606
	Artikelnummer mit gl. Welle:  
	Bezeichnung: ME_180_180_40_S0
-->
<Version Label="">
<Info Version="Any" />
<Schema Version="2" />
</Version>
<MotorData ID="1FK7100" Vendor="Siemens" MaximalCurrent="48" HoldingCurrent="15" NominalCurrent="7.3" RampUpTime="10" KT-Factor="0.974" KT0-Factor="1.2" BackEMF="73" MaximalTemperature="418" TorqueOfInertia="0.00639" WindingInductance="0.0035" WindingResistance="0.18" PolePairNumber="4"></MotorData>
   <SpeedTorqueData>
      <SpeedTorque Speed="0" Torque="40"/>
      <SpeedTorque Speed="2700" Torque="40"/>
      <SpeedTorque Speed="3500" Torque="26"/>
      <SpeedTorque Speed="4300" Torque="16"/>
      <SpeedTorque Speed="4350" Torque="0"/>
      <OperatingPoint Speed="4300" Torque="12"/>
      <HoldingTorque Speed="0" Torque="18"/>
   </SpeedTorqueData>
   <BrakeData Available="true" CloseTime="60" CoolOffCoeff="37" HoldingTorque="18" MaximalEnergy="6736" OpenTime="175" Torque="19"/>
   <EncoderData Available="true" Offset="0" RatioMotorEncoder="[4/1]"/>
</Motor>