<?xml version="1.0" encoding="utf-8"?>
<Motor xmlns:xsi="http://www.w3.org/2001/XMLSchema-instance" xsi:noNamespaceSchemaLocation="/Roboter/Config/System/Common/Schemes/Motor.xsd">
   <Version Label="">
      <Info Version="Any"/>
      <Schema Version="2"/>
   </Version>
   <MotorData BackEMF="117" HoldingCurrent="26" ID="A01" KT-Factor="1.72" KT0-Factor="1.85" MaximalCurrent="64" MaximalTemperature="418" NominalCurrent="15.5" PolePairNumber="4" RampUpTime="10" TorqueOfInertia="0.018" Vendor="KUKA" WindingInductance="0.0027" WindingResistance="0.099"/>
   <SpeedTorqueData>
      <SpeedTorque Speed="0" Torque="94"/>
      <SpeedTorque Speed="1850" Torque="94"/>
      <SpeedTorque Speed="2500" Torque="68"/>
      <SpeedTorque Speed="3200" Torque="25"/>
      <SpeedTorque Speed="3201" Torque="0"/>
      <OperatingPoint Speed="3000" Torque="26.5"/>
      <HoldingTorque Speed="0" Torque="48"/>
   </SpeedTorqueData>
   <BrakeData Available="true" CloseTime="50" CoolOffCoeff="175" HoldingTorque="48" MaximalEnergy="10500" OpenTime="150" Torque="63"/>
   <EncoderData Available="true" Offset="0" RatioMotorEncoder="[4/1]"/>
</Motor>