<?xml version="1.0" encoding="utf-8"?>
<Motor xmlns:xsi="http://www.w3.org/2001/XMLSchema-instance" xsi:noNamespaceSchemaLocation="/Roboter/Config/System/Common/Schemes/Motor.xsd">
   <Version Label="">
      <Info Version="Any"/>
      <Schema Version="2"/>
   </Version>
   <MotorData BackEMF="92.5" HoldingCurrent="17.5" ID="I" KT-Factor="1.3" KT0-Factor="1.42" MaximalCurrent="50" MaximalTemperature="418" NominalCurrent="7" PolePairNumber="4" RampUpTime="10" TorqueOfInertia="0.00934" Vendor="KUKA" WindingInductance="0.0031" WindingResistance="0.14"/>
   <SpeedTorqueData>
      <SpeedTorque Speed="0" Torque="60"/>
      <SpeedTorque Speed="2100" Torque="60"/>
      <SpeedTorque Speed="2450" Torque="57"/>
      <SpeedTorque Speed="4000" Torque="20"/>
      <SpeedTorque Speed="4001" Torque="0"/>
      <OperatingPoint Speed="2750" Torque="14"/>
      <HoldingTorque Speed="0" Torque="25"/>
   </SpeedTorqueData>
   <BrakeData Available="true" CloseTime="50" CoolOffCoeff="41" HoldingTorque="33" MaximalEnergy="7459" OpenTime="180" Torque="27"/>
   <EncoderData Available="true" Offset="0" RatioMotorEncoder="[4/1]"/>
</Motor>