<?xml version="1.0" encoding="UTF-8"?>
<Motor xmlns:xsi="http://www.w3.org/2001/XMLSchema-instance" xsi:noNamespaceSchemaLocation="/Roboter/Config/System/Common/Schemes/Motor.xsd">
    <Version Label="">
        <Info Version="Any"/>
        <Schema Version="2"/>
        <!--#############################################################-->
        <!--########                                             ########-->
        <!--########                  MOTOR-FILE                 ########-->
        <!--########              KUKA-ROBOTER GMBH              ########-->
        <!--########                                             ########-->
        <!--#############################################################-->
        <!--ATB V1.0, DB V7.83-->
        <!--Datum: 28-Nov-2012 13:31:24-->
        <!--Motor:     A01-->
        <!--Umrichter: KSP40-->
        <!--xmlFileID_A01_KSP40_20121128133124_243-->
    </Version>
    <MotorData BackEMF="117" HoldingCurrent="19.5" ID="A01"
        KT-Factor="1.816" KT0-Factor="1.85" MaximalCurrent="40"
        MaximalTemperature="418" NominalCurrent="15.5"
        PolePairNumber="4" RampUpTime="10" TorqueOfInertia="0.0182"
        Vendor="KUKA" WindingInductance="0.0027" WindingResistance="0.099"/>
    <SpeedTorqueData>
        <SpeedTorque Speed="0" Torque="59.5"/>
        <SpeedTorque Speed="2100" Torque="59.5"/>
        <SpeedTorque Speed="3000" Torque="45"/>
        <SpeedTorque Speed="4500" Torque="29"/>
        <SpeedTorque Speed="4501" Torque="0"/>
        <OperatingPoint Speed="3000" Torque="26.5"/>
        <HoldingTorque Speed="0" Torque="48"/>
    </SpeedTorqueData>
    <BrakeData Available="true" CloseTime="50" CoolOffCoeff="175"
        HoldingTorque="48" MaximalEnergy="10500" OpenTime="150" Torque="63"/>
    <EncoderData Available="true" Offset="0" RatioMotorEncoder="[4/1]"/>
    <SpeedCurrentDataAccelerate>
        <SpeedCurrent Current="40" Speed="0"/>
        <SpeedCurrent Current="40" Speed="2100"/>
        <SpeedCurrent Current="30" Speed="3000"/>
        <SpeedCurrent Current="20" Speed="4500"/>
        <SpeedCurrent Current="0" Speed="4750"/>
    </SpeedCurrentDataAccelerate>
    <SpeedCurrentDataDecelerate>
        <SpeedCurrent Current="-40" Speed="0"/>
        <SpeedCurrent Current="-40" Speed="1050"/>
        <SpeedCurrent Current="-40" Speed="2100"/>
        <SpeedCurrent Current="-30" Speed="3000"/>
        <SpeedCurrent Current="-20" Speed="4500"/>
        <SpeedCurrent Current="0" Speed="5000"/>
    </SpeedCurrentDataDecelerate>
    <IntermediateCircuitVoltage UzkMax="650" UzkRef="507.8"/>
    <KT-Characteristic T_ref="343" a1="1.8469" a3="-3.379e-005" b0="1" b1="-0.00054"/>
</Motor>
<!--checksum 9107-->
