<?xml version="1.0" encoding="UTF-8"?>
<Motor xmlns:xsi="http://www.w3.org/2001/XMLSchema-instance" xsi:noNamespaceSchemaLocation="/Roboter/Config/System/Common/Schemes/Motor.xsd">
    <Version Label="">
        <Info Version="Any"/>
        <Schema Version="2"/>
        <!--#############################################################-->
        <!--########                                             ########-->
        <!--########                  MOTOR-FILE                 ########-->
        <!--########              KUKA-ROBOTER GMBH              ########-->
        <!--########                                             ########-->
        <!--#############################################################-->
        <!--ATB 1.24.0, DB V7.133-->
        <!--Datum: 16-Jan-2014 09:04:55-->
        <!--Motor:     A0-->
        <!--Umrichter: KSP40-->
        <!--xmlFileID_A0_KSP40_20140116090455_618-->
    </Version>
    <MotorData BackEMF="90" HoldingCurrent="19.5" ID="A0"
        KT-Factor="1.429" KT0-Factor="1.38" MaximalCurrent="32"
        MaximalTemperature="418" NominalCurrent="17" PolePairNumber="4"
        RampUpTime="10" TorqueOfInertia="0.0134" Vendor="KUKA"
        WindingInductance="0.0023" WindingResistance="0.1"/>
    <SpeedTorqueData>
        <SpeedTorque Speed="0" Torque="38"/>
        <SpeedTorque Speed="3000" Torque="38"/>
        <SpeedTorque Speed="4500" Torque="28"/>
        <SpeedTorque Speed="4501" Torque="0"/>
        <OperatingPoint Speed="3000" Torque="22"/>
        <HoldingTorque Speed="0" Torque="26.91"/>
    </SpeedTorqueData>
    <BrakeData Available="true" CloseTime="50" CoolOffCoeff="127"
        HoldingTorque="48" MaximalEnergy="7650" OpenTime="150" Torque="63"/>
    <EncoderData Available="true" Offset="0" RatioMotorEncoder="[4/1]"/>
    <SpeedCurrentDataAccelerate>
        <SpeedCurrent Current="32" Speed="0"/>
        <SpeedCurrent Current="32" Speed="3000"/>
        <SpeedCurrent Current="24" Speed="4500"/>
        <SpeedCurrent Current="0" Speed="4750"/>
        <SpeedCurrent Current="0" Speed="5050"/>
    </SpeedCurrentDataAccelerate>
    <SpeedCurrentDataDecelerate>
        <SpeedCurrent Current="-32" Speed="0"/>
        <SpeedCurrent Current="-32" Speed="3000"/>
        <SpeedCurrent Current="-24" Speed="4500"/>
        <SpeedCurrent Current="0" Speed="5000"/>
        <SpeedCurrent Current="0" Speed="5300"/>
        <SpeedCurrent Current="0" Speed="5360"/>
    </SpeedCurrentDataDecelerate>
    <IntermediateCircuitVoltage UzkMax="730" UzkRef="602.8"/>
    <KT-Characteristic T_ref="343" a1="1.4634" a3="-3.666e-005" b0="1" b1="-0.00054"/>
</Motor>
<!--checksum 5047-->
