<?xml version="1.0" encoding="UTF-8"?>
<Motor xmlns:xsi="http://www.w3.org/2001/XMLSchema-instance" xsi:noNamespaceSchemaLocation="/Roboter/Config/System/Common/Schemes/Motor.xsd">
    <Version Label="">
        <Info Version="Any"/>
        <Schema Version="2"/>
        <!--#############################################################-->
        <!--########                                             ########-->
        <!--########                  MOTOR-FILE                 ########-->
        <!--########              KUKA-ROBOTER GMBH              ########-->
        <!--########                                             ########-->
        <!--#############################################################-->
        <!--ATB V1.0, DB V7.83-->
        <!--Datum: 28-Nov-2012 13:31:49-->
        <!--Motor:     A01-->
        <!--Umrichter: KSP64-->
        <!--xmlFileID_A01_KSP64_20121128133149_249-->
    </Version>
    <MotorData BackEMF="117" HoldingCurrent="26" ID="A01"
        KT-Factor="1.763" KT0-Factor="1.85" MaximalCurrent="51.2"
        MaximalTemperature="418" NominalCurrent="15.5"
        PolePairNumber="4" RampUpTime="10" TorqueOfInertia="0.0182"
        Vendor="KUKA" WindingInductance="0.0027" WindingResistance="0.099"/>
    <SpeedTorqueData>
        <SpeedTorque Speed="0" Torque="80"/>
        <SpeedTorque Speed="2100" Torque="80"/>
        <SpeedTorque Speed="2700" Torque="67"/>
        <SpeedTorque Speed="4500" Torque="35"/>
        <SpeedTorque Speed="4501" Torque="0"/>
        <OperatingPoint Speed="3000" Torque="26.5"/>
        <HoldingTorque Speed="0" Torque="48"/>
    </SpeedTorqueData>
    <BrakeData Available="true" CloseTime="50" CoolOffCoeff="175"
        HoldingTorque="48" MaximalEnergy="10500" OpenTime="150" Torque="63"/>
    <EncoderData Available="true" Offset="0" RatioMotorEncoder="[4/1]"/>
    <SpeedCurrentDataAccelerate>
        <SpeedCurrent Current="51.2" Speed="0"/>
        <SpeedCurrent Current="51.2" Speed="2100"/>
        <SpeedCurrent Current="42" Speed="2700"/>
        <SpeedCurrent Current="22" Speed="4500"/>
        <SpeedCurrent Current="0" Speed="4750"/>
    </SpeedCurrentDataAccelerate>
    <SpeedCurrentDataDecelerate>
        <SpeedCurrent Current="-51.2" Speed="0"/>
        <SpeedCurrent Current="-51.2" Speed="2100"/>
        <SpeedCurrent Current="-42" Speed="2700"/>
        <SpeedCurrent Current="-22" Speed="4500"/>
        <SpeedCurrent Current="0" Speed="5000"/>
        <SpeedCurrent Current="0" Speed="5360"/>
    </SpeedCurrentDataDecelerate>
    <IntermediateCircuitVoltage UzkMax="730" UzkRef="589.1"/>
    <KT-Characteristic T_ref="343" a1="1.8469" a3="-3.379e-005" b0="1" b1="-0.00054"/>
</Motor>
<!--checksum 9261-->
