<?xml version="1.0" encoding="UTF-8"?>
<Motor xmlns:xsi="http://www.w3.org/2001/XMLSchema-instance" xsi:noNamespaceSchemaLocation="/Roboter/Config/System/Common/Schemes/Motor.xsd">
    <Version Label="">
        <Info Version="Any"/>
        <Schema Version="2"/>
        <!--#############################################################-->
        <!--########                                             ########-->
        <!--########                  MOTOR-FILE                 ########-->
        <!--########              KUKA-ROBOTER GMBH              ########-->
        <!--########                                             ########-->
        <!--#############################################################-->
        <!--ATB V1.0, DB V7.83-->
        <!--Datum: 28-Nov-2012 13:31:23-->
        <!--Motor:     A0-->
        <!--Umrichter: KSP40-->
        <!--xmlFileID_A0_KSP40_20121128133123_619-->
    </Version>
    <MotorData BackEMF="90" HoldingCurrent="19.5" ID="A0"
        KT-Factor="1.429" KT0-Factor="1.38" MaximalCurrent="40"
        MaximalTemperature="418" NominalCurrent="17" PolePairNumber="4"
        RampUpTime="10" TorqueOfInertia="0.0134" Vendor="KUKA"
        WindingInductance="0.0023" WindingResistance="0.1"/>
    <SpeedTorqueData>
        <SpeedTorque Speed="0" Torque="48"/>
        <SpeedTorque Speed="2700" Torque="48"/>
        <SpeedTorque Speed="4000" Torque="34"/>
        <SpeedTorque Speed="4500" Torque="30"/>
        <SpeedTorque Speed="4501" Torque="0"/>
        <OperatingPoint Speed="3000" Torque="22"/>
        <HoldingTorque Speed="0" Torque="36"/>
    </SpeedTorqueData>
    <BrakeData Available="true" CloseTime="50" CoolOffCoeff="127"
        HoldingTorque="48" MaximalEnergy="7650" OpenTime="150" Torque="63"/>
    <EncoderData Available="true" Offset="0" RatioMotorEncoder="[4/1]"/>
    <SpeedCurrentDataAccelerate>
        <SpeedCurrent Current="40" Speed="0"/>
        <SpeedCurrent Current="40" Speed="2700"/>
        <SpeedCurrent Current="28" Speed="4000"/>
        <SpeedCurrent Current="25" Speed="4500"/>
        <SpeedCurrent Current="0" Speed="4750"/>
    </SpeedCurrentDataAccelerate>
    <SpeedCurrentDataDecelerate>
        <SpeedCurrent Current="-40" Speed="0"/>
        <SpeedCurrent Current="-40" Speed="1350"/>
        <SpeedCurrent Current="-40" Speed="2700"/>
        <SpeedCurrent Current="-28" Speed="4000"/>
        <SpeedCurrent Current="-25" Speed="4500"/>
        <SpeedCurrent Current="0" Speed="5000"/>
    </SpeedCurrentDataDecelerate>
    <IntermediateCircuitVoltage UzkMax="650" UzkRef="508.4"/>
    <KT-Characteristic T_ref="343" a1="1.4634" a3="-3.666e-005" b0="1" b1="-0.00054"/>
</Motor>
<!--checksum 8375-->
