<?xml version="1.0" encoding="UTF-8"?>
<Motor xmlns:xsi="http://www.w3.org/2001/XMLSchema-instance" xsi:noNamespaceSchemaLocation="/Roboter/Config/System/Common/Schemes/Motor.xsd">
    <Version Label="">
        <Info Version="Any"/>
        <Schema Version="2"/>
        <!--#############################################################-->
        <!--########                                             ########-->
        <!--########                  MOTOR-FILE                 ########-->
        <!--########              KUKA-ROBOTER GMBH              ########-->
        <!--########                                             ########-->
        <!--#############################################################-->
        <!--ATB V1.0, DB V7.83-->
        <!--Datum: 28-Nov-2012 13:31:44-->
        <!--Motor:     C0-->
        <!--Umrichter: KSP40-->
        <!--xmlFileID_C0_KSP40_20121128133144_756-->
    </Version>
    <MotorData BackEMF="77" HoldingCurrent="13.2" ID="C0"
        KT-Factor="1.185" KT0-Factor="1.21" MaximalCurrent="32"
        MaximalTemperature="418" NominalCurrent="9.3" PolePairNumber="4"
        RampUpTime="10" TorqueOfInertia="0.00359" Vendor="KUKA"
        WindingInductance="0.0041" WindingResistance="0.23"/>
    <SpeedTorqueData>
        <SpeedTorque Speed="0" Torque="32.5"/>
        <SpeedTorque Speed="2735" Torque="32.5"/>
        <SpeedTorque Speed="3000" Torque="29"/>
        <SpeedTorque Speed="4500" Torque="17"/>
        <SpeedTorque Speed="4501" Torque="0"/>
        <OperatingPoint Speed="3000" Torque="10"/>
        <HoldingTorque Speed="0" Torque="16"/>
    </SpeedTorqueData>
    <BrakeData Available="true" CloseTime="50" CoolOffCoeff="41"
        HoldingTorque="17" MaximalEnergy="2500" OpenTime="160" Torque="27"/>
    <EncoderData Available="true" Offset="0" RatioMotorEncoder="[4/1]"/>
    <SpeedCurrentDataAccelerate>
        <SpeedCurrent Current="32" Speed="0"/>
        <SpeedCurrent Current="32" Speed="2735"/>
        <SpeedCurrent Current="28" Speed="3000"/>
        <SpeedCurrent Current="16" Speed="4500"/>
        <SpeedCurrent Current="0" Speed="4750"/>
    </SpeedCurrentDataAccelerate>
    <SpeedCurrentDataDecelerate>
        <SpeedCurrent Current="-32" Speed="0"/>
        <SpeedCurrent Current="-32" Speed="2735"/>
        <SpeedCurrent Current="-28" Speed="3000"/>
        <SpeedCurrent Current="-16" Speed="4500"/>
        <SpeedCurrent Current="0" Speed="5000"/>
        <SpeedCurrent Current="0" Speed="5360"/>
    </SpeedCurrentDataDecelerate>
    <IntermediateCircuitVoltage UzkMax="730" UzkRef="553.5"/>
    <KT-Characteristic T_ref="343" a1="1.2682" a3="-8.586e-005" b0="1" b1="-0.00054"/>
</Motor>
<!--checksum 8597-->
