<?xml version="1.0" encoding="UTF-8"?>
<Motor xmlns:xsi="http://www.w3.org/2001/XMLSchema-instance" xsi:noNamespaceSchemaLocation="/Roboter/Config/System/Common/Schemes/Motor.xsd">
    <Version Label="">
        <Info Version="Any"/>
        <Schema Version="2"/>
        <!--#############################################################-->
        <!--########                                             ########-->
        <!--########                  MOTOR-FILE                 ########-->
        <!--########              KUKA-ROBOTER GMBH              ########-->
        <!--########                                             ########-->
        <!--#############################################################-->
        <!--ATB 1.27.0, DB V7.155-->
        <!--Datum: 08-May-2014 10:48:17-->
        <!--Motor:     C02-->
        <!--Umrichter: KSP40-->
        <!--xmlFileID_C02_KSP40_20140508104817_093-->
    </Version>
    <MotorData BackEMF="106.5" HoldingCurrent="12.1" ID="C02"
        KT-Factor="1.5929" KT0-Factor="1.655" MaximalCurrent="32"
        MaximalTemperature="418" NominalCurrent="6.5" PolePairNumber="4"
        RampUpTime="10" TorqueOfInertia="0.00355" Vendor="KUKA"
        WindingInductance="0.0059" WindingResistance="0.284"/>
    <SpeedTorqueData>
        <SpeedTorque Speed="0" Torque="43.8"/>
        <SpeedTorque Speed="2100" Torque="43.8"/>
        <SpeedTorque Speed="3200" Torque="31.4"/>
        <SpeedTorque Speed="4500" Torque="23.1"/>
        <SpeedTorque Speed="4501" Torque="0"/>
        <OperatingPoint Speed="3000" Torque="10"/>
        <HoldingTorque Speed="0" Torque="20"/>
    </SpeedTorqueData>
    <BrakeData Available="true" CloseTime="60" CoolOffCoeff="7.7778"
        HoldingTorque="22" MaximalEnergy="1400" OpenTime="200" Torque="25"/>
    <EncoderData Available="true" Offset="0" RatioMotorEncoder="[4/1]"/>
    <SpeedCurrentDataAccelerate>
        <SpeedCurrent Current="32" Speed="0"/>
        <SpeedCurrent Current="32" Speed="2100"/>
        <SpeedCurrent Current="22" Speed="3200"/>
        <SpeedCurrent Current="16" Speed="4500"/>
        <SpeedCurrent Current="0" Speed="4750"/>
    </SpeedCurrentDataAccelerate>
    <SpeedCurrentDataDecelerate>
        <SpeedCurrent Current="-32" Speed="0"/>
        <SpeedCurrent Current="-32" Speed="2100"/>
        <SpeedCurrent Current="-22" Speed="3200"/>
        <SpeedCurrent Current="-16" Speed="4500"/>
        <SpeedCurrent Current="0" Speed="5000"/>
        <SpeedCurrent Current="0" Speed="5360"/>
    </SpeedCurrentDataDecelerate>
    <IntermediateCircuitVoltage UzkMax="730" UzkRef="560"/>
    <KT-Characteristic T_ref="305" a1="1.7306" a3="-0.00010066" b0="1" b1="-0.00054"/>
</Motor>
<!--checksum 9349-->
