<?xml version="1.0" encoding="UTF-8"?>
<Motor xmlns:xsi="http://www.w3.org/2001/XMLSchema-instance" xsi:noNamespaceSchemaLocation="/Roboter/Config/System/Common/Schemes/Motor.xsd">
    <Version Label="">
        <Info Version="Any"/>
        <Schema Version="2"/>
        <!--###############################################################-->
        <!--########                                               ########-->
        <!--########                   KR C4 sr                    ########-->
        <!--########                  Servo-File                   ########-->
        <!--########               KUKA-ROBOTER GMBH               ########-->
        <!--########                                               ########-->
        <!--###############################################################-->
        <!--ATB 1.27.0, DB V7.155-->
        <!--Datum: 08-May-2014 10:38:23-->
        <!--Motor:     D0-->
        <!--Umrichter: KSPsr10-->
        <!--xmlFileID_D0_KSPsr10_20140508103823_311-->
    </Version>
    <MotorData BackEMF="84.5" HoldingCurrent="4" ID="D0"
        KT-Factor="1.33" KT0-Factor="1.33" MaximalCurrent="10"
        MaximalTemperature="418" NominalCurrent="3.7" PolePairNumber="4"
        RampUpTime="10" TorqueOfInertia="0.00091" Vendor="KUKA"
        WindingInductance="0.0142" WindingResistance="1.35"/>
    <SpeedTorqueData>
        <SpeedTorque Speed="0" Torque="11.3"/>
        <SpeedTorque Speed="1875" Torque="11.3"/>
        <SpeedTorque Speed="3000" Torque="6.9"/>
        <SpeedTorque Speed="4500" Torque="4.5"/>
        <SpeedTorque Speed="4501" Torque="0"/>
        <OperatingPoint Speed="3000" Torque="4.7"/>
        <HoldingTorque Speed="0" Torque="5.32"/>
    </SpeedTorqueData>
    <BrakeData Available="true" CloseTime="20" CoolOffCoeff="4.6944"
        HoldingTorque="5" MaxPermanentVoltage="24" MaximalEnergy="845"
        OpenTime="100" PowerSaveDelay="1" PowerSaveVoltage="20.5" Torque="10"/>
    <EncoderData Available="true" Offset="0" RatioMotorEncoder="[4/1]"/>
    <SpeedCurrentDataAccelerate>
        <SpeedCurrent Current="10" Speed="0"/>
        <SpeedCurrent Current="10" Speed="1875"/>
        <SpeedCurrent Current="6" Speed="3000"/>
        <SpeedCurrent Current="4.5" Speed="4500"/>
        <SpeedCurrent Current="0" Speed="4750"/>
    </SpeedCurrentDataAccelerate>
    <SpeedCurrentDataDecelerate>
        <SpeedCurrent Current="-10" Speed="0"/>
        <SpeedCurrent Current="-10" Speed="1875"/>
        <SpeedCurrent Current="-6" Speed="3000"/>
        <SpeedCurrent Current="-4.5" Speed="4500"/>
        <SpeedCurrent Current="0" Speed="5000"/>
        <SpeedCurrent Current="0" Speed="5360"/>
    </SpeedCurrentDataDecelerate>
    <IntermediateCircuitVoltage UzkMax="380" UzkRef="339.6"/>
    <KT-Characteristic T_ref="343" a1="1.3098" a3="-0.00089537" b0="1" b1="-0.00054"/>
</Motor>
<!--checksum 8988-->
