<?xml version="1.0" encoding="UTF-8"?>
<Motor xmlns:xsi="http://www.w3.org/2001/XMLSchema-instance" xsi:noNamespaceSchemaLocation="/Roboter/Config/System/Common/Schemes/Motor.xsd">
    <Version Label="">
        <Info Version="Any"/>
        <Schema Version="2"/>
        <!--#############################################################-->
        <!--########                                             ########-->
        <!--########                  MOTOR-FILE                 ########-->
        <!--########              KUKA-ROBOTER GMBH              ########-->
        <!--########                                             ########-->
        <!--#############################################################-->
        <!--ATB V1.0, DB V7.11-->
        <!--Datum: 24-Jun-2013 11:03:49-->
        <!--Motor:     D01-->
        <!--Umrichter: KSP20-->
        <!--xmlFileID_D01_KSP20_20130624110349_516-->
    </Version>
    <MotorData BackEMF="90" HoldingCurrent="8" ID="D01"
        KT-Factor="1.347" KT0-Factor="1.41" MaximalCurrent="20"
        MaximalTemperature="418" NominalCurrent="5.6" PolePairNumber="4"
        RampUpTime="10" TorqueOfInertia="0.00173" Vendor="KUKA"
        WindingInductance="0.008" WindingResistance="0.615"/>
    <SpeedTorqueData>
        <SpeedTorque Speed="0" Torque="22"/>
        <SpeedTorque Speed="2000" Torque="22"/>
        <SpeedTorque Speed="3500" Torque="12.5"/>
        <SpeedTorque Speed="4500" Torque="8.3"/>
        <SpeedTorque Speed="4501" Torque="0"/>
        <OperatingPoint Speed="3000" Torque="7.3"/>
        <HoldingTorque Speed="0" Torque="11"/>
    </SpeedTorqueData>
    <BrakeData Available="true" CloseTime="30" CoolOffCoeff="30"
        HoldingTorque="11" MaximalEnergy="1840" OpenTime="180" Torque="15"/>
    <EncoderData Available="true" Offset="0" RatioMotorEncoder="[4/1]"/>
    <SpeedCurrentDataAccelerate>
        <SpeedCurrent Current="20" Speed="0"/>
        <SpeedCurrent Current="20" Speed="2000"/>
        <SpeedCurrent Current="11" Speed="3500"/>
        <SpeedCurrent Current="7.4" Speed="4500"/>
        <SpeedCurrent Current="0" Speed="4750"/>
    </SpeedCurrentDataAccelerate>
    <SpeedCurrentDataDecelerate>
        <SpeedCurrent Current="-20" Speed="0"/>
        <SpeedCurrent Current="-20" Speed="2000"/>
        <SpeedCurrent Current="-11" Speed="3500"/>
        <SpeedCurrent Current="-7.4" Speed="4500"/>
        <SpeedCurrent Current="0" Speed="5000"/>
        <SpeedCurrent Current="0" Speed="5360"/>
    </SpeedCurrentDataDecelerate>
    <IntermediateCircuitVoltage UzkMax="650" UzkRef="478.8"/>
    <KT-Characteristic T_ref="343" a1="1.4049" a3="-0.0002389" b0="1" b1="-0.00054"/>
    <EnergyData d1="-11.9" d2="0.85" d3="19">
        <k i="1" value="0"/>
        <k i="2" value="5.84e-05"/>
        <k i="3" value="0"/>
        <k i="4" value="2.6749"/>
        <k i="5" value="0"/>
        <k i="6" value="1.1064"/>
        <k i="7" value="0.018"/>
        <k i="8" value="0.0505"/>
        <k i="9" value="0"/>
    </EnergyData>
</Motor>
<!--checksum 8314-->
