<?xml version="1.0" encoding="UTF-8"?>
<Motor xmlns:xsi="http://www.w3.org/2001/XMLSchema-instance" xsi:noNamespaceSchemaLocation="/Roboter/Config/System/Common/Schemes/Motor.xsd">
    <Version Label="">
        <Info Version="Any"/>
        <Schema Version="2"/>
        <!--#############################################################-->
        <!--########                                             ########-->
        <!--########                  MOTOR-FILE                 ########-->
        <!--########              KUKA-ROBOTER GMBH              ########-->
        <!--########                                             ########-->
        <!--#############################################################-->
        <!--ATB V1.0, DB V7.83-->
        <!--Datum: 28-Nov-2012 13:31:26-->
        <!--Motor:     D01-->
        <!--Umrichter: KSP64-->
        <!--xmlFileID_D01_KSP64_20121128133126_926-->
    </Version>
    <MotorData BackEMF="90" HoldingCurrent="8" ID="D01"
        KT-Factor="1.307" KT0-Factor="1.41" MaximalCurrent="26"
        MaximalTemperature="418" NominalCurrent="5.6" PolePairNumber="4"
        RampUpTime="10" TorqueOfInertia="0.00173" Vendor="KUKA"
        WindingInductance="0.008" WindingResistance="0.615"/>
    <SpeedTorqueData>
        <SpeedTorque Speed="0" Torque="27.5"/>
        <SpeedTorque Speed="2000" Torque="27.5"/>
        <SpeedTorque Speed="3000" Torque="16"/>
        <SpeedTorque Speed="4500" Torque="12"/>
        <SpeedTorque Speed="4501" Torque="0"/>
        <OperatingPoint Speed="3000" Torque="7.3"/>
        <HoldingTorque Speed="0" Torque="11"/>
    </SpeedTorqueData>
    <BrakeData Available="true" CloseTime="30" CoolOffCoeff="30"
        HoldingTorque="11" MaximalEnergy="1840" OpenTime="180" Torque="15"/>
    <EncoderData Available="true" Offset="0" RatioMotorEncoder="[4/1]"/>
    <SpeedCurrentDataAccelerate>
        <SpeedCurrent Current="26" Speed="0"/>
        <SpeedCurrent Current="26" Speed="2000"/>
        <SpeedCurrent Current="13" Speed="3000"/>
        <SpeedCurrent Current="10" Speed="4500"/>
        <SpeedCurrent Current="0" Speed="4750"/>
    </SpeedCurrentDataAccelerate>
    <SpeedCurrentDataDecelerate>
        <SpeedCurrent Current="-26" Speed="0"/>
        <SpeedCurrent Current="-26" Speed="1000"/>
        <SpeedCurrent Current="-26" Speed="2000"/>
        <SpeedCurrent Current="-13" Speed="3000"/>
        <SpeedCurrent Current="-10" Speed="4500"/>
        <SpeedCurrent Current="0" Speed="5000"/>
    </SpeedCurrentDataDecelerate>
    <IntermediateCircuitVoltage UzkMax="650" UzkRef="504.9"/>
    <KT-Characteristic T_ref="343" a1="1.4049" a3="-0.0002389" b0="1" b1="-0.00054"/>
</Motor>
<!--checksum 8584-->
