<?xml version="1.0" encoding="UTF-8"?>
<Motor xmlns:xsi="http://www.w3.org/2001/XMLSchema-instance" xsi:noNamespaceSchemaLocation="/Roboter/Config/System/Common/Schemes/Motor.xsd">
    <Version Label="">
        <Info Version="Any"/>
        <Schema Version="2"/>
        <!--###############################################################-->
        <!--########                                               ########-->
        <!--########                   KR C4 sr                    ########-->
        <!--########                  Motor-File                   ########-->
        <!--########               KUKA ROBOTER GMBH               ########-->
        <!--########                                               ########-->
        <!--###############################################################-->
        <!--ATB 1.41.0, DB V7.268-->
        <!--Datum: 20-Jan-2016 12:36:05-->
        <!--Motor:     D0Gen2C-->
        <!--Umrichter: KSPsr12-->
        <!--xmlFileID_D0Gen2C_KSPsr12_20160120123605_296-->
    </Version>
    <MotorData BackEMF="66.5" HoldingCurrent="5.5" ID="D0Gen2C"
        KT-Factor="1.0601" KT0-Factor="1.04" MaximalCurrent="12"
        MaximalTemperature="418" NominalCurrent="5.2" PolePairNumber="4"
        RampUpTime="10" TorqueOfInertia="0.00091" Vendor="KUKA"
        WindingInductance="0.008" WindingResistance="0.805"/>
    <SpeedTorqueData>
        <SpeedTorque Speed="0" Torque="9.6"/>
        <SpeedTorque Speed="2100" Torque="9.6"/>
        <SpeedTorque Speed="2200" Torque="8.8"/>
        <SpeedTorque Speed="3200" Torque="6.7"/>
        <SpeedTorque Speed="5500" Torque="3.2"/>
        <SpeedTorque Speed="5501" Torque="0"/>
        <OperatingPoint Speed="3000" Torque="5.2"/>
        <HoldingTorque Speed="0" Torque="5.72"/>
    </SpeedTorqueData>
    <BrakeData Available="true" CloseTime="50" CoolOffCoeff="4.3"
        HoldingTorque="5.5" MaxPermanentVoltage="24" MaximalEnergy="775"
        OpenTime="120" PowerSaveDelay="1" PowerSaveVoltage="21" Torque="5.5"/>
    <EncoderData Available="true" Offset="0" RatioMotorEncoder="[4/1]"/>
    <SpeedCurrentDataAccelerate>
        <SpeedCurrent Current="11.5" Speed="0"/>
        <SpeedCurrent Current="11.5" Speed="2500"/>
        <SpeedCurrent Current="9" Speed="4000"/>
        <SpeedCurrent Current="6" Speed="5700"/>
        <SpeedCurrent Current="0" Speed="6000"/>
    </SpeedCurrentDataAccelerate>
    <SpeedCurrentDataDecelerate>
        <SpeedCurrent Current="-11.5" Speed="0"/>
        <SpeedCurrent Current="-11.5" Speed="2500"/>
        <SpeedCurrent Current="-9" Speed="4400"/>
        <SpeedCurrent Current="-6" Speed="5700"/>
        <SpeedCurrent Current="0" Speed="6000"/>
        <SpeedCurrent Current="0" Speed="6360"/>
    </SpeedCurrentDataDecelerate>
    <IntermediateCircuitVoltage UzkMax="550" UzkRef="344.9"/>
    <KT-Characteristic T_ref="343.4" a1="1.096" a3="-0.00044764" b0="1" b1="-0.00052847"/>
</Motor>
<!--checksum 3927-->
