<?xml version="1.0" encoding="UTF-8"?>
<Motor xmlns:xsi="http://www.w3.org/2001/XMLSchema-instance" xsi:noNamespaceSchemaLocation="/Roboter/Config/System/Common/Schemes/Motor.xsd">
    <Version Label="">
        <Info Version="Any"/>
        <Schema Version="2"/>
        <!--###############################################################-->
        <!--########                                               ########-->
        <!--########                   KR C4 sr                    ########-->
        <!--########                  Servo-File                   ########-->
        <!--########               KUKA-ROBOTER GMBH               ########-->
        <!--########                                               ########-->
        <!--###############################################################-->
        <!--ATB 1.27.0, DB V7.155-->
        <!--Datum: 08-May-2014 09:12:39-->
        <!--Motor:     D01-->
        <!--Umrichter: KSPsr12-->
        <!--xmlFileID_D01_KSPsr12_20140508091239_399-->
    </Version>
    <MotorData BackEMF="90" HoldingCurrent="4" ID="D01"
        KT-Factor="1.386" KT0-Factor="1.41" MaximalCurrent="11.5"
        MaximalTemperature="418" NominalCurrent="5.6" PolePairNumber="4"
        RampUpTime="10" TorqueOfInertia="0.00173" Vendor="KUKA"
        WindingInductance="0.008" WindingResistance="0.615"/>
    <SpeedTorqueData>
        <SpeedTorque Speed="0" Torque="13.6"/>
        <SpeedTorque Speed="1500" Torque="13.6"/>
        <SpeedTorque Speed="2200" Torque="6"/>
        <SpeedTorque Speed="3000" Torque="1"/>
        <SpeedTorque Speed="3001" Torque="0"/>
        <OperatingPoint Speed="3000" Torque="7.3"/>
        <HoldingTorque Speed="0" Torque="5.64"/>
    </SpeedTorqueData>
    <BrakeData Available="true" CloseTime="30" CoolOffCoeff="30"
        HoldingTorque="11" MaxPermanentVoltage="24" MaximalEnergy="1840"
        OpenTime="180" PowerSaveDelay="1" PowerSaveVoltage="20.5" Torque="15"/>
    <EncoderData Available="true" Offset="0" RatioMotorEncoder="[4/1]"/>
    <SpeedCurrentDataAccelerate>
        <SpeedCurrent Current="11.5" Speed="0"/>
        <SpeedCurrent Current="11.5" Speed="2200"/>
        <SpeedCurrent Current="2.5" Speed="3000"/>
        <SpeedCurrent Current="0" Speed="3250"/>
        <SpeedCurrent Current="0" Speed="3550"/>
    </SpeedCurrentDataAccelerate>
    <SpeedCurrentDataDecelerate>
        <SpeedCurrent Current="-11.5" Speed="0"/>
        <SpeedCurrent Current="-11.5" Speed="2200"/>
        <SpeedCurrent Current="-2.5" Speed="3000"/>
        <SpeedCurrent Current="0" Speed="3500"/>
        <SpeedCurrent Current="0" Speed="3800"/>
        <SpeedCurrent Current="0" Speed="3860"/>
    </SpeedCurrentDataDecelerate>
    <IntermediateCircuitVoltage UzkMax="380" UzkRef="325"/>
    <KT-Characteristic T_ref="343" a1="1.4049" a3="-0.0002389" b0="1" b1="-0.00054"/>
</Motor>
<!--checksum 9048-->
