<?xml version="1.0" encoding="UTF-8"?>
<Motor xmlns:xsi="http://www.w3.org/2001/XMLSchema-instance" xsi:noNamespaceSchemaLocation="/Roboter/Config/System/Common/Schemes/Motor.xsd">
    <Version Label="">
        <Info Version="Any"/>
        <Schema Version="2"/>
        <!--###############################################################-->
        <!--########                                               ########-->
        <!--########                   KR C4 sr                    ########-->
        <!--########                  Motor-File                   ########-->
        <!--########               KUKA ROBOTER GMBH               ########-->
        <!--########                                               ########-->
        <!--###############################################################-->
        <!--ATB 1.40.2, DB V7.252-->
        <!--Datum: 06-Oct-2015 16:40:51-->
        <!--Motor:     D0Gen2B-->
        <!--Umrichter: KSPsr12-->
        <!--xmlFileID_D0Gen2B_KSPsr12_20151006164051_082-->
    </Version>
    <MotorData BackEMF="82" HoldingCurrent="5" ID="D0Gen2B"
        KT-Factor="1.2805" KT0-Factor="1.28" MaximalCurrent="12"
        MaximalTemperature="418" NominalCurrent="4.4" PolePairNumber="4"
        RampUpTime="10" TorqueOfInertia="0.00091" Vendor="KUKA"
        WindingInductance="0.0148" WindingResistance="1.19"/>
    <SpeedTorqueData>
        <SpeedTorque Speed="0" Torque="12"/>
        <SpeedTorque Speed="1300" Torque="12"/>
        <SpeedTorque Speed="2700" Torque="5.92"/>
        <SpeedTorque Speed="5500" Torque="2.0848"/>
        <SpeedTorque Speed="5501" Torque="0"/>
        <OperatingPoint Speed="3000" Torque="5.2"/>
        <HoldingTorque Speed="0" Torque="6.4"/>
    </SpeedTorqueData>
    <BrakeData Available="true" CloseTime="50" CoolOffCoeff="4.3"
        HoldingTorque="5.5" MaxPermanentVoltage="24" MaximalEnergy="775"
        OpenTime="120" PowerSaveDelay="1" PowerSaveVoltage="21" Torque="5.5"/>
    <EncoderData Available="true" Offset="0" RatioMotorEncoder="[4/1]"/>
    <SpeedCurrentDataAccelerate>
        <SpeedCurrent Current="11.5" Speed="0"/>
        <SpeedCurrent Current="11.5" Speed="1550"/>
        <SpeedCurrent Current="5.3" Speed="3400"/>
        <SpeedCurrent Current="2.8596" Speed="5750"/>
        <SpeedCurrent Current="0" Speed="5751"/>
    </SpeedCurrentDataAccelerate>
    <SpeedCurrentDataDecelerate>
        <SpeedCurrent Current="-11.5" Speed="0"/>
        <SpeedCurrent Current="-11.5" Speed="1550"/>
        <SpeedCurrent Current="-5.3" Speed="3400"/>
        <SpeedCurrent Current="-2.6" Speed="6000"/>
        <SpeedCurrent Current="0" Speed="6001"/>
        <SpeedCurrent Current="0" Speed="6360"/>
    </SpeedCurrentDataDecelerate>
    <IntermediateCircuitVoltage UzkMax="550" UzkRef="344.9"/>
    <KT-Characteristic T_ref="343.4" a1="1.3547" a3="-0.00092712" b0="1" b1="-0.00058712"/>
</Motor>
<!--checksum 1033-->
