<?xml version="1.0" encoding="UTF-8"?>
<Motor xmlns:xsi="http://www.w3.org/2001/XMLSchema-instance" xsi:noNamespaceSchemaLocation="/Roboter/Config/System/Common/Schemes/Motor.xsd">
    <Version Label="">
        <Info Version="Any"/>
        <Schema Version="2"/>
        <!--#############################################################-->
        <!--########                                             ########-->
        <!--########                  MOTOR-FILE                 ########-->
        <!--########              KUKA-ROBOTER GMBH              ########-->
        <!--########                                             ########-->
        <!--#############################################################-->
        <!--ATB V1.0, DB V7.11-->
        <!--Datum: 24-Jun-2013 11:03:38-->
        <!--Motor:     D01-->
        <!--Umrichter: KSP40-->
        <!--xmlFileID_D01_KSP40_20130624110338_116-->
    </Version>
    <MotorData BackEMF="90" HoldingCurrent="8" ID="D01"
        KT-Factor="1.307" KT0-Factor="1.41" MaximalCurrent="26"
        MaximalTemperature="418" NominalCurrent="5.6" PolePairNumber="4"
        RampUpTime="10" TorqueOfInertia="0.00173" Vendor="KUKA"
        WindingInductance="0.008" WindingResistance="0.615"/>
    <SpeedTorqueData>
        <SpeedTorque Speed="0" Torque="27.5"/>
        <SpeedTorque Speed="2000" Torque="27.5"/>
        <SpeedTorque Speed="3000" Torque="16"/>
        <SpeedTorque Speed="4500" Torque="12"/>
        <SpeedTorque Speed="4501" Torque="0"/>
        <OperatingPoint Speed="3000" Torque="7.3"/>
        <HoldingTorque Speed="0" Torque="11"/>
    </SpeedTorqueData>
    <BrakeData Available="true" CloseTime="30" CoolOffCoeff="30"
        HoldingTorque="11" MaximalEnergy="1840" OpenTime="180" Torque="15"/>
    <EncoderData Available="true" Offset="0" RatioMotorEncoder="[4/1]"/>
    <SpeedCurrentDataAccelerate>
        <SpeedCurrent Current="26" Speed="0"/>
        <SpeedCurrent Current="26" Speed="2000"/>
        <SpeedCurrent Current="13" Speed="3000"/>
        <SpeedCurrent Current="10" Speed="4500"/>
        <SpeedCurrent Current="0" Speed="4750"/>
    </SpeedCurrentDataAccelerate>
    <SpeedCurrentDataDecelerate>
        <SpeedCurrent Current="-26" Speed="0"/>
        <SpeedCurrent Current="-26" Speed="2000"/>
        <SpeedCurrent Current="-13" Speed="3000"/>
        <SpeedCurrent Current="-10" Speed="4500"/>
        <SpeedCurrent Current="0" Speed="5000"/>
        <SpeedCurrent Current="0" Speed="5360"/>
    </SpeedCurrentDataDecelerate>
    <IntermediateCircuitVoltage UzkMax="730" UzkRef="553.5"/>
    <KT-Characteristic T_ref="343" a1="1.4049" a3="-0.0002389" b0="1" b1="-0.00054"/>
    <EnergyData d1="-11.9" d2="0.85" d3="19">
        <k i="1" value="7.087"/>
        <k i="2" value="5.88e-05"/>
        <k i="3" value="0"/>
        <k i="4" value="2.3981"/>
        <k i="5" value="0"/>
        <k i="6" value="1.6858"/>
        <k i="7" value="0.0071"/>
        <k i="8" value="0.0327"/>
        <k i="9" value="0"/>
    </EnergyData>
</Motor>
<!--checksum 8538-->
