<?xml version="1.0" encoding="UTF-8"?>
<Motor xmlns:xsi="http://www.w3.org/2001/XMLSchema-instance" xsi:noNamespaceSchemaLocation="/Roboter/Config/System/Common/Schemes/Motor.xsd">
    <Version Label="">
        <Info Version="Any"/>
        <Schema Version="2"/>
        <!--###############################################################-->
        <!--########                                               ########-->
        <!--########                   KR C4 sr                    ########-->
        <!--########                  Servo-File                   ########-->
        <!--########               KUKA-ROBOTER GMBH               ########-->
        <!--########                                               ########-->
        <!--###############################################################-->
        <!--ATB 1.27.0, DB V7.155-->
        <!--Datum: 08-May-2014 09:12:44-->
        <!--Motor:     D0-->
        <!--Umrichter: KSPsr12-->
        <!--xmlFileID_D0_KSPsr12_20140508091244_485-->
    </Version>
    <MotorData BackEMF="84.5" HoldingCurrent="4" ID="D0"
        KT-Factor="1.33" KT0-Factor="1.33" MaximalCurrent="11.5"
        MaximalTemperature="418" NominalCurrent="3.7" PolePairNumber="4"
        RampUpTime="10" TorqueOfInertia="0.00091" Vendor="KUKA"
        WindingInductance="0.0142" WindingResistance="1.35"/>
    <SpeedTorqueData>
        <SpeedTorque Speed="0" Torque="12.7"/>
        <SpeedTorque Speed="1450" Torque="12.7"/>
        <SpeedTorque Speed="3000" Torque="6.9"/>
        <SpeedTorque Speed="3001" Torque="0"/>
        <OperatingPoint Speed="3000" Torque="4.7"/>
        <HoldingTorque Speed="0" Torque="5.32"/>
    </SpeedTorqueData>
    <BrakeData Available="true" CloseTime="20" CoolOffCoeff="4.6944"
        HoldingTorque="5" MaxPermanentVoltage="24" MaximalEnergy="845"
        OpenTime="100" PowerSaveDelay="1" PowerSaveVoltage="20.5" Torque="10"/>
    <EncoderData Available="true" Offset="0" RatioMotorEncoder="[4/1]"/>
    <SpeedCurrentDataAccelerate>
        <SpeedCurrent Current="11.5" Speed="0"/>
        <SpeedCurrent Current="11.5" Speed="1450"/>
        <SpeedCurrent Current="6" Speed="3000"/>
        <SpeedCurrent Current="5.75" Speed="3250"/>
        <SpeedCurrent Current="0" Speed="3251"/>
    </SpeedCurrentDataAccelerate>
    <SpeedCurrentDataDecelerate>
        <SpeedCurrent Current="-11.5" Speed="0"/>
        <SpeedCurrent Current="-11.5" Speed="1450"/>
        <SpeedCurrent Current="-6" Speed="3000"/>
        <SpeedCurrent Current="-5.5" Speed="3500"/>
        <SpeedCurrent Current="0" Speed="3501"/>
        <SpeedCurrent Current="0" Speed="3861"/>
    </SpeedCurrentDataDecelerate>
    <IntermediateCircuitVoltage UzkMax="380" UzkRef="339.6"/>
    <KT-Characteristic T_ref="343" a1="1.3098" a3="-0.00089537" b0="1" b1="-0.00054"/>
</Motor>
<!--checksum 6168-->
