<?xml version="1.0" encoding="UTF-8"?>
<Motor xmlns:xsi="http://www.w3.org/2001/XMLSchema-instance" xsi:noNamespaceSchemaLocation="/Roboter/Config/System/Common/Schemes/Motor.xsd">
    <Version Label="">
        <Info Version="Any"/>
        <Schema Version="2"/>
        <!--###############################################################-->
        <!--########                                               ########-->
        <!--########                   KR C4 sr                    ########-->
        <!--########                  Servo-File                   ########-->
        <!--########               KUKA-ROBOTER GMBH               ########-->
        <!--########                                               ########-->
        <!--###############################################################-->
        <!--ATB 1.27.0, DB V7.155-->
        <!--Datum: 08-May-2014 09:12:35-->
        <!--Motor:     E0-->
        <!--Umrichter: KSPsr12-->
        <!--xmlFileID_E0_KSPsr12_20140508091235_266-->
    </Version>
    <MotorData BackEMF="55" HoldingCurrent="2" ID="E0" KT-Factor="0.876"
        KT0-Factor="0.8" MaximalCurrent="8" MaximalTemperature="418"
        NominalCurrent="1.6" PolePairNumber="3" RampUpTime="10"
        TorqueOfInertia="0.0001" Vendor="KUKA"
        WindingInductance="0.0165" WindingResistance="4.7"/>
    <SpeedTorqueData>
        <SpeedTorque Speed="0" Torque="5.8"/>
        <SpeedTorque Speed="1650" Torque="5.8"/>
        <SpeedTorque Speed="3000" Torque="3.8"/>
        <SpeedTorque Speed="4500" Torque="2.8"/>
        <SpeedTorque Speed="4501" Torque="0"/>
        <OperatingPoint Speed="4500" Torque="1.2"/>
        <HoldingTorque Speed="0" Torque="1.6"/>
    </SpeedTorqueData>
    <BrakeData Available="true" CloseTime="25" CoolOffCoeff="0.63333"
        HoldingTorque="1.1" MaxPermanentVoltage="24" MaximalEnergy="114"
        OpenTime="75" PowerSaveDelay="1" PowerSaveVoltage="20.5" Torque="2.5"/>
    <EncoderData Available="true" Offset="0" RatioMotorEncoder="[3/1]"/>
    <SpeedCurrentDataAccelerate>
        <SpeedCurrent Current="8" Speed="0"/>
        <SpeedCurrent Current="8" Speed="2000"/>
        <SpeedCurrent Current="5" Speed="3600"/>
        <SpeedCurrent Current="4.0417" Speed="4750"/>
        <SpeedCurrent Current="0" Speed="4751"/>
    </SpeedCurrentDataAccelerate>
    <SpeedCurrentDataDecelerate>
        <SpeedCurrent Current="-8" Speed="0"/>
        <SpeedCurrent Current="-8" Speed="2000"/>
        <SpeedCurrent Current="-5" Speed="3600"/>
        <SpeedCurrent Current="-3.8333" Speed="5000"/>
        <SpeedCurrent Current="0" Speed="5001"/>
        <SpeedCurrent Current="0" Speed="5361"/>
    </SpeedCurrentDataDecelerate>
    <IntermediateCircuitVoltage UzkMax="380" UzkRef="325"/>
    <KT-Characteristic T_ref="343" a1="0.92507" a3="-0.0012762" b0="1" b1="-0.00054"/>
</Motor>
<!--checksum 8775-->
