<?xml version="1.0" encoding="UTF-8"?>
<Motor xmlns:xsi="http://www.w3.org/2001/XMLSchema-instance" xsi:noNamespaceSchemaLocation="/Roboter/Config/System/Common/Schemes/Motor.xsd">
    <Version Label="">
        <Info Version="Any"/>
        <Schema Version="2"/>
        <!--#############################################################-->
        <!--########                                             ########-->
        <!--########                  MOTOR-FILE                 ########-->
        <!--########              KUKA-ROBOTER GMBH              ########-->
        <!--########                                             ########-->
        <!--#############################################################-->
        <!--ATB V1.0, DB V7.83-->
        <!--Datum: 28-Nov-2012 13:31:27-->
        <!--Motor:     E0-->
        <!--Umrichter: KSP40-->
        <!--xmlFileID_E0_KSP40_20121128133127_488-->
    </Version>
    <MotorData BackEMF="55" HoldingCurrent="2" ID="E0" KT-Factor="0.876"
        KT0-Factor="0.8" MaximalCurrent="8" MaximalTemperature="418"
        NominalCurrent="1.6" PolePairNumber="3" RampUpTime="10"
        TorqueOfInertia="0.0001" Vendor="KUKA"
        WindingInductance="0.0165" WindingResistance="4.7"/>
    <SpeedTorqueData>
        <SpeedTorque Speed="0" Torque="5.8"/>
        <SpeedTorque Speed="3000" Torque="5.8"/>
        <SpeedTorque Speed="3400" Torque="5.4"/>
        <SpeedTorque Speed="4500" Torque="4.3"/>
        <SpeedTorque Speed="4501" Torque="0"/>
        <OperatingPoint Speed="4500" Torque="1.2"/>
        <HoldingTorque Speed="0" Torque="1.6"/>
    </SpeedTorqueData>
    <BrakeData Available="true" CloseTime="25" CoolOffCoeff="0.63333"
        HoldingTorque="1.1" MaximalEnergy="114" OpenTime="75" Torque="2.5"/>
    <EncoderData Available="true" Offset="0" RatioMotorEncoder="[3/1]"/>
    <SpeedCurrentDataAccelerate>
        <SpeedCurrent Current="8" Speed="0"/>
        <SpeedCurrent Current="8" Speed="3000"/>
        <SpeedCurrent Current="7" Speed="3400"/>
        <SpeedCurrent Current="5.5" Speed="4500"/>
        <SpeedCurrent Current="0" Speed="4750"/>
    </SpeedCurrentDataAccelerate>
    <SpeedCurrentDataDecelerate>
        <SpeedCurrent Current="-8" Speed="0"/>
        <SpeedCurrent Current="-8" Speed="1500"/>
        <SpeedCurrent Current="-8" Speed="3000"/>
        <SpeedCurrent Current="-7" Speed="3400"/>
        <SpeedCurrent Current="-5.5" Speed="4500"/>
        <SpeedCurrent Current="0" Speed="5000"/>
    </SpeedCurrentDataDecelerate>
    <IntermediateCircuitVoltage UzkMax="650" UzkRef="507.7"/>
    <KT-Characteristic T_ref="343" a1="0.92507" a3="-0.0012762" b0="1" b1="-0.00054"/>
</Motor>
<!--checksum 8385-->
