<?xml version="1.0" encoding="UTF-8"?>
<Motor xmlns:xsi="http://www.w3.org/2001/XMLSchema-instance" xsi:noNamespaceSchemaLocation="/Roboter/Config/System/Common/Schemes/Motor.xsd">
    <Version Label="">
        <Info Version="Any"/>
        <Schema Version="2"/>
        <!--###############################################################-->
        <!--########                                               ########-->
        <!--########                   KR C4 sr                    ########-->
        <!--########                  Servo-File                   ########-->
        <!--########               KUKA-ROBOTER GMBH               ########-->
        <!--########                                               ########-->
        <!--###############################################################-->
        <!--ATB 1.27.0, DB V7.155-->
        <!--Datum: 08-May-2014 09:12:30-->
        <!--Motor:     E-->
        <!--Umrichter: KSPsr12-->
        <!--xmlFileID_E_KSPsr12_20140508091230_601-->
    </Version>
    <MotorData BackEMF="45" HoldingCurrent="1.7" ID="E"
        KT-Factor="0.673" KT0-Factor="0.67" MaximalCurrent="7"
        MaximalTemperature="418" NominalCurrent="1.3" PolePairNumber="3"
        RampUpTime="10" TorqueOfInertia="7.1e-05" Vendor="KUKA"
        WindingInductance="0.0185" WindingResistance="5.3"/>
    <SpeedTorqueData>
        <SpeedTorque Speed="0" Torque="4"/>
        <SpeedTorque Speed="1900" Torque="4"/>
        <SpeedTorque Speed="4000" Torque="2.1"/>
        <SpeedTorque Speed="4500" Torque="1.925"/>
        <SpeedTorque Speed="4501" Torque="0"/>
        <OperatingPoint Speed="6000" Torque="0.8"/>
        <HoldingTorque Speed="0" Torque="1.15"/>
    </SpeedTorqueData>
    <BrakeData Available="true" CloseTime="25" CoolOffCoeff="0.63333"
        HoldingTorque="1.1" MaxPermanentVoltage="24" MaximalEnergy="114"
        OpenTime="50" PowerSaveDelay="1" PowerSaveVoltage="20.5" Torque="2.5"/>
    <EncoderData Available="true" Offset="0" RatioMotorEncoder="[3/1]"/>
    <SpeedCurrentDataAccelerate>
        <SpeedCurrent Current="7" Speed="0"/>
        <SpeedCurrent Current="7" Speed="2300"/>
        <SpeedCurrent Current="4.06" Speed="4750"/>
        <SpeedCurrent Current="0" Speed="4751"/>
        <SpeedCurrent Current="0" Speed="5051"/>
    </SpeedCurrentDataAccelerate>
    <SpeedCurrentDataDecelerate>
        <SpeedCurrent Current="-7" Speed="0"/>
        <SpeedCurrent Current="-7" Speed="2300"/>
        <SpeedCurrent Current="-4" Speed="4800"/>
        <SpeedCurrent Current="-3.8333" Speed="5000"/>
        <SpeedCurrent Current="0" Speed="5001"/>
        <SpeedCurrent Current="0" Speed="5361"/>
    </SpeedCurrentDataDecelerate>
    <IntermediateCircuitVoltage UzkMax="380" UzkRef="325"/>
    <KT-Characteristic T_ref="343" a1="0.71536" a3="-0.0014187" b0="1" b1="-0.00054"/>
</Motor>
<!--checksum 8698-->
