<?xml version="1.0" encoding="UTF-8"?>
<Motor xmlns:xsi="http://www.w3.org/2001/XMLSchema-instance" xsi:noNamespaceSchemaLocation="/Roboter/Config/System/Common/Schemes/Motor.xsd">
    <Version Label="">
        <Info Version="Any"/>
        <Schema Version="2"/>
        <!--#############################################################-->
        <!--########                                             ########-->
        <!--########                  MOTOR-FILE                 ########-->
        <!--########              KUKA-ROBOTER GMBH              ########-->
        <!--########                                             ########-->
        <!--#############################################################-->
        <!--ATB V1.0, DB V7.83-->
        <!--Datum: 28-Nov-2012 13:31:28-->
        <!--Motor:     E-->
        <!--Umrichter: KSP40-->
        <!--xmlFileID_E_KSP40_20121128133128_424-->
    </Version>
    <MotorData BackEMF="45" HoldingCurrent="1.7" ID="E"
        KT-Factor="0.673" KT0-Factor="0.67" MaximalCurrent="7"
        MaximalTemperature="418" NominalCurrent="1.3" PolePairNumber="3"
        RampUpTime="10" TorqueOfInertia="7.1e-005" Vendor="KUKA"
        WindingInductance="0.0185" WindingResistance="5.3"/>
    <SpeedTorqueData>
        <SpeedTorque Speed="0" Torque="3.9"/>
        <SpeedTorque Speed="3600" Torque="3.9"/>
        <SpeedTorque Speed="4500" Torque="3.2"/>
        <SpeedTorque Speed="4501" Torque="0"/>
        <OperatingPoint Speed="6000" Torque="0.8"/>
        <HoldingTorque Speed="0" Torque="1.15"/>
    </SpeedTorqueData>
    <BrakeData Available="true" CloseTime="25" CoolOffCoeff="0.63333"
        HoldingTorque="1.1" MaximalEnergy="114" OpenTime="50" Torque="2.5"/>
    <EncoderData Available="true" Offset="0" RatioMotorEncoder="[3/1]"/>
    <SpeedCurrentDataAccelerate>
        <SpeedCurrent Current="7" Speed="0"/>
        <SpeedCurrent Current="7" Speed="3600"/>
        <SpeedCurrent Current="5.5" Speed="4500"/>
        <SpeedCurrent Current="0" Speed="4750"/>
        <SpeedCurrent Current="0" Speed="5050"/>
    </SpeedCurrentDataAccelerate>
    <SpeedCurrentDataDecelerate>
        <SpeedCurrent Current="-7" Speed="0"/>
        <SpeedCurrent Current="-7" Speed="900"/>
        <SpeedCurrent Current="-7" Speed="1800"/>
        <SpeedCurrent Current="-7" Speed="3600"/>
        <SpeedCurrent Current="-5.5" Speed="4500"/>
        <SpeedCurrent Current="0" Speed="5000"/>
    </SpeedCurrentDataDecelerate>
    <IntermediateCircuitVoltage UzkMax="650" UzkRef="498.7"/>
    <KT-Characteristic T_ref="343" a1="0.71536" a3="-0.0014187" b0="1" b1="-0.00054"/>
</Motor>
<!--checksum 5178-->
