<?xml version="1.0" encoding="UTF-8"?>
<Motor xmlns:xsi="http://www.w3.org/2001/XMLSchema-instance" xsi:noNamespaceSchemaLocation="/Roboter/Config/System/Common/Schemes/Motor.xsd">
    <Version Label="">
        <Info Version="Any"/>
        <Schema Version="2"/>
        <!--#############################################################-->
        <!--########                                             ########-->
        <!--########                  MOTOR-FILE                 ########-->
        <!--########              KUKA-ROBOTER GMBH              ########-->
        <!--########                                             ########-->
        <!--#############################################################-->
        <!--ATB V1.0, DB V7.83-->
        <!--Datum: 28-Nov-2012 13:31:46-->
        <!--Motor:     G1-->
        <!--Umrichter: KSP64-->
        <!--xmlFileID_G1_KSP64_20121128133146_582-->
    </Version>
    <MotorData BackEMF="73" HoldingCurrent="15" ID="G1"
        KT-Factor="1.034" KT0-Factor="1.2" MaximalCurrent="48"
        MaximalTemperature="418" NominalCurrent="7.3" PolePairNumber="4"
        RampUpTime="10" TorqueOfInertia="0.00652" Vendor="KUKA"
        WindingInductance="0.0035" WindingResistance="0.175"/>
    <SpeedTorqueData>
        <SpeedTorque Speed="0" Torque="40"/>
        <SpeedTorque Speed="2500" Torque="40"/>
        <SpeedTorque Speed="3500" Torque="28"/>
        <SpeedTorque Speed="4500" Torque="20"/>
        <SpeedTorque Speed="4501" Torque="0"/>
        <OperatingPoint Speed="4300" Torque="7.1"/>
        <HoldingTorque Speed="0" Torque="18"/>
    </SpeedTorqueData>
    <BrakeData Available="true" CloseTime="60" CoolOffCoeff="37"
        HoldingTorque="18" MaximalEnergy="6736" OpenTime="175" Torque="19"/>
    <EncoderData Available="true" Offset="0" RatioMotorEncoder="[4/1]"/>
    <SpeedCurrentDataAccelerate>
        <SpeedCurrent Current="48" Speed="0"/>
        <SpeedCurrent Current="48" Speed="2500"/>
        <SpeedCurrent Current="30" Speed="3500"/>
        <SpeedCurrent Current="21" Speed="4500"/>
        <SpeedCurrent Current="0" Speed="4750"/>
    </SpeedCurrentDataAccelerate>
    <SpeedCurrentDataDecelerate>
        <SpeedCurrent Current="-48" Speed="0"/>
        <SpeedCurrent Current="-48" Speed="1250"/>
        <SpeedCurrent Current="-48" Speed="2500"/>
        <SpeedCurrent Current="-30" Speed="3500"/>
        <SpeedCurrent Current="-21" Speed="4500"/>
        <SpeedCurrent Current="0" Speed="5000"/>
    </SpeedCurrentDataDecelerate>
    <IntermediateCircuitVoltage UzkMax="730" UzkRef="553.5"/>
    <KT-Characteristic T_ref="343" a1="1.1351" a3="-7.224e-005" b0="1" b1="-0.00054"/>
</Motor>
<!--checksum 8482-->
