<?xml version="1.0" encoding="UTF-8"?>
<Motor xmlns:xsi="http://www.w3.org/2001/XMLSchema-instance" xsi:noNamespaceSchemaLocation="/Roboter/Config/System/Common/Schemes/Motor.xsd">
    <Version Label="">
        <Info Version="Any"/>
        <Schema Version="2"/>
        <!--#############################################################-->
        <!--########                                             ########-->
        <!--########                  MOTOR-FILE                 ########-->
        <!--########              KUKA-ROBOTER GMBH              ########-->
        <!--########                                             ########-->
        <!--#############################################################-->
        <!--ATB V1.0, DB V7.83-->
        <!--Datum: 28-Nov-2012 13:31:30-->
        <!--Motor:     H-->
        <!--Umrichter: KSP40-->
        <!--xmlFileID_H_KSP40_20121128133130_249-->
    </Version>
    <MotorData BackEMF="78" HoldingCurrent="9.2" ID="H"
        KT-Factor="1.197" KT0-Factor="1.2" MaximalCurrent="32"
        MaximalTemperature="418" NominalCurrent="5.4" PolePairNumber="4"
        RampUpTime="10" TorqueOfInertia="0.00235" Vendor="KUKA"
        WindingInductance="0.0063" WindingResistance="0.395"/>
    <SpeedTorqueData>
        <SpeedTorque Speed="0" Torque="31"/>
        <SpeedTorque Speed="2300" Torque="31"/>
        <SpeedTorque Speed="2900" Torque="21"/>
        <SpeedTorque Speed="4500" Torque="14"/>
        <SpeedTorque Speed="4501" Torque="0"/>
        <OperatingPoint Speed="4100" Torque="5.8"/>
        <HoldingTorque Speed="0" Torque="11"/>
    </SpeedTorqueData>
    <BrakeData Available="true" CloseTime="30" CoolOffCoeff="30.8"
        HoldingTorque="11" MaximalEnergy="1870" OpenTime="70" Torque="16"/>
    <EncoderData Available="true" Offset="0" RatioMotorEncoder="[4/1]"/>
    <SpeedCurrentDataAccelerate>
        <SpeedCurrent Current="32" Speed="0"/>
        <SpeedCurrent Current="32" Speed="2300"/>
        <SpeedCurrent Current="22" Speed="2900"/>
        <SpeedCurrent Current="13" Speed="4500"/>
        <SpeedCurrent Current="0" Speed="4750"/>
    </SpeedCurrentDataAccelerate>
    <SpeedCurrentDataDecelerate>
        <SpeedCurrent Current="-32" Speed="0"/>
        <SpeedCurrent Current="-32" Speed="1150"/>
        <SpeedCurrent Current="-32" Speed="2300"/>
        <SpeedCurrent Current="-22" Speed="2900"/>
        <SpeedCurrent Current="-13" Speed="4500"/>
        <SpeedCurrent Current="0" Speed="5000"/>
    </SpeedCurrentDataDecelerate>
    <IntermediateCircuitVoltage UzkMax="650" UzkRef="505"/>
    <KT-Characteristic T_ref="343" a1="1.2959" a3="-0.00015965" b0="1" b1="-0.00054"/>
</Motor>
<!--checksum 8227-->
