<?xml version="1.0" encoding="UTF-8"?>
<Motor xmlns:xsi="http://www.w3.org/2001/XMLSchema-instance" xsi:noNamespaceSchemaLocation="/Roboter/Config/System/Common/Schemes/Motor.xsd">
    <Version Label="">
        <Info Version="Any"/>
        <Schema Version="2"/>
        <!--#############################################################-->
        <!--########                                             ########-->
        <!--########                  MOTOR-FILE                 ########-->
        <!--########              KUKA-ROBOTER GMBH              ########-->
        <!--########                                             ########-->
        <!--#############################################################-->
        <!--ATB 1.27.0, DB V7.156-->
        <!--Datum: 12-May-2014 14:18:10-->
        <!--Motor:     I1-->
        <!--Umrichter: KSP64-->
        <!--xmlFileID_I1_KSP64_20140512141810_059-->
    </Version>
    <MotorData BackEMF="101" HoldingCurrent="16.5" ID="I1"
        KT-Factor="1.545" KT0-Factor="1.58" MaximalCurrent="50"
        MaximalTemperature="418" NominalCurrent="8.5" PolePairNumber="4"
        RampUpTime="10" TorqueOfInertia="0.00934" Vendor="KUKA"
        WindingInductance="0.0041" WindingResistance="0.205"/>
    <SpeedTorqueData>
        <SpeedTorque Speed="0" Torque="60.5"/>
        <SpeedTorque Speed="2000" Torque="60.5"/>
        <SpeedTorque Speed="3200" Torque="39.8"/>
        <SpeedTorque Speed="4500" Torque="27.3"/>
        <SpeedTorque Speed="4501" Torque="0"/>
        <OperatingPoint Speed="3350" Torque="12"/>
        <HoldingTorque Speed="0" Torque="26"/>
    </SpeedTorqueData>
    <BrakeData Available="true" CloseTime="50" CoolOffCoeff="40"
        HoldingTorque="27" MaximalEnergy="7235" OpenTime="180" Torque="27"/>
    <EncoderData Available="true" Offset="0" RatioMotorEncoder="[4/1]"/>
    <SpeedCurrentDataAccelerate>
        <SpeedCurrent Current="50" Speed="0"/>
        <SpeedCurrent Current="50" Speed="2000"/>
        <SpeedCurrent Current="30" Speed="3200"/>
        <SpeedCurrent Current="20" Speed="4500"/>
        <SpeedCurrent Current="0" Speed="4750"/>
    </SpeedCurrentDataAccelerate>
    <SpeedCurrentDataDecelerate>
        <SpeedCurrent Current="-50" Speed="0"/>
        <SpeedCurrent Current="-50" Speed="2000"/>
        <SpeedCurrent Current="-30" Speed="3200"/>
        <SpeedCurrent Current="-20" Speed="4500"/>
        <SpeedCurrent Current="0" Speed="5000"/>
        <SpeedCurrent Current="0" Speed="5360"/>
    </SpeedCurrentDataDecelerate>
    <IntermediateCircuitVoltage UzkMax="730" UzkRef="615.9"/>
    <KT-Characteristic T_ref="343" a1="1.6788" a3="-8.816e-05" b0="1" b1="-0.00054"/>
</Motor>
<!--checksum 8946-->
