<?xml version="1.0" encoding="UTF-8"?>
<Motor xmlns:xsi="http://www.w3.org/2001/XMLSchema-instance" xsi:noNamespaceSchemaLocation="/Roboter/Config/System/Common/Schemes/Motor.xsd">
    <Version Label="">
        <Info Version="Any"/>
        <Schema Version="2"/>
        <!--#############################################################-->
        <!--########                                             ########-->
        <!--########                  MOTOR-FILE                 ########-->
        <!--########              KUKA-ROBOTER GMBH              ########-->
        <!--########                                             ########-->
        <!--#############################################################-->
        <!--ATB 1.28.0, DB V7.162-->
        <!--Datum: 25-Jul-2014 08:30:30-->
        <!--Motor:     I1-->
        <!--Umrichter: KSP40-->
        <!--xmlFileID_I1_KSP40_20140725083030_482-->
    </Version>
    <MotorData BackEMF="101" HoldingCurrent="16.5" ID="I1"
        KT-Factor="1.592" KT0-Factor="1.58" MaximalCurrent="32"
        MaximalTemperature="418" NominalCurrent="8.5" PolePairNumber="4"
        RampUpTime="10" TorqueOfInertia="0.00934" Vendor="KUKA"
        WindingInductance="0.0041" WindingResistance="0.205"/>
    <SpeedTorqueData>
        <SpeedTorque Speed="0" Torque="42.4"/>
        <SpeedTorque Speed="2400" Torque="42.4"/>
        <SpeedTorque Speed="3150" Torque="35.1"/>
        <SpeedTorque Speed="4500" Torque="25.8"/>
        <SpeedTorque Speed="4501" Torque="0"/>
        <OperatingPoint Speed="3350" Torque="12"/>
        <HoldingTorque Speed="0" Torque="26"/>
    </SpeedTorqueData>
    <BrakeData Available="true" CloseTime="50" CoolOffCoeff="40"
        HoldingTorque="27" MaximalEnergy="7235" OpenTime="180" Torque="27"/>
    <EncoderData Available="true" Offset="0" RatioMotorEncoder="[4/1]"/>
    <SpeedCurrentDataAccelerate>
        <SpeedCurrent Current="32" Speed="0"/>
        <SpeedCurrent Current="32" Speed="2400"/>
        <SpeedCurrent Current="26" Speed="3150"/>
        <SpeedCurrent Current="19" Speed="4500"/>
        <SpeedCurrent Current="0" Speed="4750"/>
    </SpeedCurrentDataAccelerate>
    <SpeedCurrentDataDecelerate>
        <SpeedCurrent Current="-32" Speed="0"/>
        <SpeedCurrent Current="-32" Speed="2400"/>
        <SpeedCurrent Current="-26" Speed="3150"/>
        <SpeedCurrent Current="-19" Speed="4500"/>
        <SpeedCurrent Current="0" Speed="5000"/>
        <SpeedCurrent Current="0" Speed="5360"/>
    </SpeedCurrentDataDecelerate>
    <IntermediateCircuitVoltage UzkMax="730" UzkRef="549.3"/>
    <KT-Characteristic T_ref="343" a1="1.6788" a3="-8.816e-05" b0="1" b1="-0.00054"/>
</Motor>
<!--checksum 8986-->
