<?xml version="1.0" encoding="UTF-8"?>
<Motor xmlns:xsi="http://www.w3.org/2001/XMLSchema-instance" xsi:noNamespaceSchemaLocation="/Roboter/Config/System/Common/Schemes/Motor.xsd">
    <Version Label="">
        <Info Version="Any"/>
        <Schema Version="2"/>
        <!--#############################################################-->
        <!--########                                             ########-->
        <!--########                  MOTOR-FILE                 ########-->
        <!--########              KUKA-ROBOTER GMBH              ########-->
        <!--########                                             ########-->
        <!--#############################################################-->
        <!--ATB V1.0, DB V7.83-->
        <!--Datum: 28-Nov-2012 13:31:30-->
        <!--Motor:     I1-->
        <!--Umrichter: KSP40-->
        <!--xmlFileID_I1_KSP40_20121128133130_826-->
    </Version>
    <MotorData BackEMF="101" HoldingCurrent="16.5" ID="I1"
        KT-Factor="1.592" KT0-Factor="1.58" MaximalCurrent="40"
        MaximalTemperature="418" NominalCurrent="8.5" PolePairNumber="4"
        RampUpTime="10" TorqueOfInertia="0.00934" Vendor="KUKA"
        WindingInductance="0.0041" WindingResistance="0.205"/>
    <SpeedTorqueData>
        <SpeedTorque Speed="0" Torque="51"/>
        <SpeedTorque Speed="1900" Torque="51"/>
        <SpeedTorque Speed="2400" Torque="42"/>
        <SpeedTorque Speed="4500" Torque="20"/>
        <SpeedTorque Speed="4501" Torque="0"/>
        <OperatingPoint Speed="3350" Torque="12"/>
        <HoldingTorque Speed="0" Torque="26"/>
    </SpeedTorqueData>
    <BrakeData Available="true" CloseTime="50" CoolOffCoeff="40"
        HoldingTorque="27" MaximalEnergy="7235" OpenTime="180" Torque="27"/>
    <EncoderData Available="true" Offset="0" RatioMotorEncoder="[4/1]"/>
    <SpeedCurrentDataAccelerate>
        <SpeedCurrent Current="40" Speed="0"/>
        <SpeedCurrent Current="40" Speed="1900"/>
        <SpeedCurrent Current="32" Speed="2400"/>
        <SpeedCurrent Current="16" Speed="4500"/>
        <SpeedCurrent Current="0" Speed="4750"/>
    </SpeedCurrentDataAccelerate>
    <SpeedCurrentDataDecelerate>
        <SpeedCurrent Current="-40" Speed="0"/>
        <SpeedCurrent Current="-40" Speed="950"/>
        <SpeedCurrent Current="-40" Speed="1900"/>
        <SpeedCurrent Current="-32" Speed="2400"/>
        <SpeedCurrent Current="-16" Speed="4500"/>
        <SpeedCurrent Current="0" Speed="5000"/>
    </SpeedCurrentDataDecelerate>
    <IntermediateCircuitVoltage UzkMax="650" UzkRef="503.5"/>
    <KT-Characteristic T_ref="343" a1="1.6788" a3="-8.816e-005" b0="1" b1="-0.00054"/>
</Motor>
<!--checksum 8551-->
