<?xml version="1.0" encoding="UTF-8"?>
<Motor xmlns:xsi="http://www.w3.org/2001/XMLSchema-instance" xsi:noNamespaceSchemaLocation="/Roboter/Config/System/Common/Schemes/Motor.xsd">
    <Version Label="">
        <Info Version="Any"/>
        <Schema Version="2"/>
        <!--#############################################################-->
        <!--########                                             ########-->
        <!--########                  MOTOR-FILE                 ########-->
        <!--########              KUKA-ROBOTER GMBH              ########-->
        <!--########                                             ########-->
        <!--#############################################################-->
        <!--ATB V1.0, DB V7.83-->
        <!--Datum: 28-Nov-2012 13:31:31-->
        <!--Motor:     I2-->
        <!--Umrichter: KSP64-->
        <!--xmlFileID_I2_KSP64_20121128133131_684-->
    </Version>
    <MotorData BackEMF="116" HoldingCurrent="15" ID="I2"
        KT-Factor="1.848" KT0-Factor="1.82" MaximalCurrent="40"
        MaximalTemperature="418" NominalCurrent="9.5" PolePairNumber="4"
        RampUpTime="10" TorqueOfInertia="0.00934" Vendor="KUKA"
        WindingInductance="0.0057" WindingResistance="0.23"/>
    <SpeedTorqueData>
        <SpeedTorque Speed="0" Torque="61.5"/>
        <SpeedTorque Speed="1600" Torque="61.5"/>
        <SpeedTorque Speed="2400" Torque="40"/>
        <SpeedTorque Speed="4500" Torque="20"/>
        <SpeedTorque Speed="4501" Torque="0"/>
        <OperatingPoint Speed="3000" Torque="15.5"/>
        <HoldingTorque Speed="0" Torque="27"/>
    </SpeedTorqueData>
    <BrakeData Available="true" CloseTime="50" CoolOffCoeff="40"
        HoldingTorque="26" MaximalEnergy="7235" OpenTime="180" Torque="27"/>
    <EncoderData Available="true" Offset="0" RatioMotorEncoder="[4/1]"/>
    <SpeedCurrentDataAccelerate>
        <SpeedCurrent Current="40" Speed="0"/>
        <SpeedCurrent Current="40" Speed="1600"/>
        <SpeedCurrent Current="24" Speed="2400"/>
        <SpeedCurrent Current="12" Speed="4500"/>
        <SpeedCurrent Current="0" Speed="4750"/>
    </SpeedCurrentDataAccelerate>
    <SpeedCurrentDataDecelerate>
        <SpeedCurrent Current="-40" Speed="0"/>
        <SpeedCurrent Current="-40" Speed="800"/>
        <SpeedCurrent Current="-40" Speed="1600"/>
        <SpeedCurrent Current="-24" Speed="2400"/>
        <SpeedCurrent Current="-12" Speed="4500"/>
        <SpeedCurrent Current="0" Speed="5000"/>
    </SpeedCurrentDataDecelerate>
    <IntermediateCircuitVoltage UzkMax="650" UzkRef="508.5"/>
    <KT-Characteristic T_ref="343" a1="1.9776" a3="-0.00013268" b0="1" b1="-0.00054"/>
</Motor>
<!--checksum 8653-->
