<?xml version="1.0" encoding="UTF-8"?>
<Motor xmlns:xsi="http://www.w3.org/2001/XMLSchema-instance" xsi:noNamespaceSchemaLocation="/Roboter/Config/System/Common/Schemes/Motor.xsd">
    <Version Label="">
        <Info Version="Any"/>
        <Schema Version="2"/>
        <!--#############################################################-->
        <!--########                                             ########-->
        <!--########                  MOTOR-FILE                 ########-->
        <!--########              KUKA-ROBOTER GMBH              ########-->
        <!--########                                             ########-->
        <!--#############################################################-->
        <!--ATB V1.0, DB V7.83-->
        <!--Datum: 28-Nov-2012 13:31:31-->
        <!--Motor:     I-->
        <!--Umrichter: KSP40-->
        <!--xmlFileID_I_KSP40_20121128133131_996-->
    </Version>
    <MotorData BackEMF="92.5" HoldingCurrent="17.5" ID="I"
        KT-Factor="1.412" KT0-Factor="1.42" MaximalCurrent="40"
        MaximalTemperature="418" NominalCurrent="7" PolePairNumber="4"
        RampUpTime="10" TorqueOfInertia="0.00934" Vendor="KUKA"
        WindingInductance="0.0031" WindingResistance="0.14"/>
    <SpeedTorqueData>
        <SpeedTorque Speed="0" Torque="47"/>
        <SpeedTorque Speed="2300" Torque="47"/>
        <SpeedTorque Speed="4500" Torque="20"/>
        <SpeedTorque Speed="4501" Torque="0"/>
        <OperatingPoint Speed="3750" Torque="8.5"/>
        <HoldingTorque Speed="0" Torque="25"/>
    </SpeedTorqueData>
    <BrakeData Available="true" CloseTime="50" CoolOffCoeff="41"
        HoldingTorque="23" MaximalEnergy="7459" OpenTime="180" Torque="27"/>
    <EncoderData Available="true" Offset="0" RatioMotorEncoder="[4/1]"/>
    <SpeedCurrentDataAccelerate>
        <SpeedCurrent Current="40" Speed="0"/>
        <SpeedCurrent Current="40" Speed="2300"/>
        <SpeedCurrent Current="16" Speed="4500"/>
        <SpeedCurrent Current="0" Speed="4750"/>
        <SpeedCurrent Current="0" Speed="5050"/>
    </SpeedCurrentDataAccelerate>
    <SpeedCurrentDataDecelerate>
        <SpeedCurrent Current="-40" Speed="0"/>
        <SpeedCurrent Current="-40" Speed="580"/>
        <SpeedCurrent Current="-40" Speed="1150"/>
        <SpeedCurrent Current="-40" Speed="2300"/>
        <SpeedCurrent Current="-16" Speed="4500"/>
        <SpeedCurrent Current="0" Speed="5000"/>
    </SpeedCurrentDataDecelerate>
    <IntermediateCircuitVoltage UzkMax="650" UzkRef="517.8"/>
    <KT-Characteristic T_ref="343" a1="1.4702" a3="-5.989e-005" b0="1" b1="-0.00054"/>
</Motor>
<!--checksum 4996-->
