<?xml version="1.0" encoding="UTF-8"?>
<Motor xmlns:xsi="http://www.w3.org/2001/XMLSchema-instance" xsi:noNamespaceSchemaLocation="/Roboter/Config/System/Common/Schemes/Motor.xsd">
    <Version Label="">
        <Info Version="Any"/>
        <Schema Version="2"/>
        <!--#############################################################-->
        <!--########                                             ########-->
        <!--########                  MOTOR-FILE                 ########-->
        <!--########              KUKA-ROBOTER GMBH              ########-->
        <!--########                                             ########-->
        <!--#############################################################-->
        <!--ATB 1.41.0, DB V7.262-->
        <!--Datum: 02-Dec-2015 10:18:54-->
        <!--Motor:     I-->
        <!--Umrichter: KSP64-->
        <!--xmlFileID_I_KSP64_20151202101854_279-->
    </Version>
    <MotorData BackEMF="92.5" HoldingCurrent="17.5" ID="I"
        KT-Factor="1.3474" KT0-Factor="1.42" MaximalCurrent="51"
        MaximalTemperature="418" NominalCurrent="7" PolePairNumber="4"
        RampUpTime="10" TorqueOfInertia="0.00934" Vendor="KUKA"
        WindingInductance="0.0031" WindingResistance="0.14"/>
    <SpeedTorqueData>
        <SpeedTorque Speed="0" Torque="59.6"/>
        <SpeedTorque Speed="2400" Torque="59.6"/>
        <SpeedTorque Speed="3000" Torque="50.9"/>
        <SpeedTorque Speed="4500" Torque="32.7"/>
        <SpeedTorque Speed="4501" Torque="0"/>
        <OperatingPoint Speed="3750" Torque="8.5"/>
        <HoldingTorque Speed="0" Torque="25"/>
    </SpeedTorqueData>
    <BrakeData Available="true" CloseTime="50" CoolOffCoeff="41"
        HoldingTorque="23" MaximalEnergy="7459" OpenTime="180" Torque="27"/>
    <EncoderData Available="true" Offset="0" RatioMotorEncoder="[4/1]"/>
    <SpeedCurrentDataAccelerate>
        <SpeedCurrent Current="51" Speed="0"/>
        <SpeedCurrent Current="51" Speed="2400"/>
        <SpeedCurrent Current="42" Speed="3000"/>
        <SpeedCurrent Current="26" Speed="4500"/>
        <SpeedCurrent Current="0" Speed="4750"/>
    </SpeedCurrentDataAccelerate>
    <SpeedCurrentDataDecelerate>
        <SpeedCurrent Current="-51" Speed="0"/>
        <SpeedCurrent Current="-51" Speed="2400"/>
        <SpeedCurrent Current="-42" Speed="3000"/>
        <SpeedCurrent Current="-26" Speed="4500"/>
        <SpeedCurrent Current="0" Speed="5000"/>
        <SpeedCurrent Current="0" Speed="5360"/>
    </SpeedCurrentDataDecelerate>
    <IntermediateCircuitVoltage UzkMax="730" UzkRef="551"/>
    <KT-Characteristic T_ref="343" a1="1.4702" a3="-5.989e-05" b0="1" b1="-0.00054"/>
</Motor>
<!--checksum 8724-->
