<?xml version="1.0" encoding="UTF-8"?>
<Motor xmlns:xsi="http://www.w3.org/2001/XMLSchema-instance" xsi:noNamespaceSchemaLocation="/Roboter/Config/System/Common/Schemes/Motor.xsd">
    <Version Label="">
        <Info Version="Any"/>
        <Schema Version="2"/>
        <!--#############################################################-->
        <!--########                                             ########-->
        <!--########                  MOTOR-FILE                 ########-->
        <!--########              KUKA-ROBOTER GMBH              ########-->
        <!--########                                             ########-->
        <!--#############################################################-->
        <!--ATB V1.0, DB V7.83-->
        <!--Datum: 28-Nov-2012 13:31:32-->
        <!--Motor:     K2-->
        <!--Umrichter: KSP64-->
        <!--xmlFileID_K2_KSP64_20121128133132_854-->
    </Version>
    <MotorData BackEMF="120.5" HoldingCurrent="17.5" ID="K2"
        KT-Factor="1.74" KT0-Factor="1.89" MaximalCurrent="62"
        MaximalTemperature="418" NominalCurrent="12" PolePairNumber="4"
        RampUpTime="10" TorqueOfInertia="0.0118" Vendor="KUKA"
        WindingInductance="0.0043" WindingResistance="0.17"/>
    <SpeedTorqueData>
        <SpeedTorque Speed="0" Torque="88.5"/>
        <SpeedTorque Speed="1500" Torque="88.5"/>
        <SpeedTorque Speed="2500" Torque="48"/>
        <SpeedTorque Speed="4500" Torque="24"/>
        <SpeedTorque Speed="4501" Torque="0"/>
        <OperatingPoint Speed="3000" Torque="21"/>
        <HoldingTorque Speed="0" Torque="32.7"/>
    </SpeedTorqueData>
    <BrakeData Available="true" CloseTime="50" CoolOffCoeff="65"
        HoldingTorque="32" MaximalEnergy="11700" OpenTime="480" Torque="41"/>
    <EncoderData Available="true" Offset="0" RatioMotorEncoder="[4/1]"/>
    <SpeedCurrentDataAccelerate>
        <SpeedCurrent Current="62" Speed="0"/>
        <SpeedCurrent Current="62" Speed="1500"/>
        <SpeedCurrent Current="30" Speed="2500"/>
        <SpeedCurrent Current="15" Speed="4500"/>
        <SpeedCurrent Current="0" Speed="4750"/>
    </SpeedCurrentDataAccelerate>
    <SpeedCurrentDataDecelerate>
        <SpeedCurrent Current="-62" Speed="0"/>
        <SpeedCurrent Current="-62" Speed="750"/>
        <SpeedCurrent Current="-62" Speed="1500"/>
        <SpeedCurrent Current="-30" Speed="2500"/>
        <SpeedCurrent Current="-15" Speed="4500"/>
        <SpeedCurrent Current="0" Speed="5000"/>
    </SpeedCurrentDataDecelerate>
    <IntermediateCircuitVoltage UzkMax="650" UzkRef="516.1"/>
    <KT-Characteristic T_ref="343" a1="1.9063" a3="-7.149e-005" b0="1" b1="-0.00054"/>
</Motor>
<!--checksum 8828-->
