<?xml version="1.0" encoding="UTF-8"?>
<Motor xmlns:xsi="http://www.w3.org/2001/XMLSchema-instance" xsi:noNamespaceSchemaLocation="/Roboter/Config/System/Common/Schemes/Motor.xsd">
    <Version Label="">
        <Info Version="Any"/>
        <Schema Version="2"/>
        <!--#############################################################-->
        <!--########                                             ########-->
        <!--########                  MOTOR-FILE                 ########-->
        <!--########              KUKA-ROBOTER GMBH              ########-->
        <!--########                                             ########-->
        <!--#############################################################-->
        <!--ATB 1.30.0, DB V7.17-->
        <!--Datum: 23-Sep-2014 15:49:39-->
        <!--Motor:     K-->
        <!--Umrichter: KSP40-->
        <!--xmlFileID_K_KSP40_20140923154939_054-->
    </Version>
    <MotorData BackEMF="90" HoldingCurrent="17.5" ID="K"
        KT-Factor="1.383" KT0-Factor="1.43" MaximalCurrent="40"
        MaximalTemperature="418" NominalCurrent="12" PolePairNumber="4"
        RampUpTime="10" TorqueOfInertia="0.0118" Vendor="KUKA"
        WindingInductance="0.0024" WindingResistance="0.1"/>
    <SpeedTorqueData>
        <SpeedTorque Speed="0" Torque="46"/>
        <SpeedTorque Speed="2450" Torque="46"/>
        <SpeedTorque Speed="3700" Torque="36.1"/>
        <SpeedTorque Speed="4500" Torque="28"/>
        <SpeedTorque Speed="4501" Torque="0"/>
        <OperatingPoint Speed="3750" Torque="15"/>
        <HoldingTorque Speed="0" Torque="25"/>
    </SpeedTorqueData>
    <BrakeData Available="true" CloseTime="50" CoolOffCoeff="42"
        HoldingTorque="27" MaximalEnergy="7570" OpenTime="180" Torque="27"/>
    <EncoderData Available="true" Offset="0" RatioMotorEncoder="[4/1]"/>
    <SpeedCurrentDataAccelerate>
        <SpeedCurrent Current="40" Speed="0"/>
        <SpeedCurrent Current="40" Speed="2450"/>
        <SpeedCurrent Current="30" Speed="3700"/>
        <SpeedCurrent Current="28" Speed="4500"/>
        <SpeedCurrent Current="0" Speed="4750"/>
    </SpeedCurrentDataAccelerate>
    <SpeedCurrentDataDecelerate>
        <SpeedCurrent Current="-40" Speed="0"/>
        <SpeedCurrent Current="-40" Speed="2450"/>
        <SpeedCurrent Current="-30" Speed="3700"/>
        <SpeedCurrent Current="-28" Speed="4500"/>
        <SpeedCurrent Current="0" Speed="5000"/>
        <SpeedCurrent Current="0" Speed="5360"/>
    </SpeedCurrentDataDecelerate>
    <IntermediateCircuitVoltage UzkMax="650" UzkRef="487.5"/>
    <KT-Characteristic T_ref="343" a1="1.4165" a3="-3.583e-05" b0="1" b1="-0.00054"/>
</Motor>
<!--checksum 8268-->
