<?xml version="1.0" encoding="UTF-8"?>
<Motor xmlns:xsi="http://www.w3.org/2001/XMLSchema-instance" xsi:noNamespaceSchemaLocation="/Roboter/Config/System/Common/Schemes/Motor.xsd">
    <Version Label="">
        <Info Version="Any"/>
        <Schema Version="2"/>
        <!--#############################################################-->
        <!--########                                             ########-->
        <!--########                  MOTOR-FILE                 ########-->
        <!--########              KUKA-ROBOTER GMBH              ########-->
        <!--########                                             ########-->
        <!--#############################################################-->
        <!--ATB V1.0, DB V7.83-->
        <!--Datum: 28-Nov-2012 13:31:51-->
        <!--Motor:     K-->
        <!--Umrichter: KSP40-->
        <!--xmlFileID_K_KSP40_20121128133151_745-->
    </Version>
    <MotorData BackEMF="90" HoldingCurrent="17.5" ID="K"
        KT-Factor="1.383" KT0-Factor="1.43" MaximalCurrent="32"
        MaximalTemperature="418" NominalCurrent="12" PolePairNumber="4"
        RampUpTime="10" TorqueOfInertia="0.0118" Vendor="KUKA"
        WindingInductance="0.0024" WindingResistance="0.1"/>
    <SpeedTorqueData>
        <SpeedTorque Speed="0" Torque="38.5"/>
        <SpeedTorque Speed="3000" Torque="38.5"/>
        <SpeedTorque Speed="4500" Torque="29"/>
        <SpeedTorque Speed="4501" Torque="0"/>
        <OperatingPoint Speed="3750" Torque="15"/>
        <HoldingTorque Speed="0" Torque="25"/>
    </SpeedTorqueData>
    <BrakeData Available="true" CloseTime="50" CoolOffCoeff="42"
        HoldingTorque="27" MaximalEnergy="7570" OpenTime="180" Torque="27"/>
    <EncoderData Available="true" Offset="0" RatioMotorEncoder="[4/1]"/>
    <SpeedCurrentDataAccelerate>
        <SpeedCurrent Current="32" Speed="0"/>
        <SpeedCurrent Current="32" Speed="3000"/>
        <SpeedCurrent Current="24" Speed="4500"/>
        <SpeedCurrent Current="0" Speed="4750"/>
        <SpeedCurrent Current="0" Speed="5050"/>
    </SpeedCurrentDataAccelerate>
    <SpeedCurrentDataDecelerate>
        <SpeedCurrent Current="-32" Speed="0"/>
        <SpeedCurrent Current="-32" Speed="3000"/>
        <SpeedCurrent Current="-24" Speed="4500"/>
        <SpeedCurrent Current="0" Speed="5000"/>
        <SpeedCurrent Current="0" Speed="5300"/>
        <SpeedCurrent Current="0" Speed="5360"/>
    </SpeedCurrentDataDecelerate>
    <IntermediateCircuitVoltage UzkMax="730" UzkRef="599.3"/>
    <KT-Characteristic T_ref="343" a1="1.4165" a3="-3.583e-005" b0="1" b1="-0.00054"/>
</Motor>
<!--checksum 4846-->
