<?xml version="1.0" encoding="UTF-8"?>
<Motor xmlns:xsi="http://www.w3.org/2001/XMLSchema-instance" xsi:noNamespaceSchemaLocation="/Roboter/Config/System/Common/Schemes/Motor.xsd">
    <Version Label="">
        <Info Version="Any"/>
        <Schema Version="2"/>
        <!--#############################################################-->
        <!--########                                             ########-->
        <!--########                  MOTOR-FILE                 ########-->
        <!--########              KUKA-ROBOTER GMBH              ########-->
        <!--########                                             ########-->
        <!--#############################################################-->
        <!--ATB V1.0, DB V7.83-->
        <!--Datum: 28-Nov-2012 13:31:33-->
        <!--Motor:     L-->
        <!--Umrichter: KSP20-->
        <!--xmlFileID_L_KSP20_20121128133133_759-->
    </Version>
    <MotorData BackEMF="44" HoldingCurrent="4.4" ID="L"
        KT-Factor="0.659" KT0-Factor="0.69" MaximalCurrent="15.3"
        MaximalTemperature="418" NominalCurrent="2.45"
        PolePairNumber="4" RampUpTime="10" TorqueOfInertia="0.000325"
        Vendor="KUKA" WindingInductance="0.0072" WindingResistance="1.13"/>
    <SpeedTorqueData>
        <SpeedTorque Speed="0" Torque="8.5"/>
        <SpeedTorque Speed="3500" Torque="8.5"/>
        <SpeedTorque Speed="4500" Torque="7"/>
        <SpeedTorque Speed="4501" Torque="0"/>
        <OperatingPoint Speed="6000" Torque="1.5"/>
        <HoldingTorque Speed="0" Torque="3"/>
    </SpeedTorqueData>
    <BrakeData Available="true" CloseTime="20" CoolOffCoeff="0.95556"
        HoldingTorque="3" MaximalEnergy="172" OpenTime="140" Torque="6.4"/>
    <EncoderData Available="true" Offset="0" RatioMotorEncoder="[4/1]"/>
    <SpeedCurrentDataAccelerate>
        <SpeedCurrent Current="15.3" Speed="0"/>
        <SpeedCurrent Current="15.3" Speed="3500"/>
        <SpeedCurrent Current="12" Speed="4500"/>
        <SpeedCurrent Current="0" Speed="4750"/>
        <SpeedCurrent Current="0" Speed="5050"/>
    </SpeedCurrentDataAccelerate>
    <SpeedCurrentDataDecelerate>
        <SpeedCurrent Current="-15.3" Speed="0"/>
        <SpeedCurrent Current="-15.3" Speed="3500"/>
        <SpeedCurrent Current="-12" Speed="4500"/>
        <SpeedCurrent Current="0" Speed="5000"/>
        <SpeedCurrent Current="0" Speed="5300"/>
        <SpeedCurrent Current="0" Speed="5360"/>
    </SpeedCurrentDataDecelerate>
    <IntermediateCircuitVoltage UzkMax="650" UzkRef="506.3"/>
    <KT-Characteristic T_ref="343" a1="0.69257" a3="-0.0002386" b0="1" b1="-0.00054"/>
</Motor>
<!--checksum 5528-->
