<?xml version="1.0" encoding="UTF-8"?>
<Motor xmlns:xsi="http://www.w3.org/2001/XMLSchema-instance" xsi:noNamespaceSchemaLocation="/Roboter/Config/System/Common/Schemes/Motor.xsd">
    <Version Label="">
        <Info Version="Any"/>
        <Schema Version="2"/>
        <!--###############################################################-->
        <!--########                                               ########-->
        <!--########                   KR C4 sr                    ########-->
        <!--########                  Motor-File                   ########-->
        <!--########               KUKA ROBOTER GMBH               ########-->
        <!--########                                               ########-->
        <!--###############################################################-->
        <!--ATB 1.41.0, DB V7.268-->
        <!--Datum: 20-Jan-2016 15:47:26-->
        <!--Motor:     LGen2-->
        <!--Umrichter: KSPsr10-->
        <!--xmlFileID_LGen2_KSPsr10_20160120154726_021-->
    </Version>
    <MotorData BackEMF="44.5" HoldingCurrent="4" ID="LGen2"
        KT-Factor="0.7301" KT0-Factor="0.68" MaximalCurrent="10"
        MaximalTemperature="418" NominalCurrent="2.5" PolePairNumber="4"
        RampUpTime="10" TorqueOfInertia="0.000325" Vendor="KUKA"
        WindingInductance="0.0086" WindingResistance="1.145"/>
    <SpeedTorqueData>
        <SpeedTorque Speed="0" Torque="5.94"/>
        <SpeedTorque Speed="1900" Torque="5.94"/>
        <SpeedTorque Speed="3400" Torque="4"/>
        <SpeedTorque Speed="4901" Torque="2.7819"/>
        <SpeedTorque Speed="4902" Torque="0"/>
        <OperatingPoint Speed="6000" Torque="1.5"/>
        <HoldingTorque Speed="0" Torque="2.72"/>
    </SpeedTorqueData>
    <BrakeData Available="true" CloseTime="30" CoolOffCoeff="0.833"
        HoldingTorque="4" MaxPermanentVoltage="24" MaximalEnergy="150"
        OpenTime="70" PowerSaveDelay="1" PowerSaveVoltage="21" Torque="6.6"/>
    <EncoderData Available="true" Offset="0" RatioMotorEncoder="[4/1]"/>
    <SpeedCurrentDataAccelerate>
        <SpeedCurrent Current="10" Speed="0"/>
        <SpeedCurrent Current="10" Speed="2200"/>
        <SpeedCurrent Current="8.75" Speed="4500"/>
        <SpeedCurrent Current="7.882" Speed="5151"/>
        <SpeedCurrent Current="0" Speed="5152"/>
    </SpeedCurrentDataAccelerate>
    <SpeedCurrentDataDecelerate>
        <SpeedCurrent Current="-10" Speed="0"/>
        <SpeedCurrent Current="-10" Speed="2200"/>
        <SpeedCurrent Current="-8.75" Speed="4500"/>
        <SpeedCurrent Current="-7.5487" Speed="5401"/>
        <SpeedCurrent Current="0" Speed="5402"/>
        <SpeedCurrent Current="0" Speed="5762"/>
    </SpeedCurrentDataDecelerate>
    <IntermediateCircuitVoltage UzkMax="550" UzkRef="345.6"/>
    <KT-Characteristic T_ref="343" a1="0.75059" a3="-0.00033615" b0="1" b1="-0.0004981"/>
</Motor>
<!--checksum 702-->
