<?xml version="1.0" encoding="UTF-8"?>
<Motor xmlns:xsi="http://www.w3.org/2001/XMLSchema-instance" xsi:noNamespaceSchemaLocation="/Roboter/Config/System/Common/Schemes/Motor.xsd">
    <Version Label="">
        <Info Version="Any"/>
        <Schema Version="2"/>
        <!--#############################################################-->
        <!--########                                             ########-->
        <!--########                  MOTOR-FILE                 ########-->
        <!--########              KUKA-ROBOTER GMBH              ########-->
        <!--########                                             ########-->
        <!--#############################################################-->
        <!--ATB V1.0, DB V7.83-->
        <!--Datum: 28-Nov-2012 13:31:36-->
        <!--Motor:     MG_64_110_35_S0-->
        <!--Umrichter: KSP40-->
        <!--xmlFileID_MG_64_110_35_S0_KSP40_20121128133136_130-->
    </Version>
    <MotorData BackEMF="46" HoldingCurrent="8" ID="MG_64_110_35_S0"
        KT-Factor="0.6295" KT0-Factor="0.8" MaximalCurrent="24"
        MaximalTemperature="418" NominalCurrent="5.9" PolePairNumber="3"
        RampUpTime="10" TorqueOfInertia="0.000374" Vendor="KUKA"
        WindingInductance="0.0096" WindingResistance="0.36"/>
    <SpeedTorqueData>
        <SpeedTorque Speed="0" Torque="12.5"/>
        <SpeedTorque Speed="3000" Torque="12.5"/>
        <SpeedTorque Speed="3900" Torque="8"/>
        <SpeedTorque Speed="4500" Torque="6.7"/>
        <SpeedTorque Speed="4501" Torque="0"/>
        <OperatingPoint Speed="4500" Torque="4.3"/>
        <HoldingTorque Speed="0" Torque="6.4"/>
    </SpeedTorqueData>
    <BrakeData Available="true" CloseTime="50" CoolOffCoeff="2.2"
        HoldingTorque="13" MaximalEnergy="400" OpenTime="100" Torque="18"/>
    <EncoderData Available="true" Offset="0" RatioMotorEncoder="[3/1]"/>
    <SpeedCurrentDataAccelerate>
        <SpeedCurrent Current="24" Speed="0"/>
        <SpeedCurrent Current="24" Speed="3000"/>
        <SpeedCurrent Current="14" Speed="3900"/>
        <SpeedCurrent Current="11.6" Speed="4500"/>
        <SpeedCurrent Current="0" Speed="4750"/>
    </SpeedCurrentDataAccelerate>
    <SpeedCurrentDataDecelerate>
        <SpeedCurrent Current="-24" Speed="0"/>
        <SpeedCurrent Current="-24" Speed="3000"/>
        <SpeedCurrent Current="-14" Speed="3900"/>
        <SpeedCurrent Current="-11.6" Speed="4500"/>
        <SpeedCurrent Current="0" Speed="5000"/>
        <SpeedCurrent Current="0" Speed="5360"/>
    </SpeedCurrentDataDecelerate>
    <IntermediateCircuitVoltage UzkMax="650" UzkRef="514.1"/>
    <KT-Characteristic T_ref="343" a1="0.69044" a3="-0.00017421" b0="1" b1="-0.00054"/>
</Motor>
<!--checksum 1447-->
