<?xml version="1.0" encoding="UTF-8"?>
<Motor xmlns:xsi="http://www.w3.org/2001/XMLSchema-instance" xsi:noNamespaceSchemaLocation="/Roboter/Config/System/Common/Schemes/Motor.xsd">
    <Version Label="">
        <Info Version="Any"/>
        <Schema Version="2"/>
        <!--#############################################################-->
        <!--########                                             ########-->
        <!--########                  MOTOR-FILE                 ########-->
        <!--########              KUKA-ROBOTER GMBH              ########-->
        <!--########                                             ########-->
        <!--#############################################################-->
        <!--ATB V1.0, DB V7.83-->
        <!--Datum: 28-Nov-2012 13:31:35-->
        <!--Motor:     MG_40_80_45_S0-->
        <!--Umrichter: KSP40-->
        <!--xmlFileID_MG_40_80_45_S0_KSP40_20121128133135_849-->
    </Version>
    <MotorData BackEMF="42" HoldingCurrent="6.3" ID="MG_40_80_45_S0"
        KT-Factor="0.674" KT0-Factor="0.63" MaximalCurrent="19"
        MaximalTemperature="418" NominalCurrent="4.9" PolePairNumber="3"
        RampUpTime="10" TorqueOfInertia="0.000141" Vendor="KUKA"
        WindingInductance="0.011" WindingResistance="0.81"/>
    <SpeedTorqueData>
        <SpeedTorque Speed="0" Torque="10.5"/>
        <SpeedTorque Speed="2800" Torque="10.5"/>
        <SpeedTorque Speed="3500" Torque="7.3"/>
        <SpeedTorque Speed="4500" Torque="5.4"/>
        <SpeedTorque Speed="4501" Torque="0"/>
        <OperatingPoint Speed="4500" Torque="3"/>
        <HoldingTorque Speed="0" Torque="4"/>
    </SpeedTorqueData>
    <BrakeData Available="true" CloseTime="30" CoolOffCoeff="0.41111"
        HoldingTorque="3.2" MaximalEnergy="74" OpenTime="70" Torque="7.4"/>
    <EncoderData Available="true" Offset="0" RatioMotorEncoder="[3/1]"/>
    <SpeedCurrentDataAccelerate>
        <SpeedCurrent Current="19" Speed="0"/>
        <SpeedCurrent Current="19" Speed="2800"/>
        <SpeedCurrent Current="12.5" Speed="3500"/>
        <SpeedCurrent Current="9.5" Speed="4500"/>
        <SpeedCurrent Current="0" Speed="4750"/>
    </SpeedCurrentDataAccelerate>
    <SpeedCurrentDataDecelerate>
        <SpeedCurrent Current="-19" Speed="0"/>
        <SpeedCurrent Current="-19" Speed="2800"/>
        <SpeedCurrent Current="-12.5" Speed="3500"/>
        <SpeedCurrent Current="-9.5" Speed="4500"/>
        <SpeedCurrent Current="0" Speed="5000"/>
        <SpeedCurrent Current="0" Speed="5360"/>
    </SpeedCurrentDataDecelerate>
    <IntermediateCircuitVoltage UzkMax="650" UzkRef="505.5"/>
    <KT-Characteristic T_ref="343" a1="0.69865" a3="-0.00011389" b0="1" b1="-0.00054"/>
</Motor>
<!--checksum 1595-->
