<?xml version="1.0" encoding="UTF-8"?>
<Motor xmlns:xsi="http://www.w3.org/2001/XMLSchema-instance" xsi:noNamespaceSchemaLocation="/Roboter/Config/System/Common/Schemes/Motor.xsd">
    <Version Label="">
        <Info Version="Any"/>
        <Schema Version="2"/>
        <!--#############################################################-->
        <!--########                                             ########-->
        <!--########                  MOTOR-FILE                 ########-->
        <!--########              KUKA-ROBOTER GMBH              ########-->
        <!--########                                             ########-->
        <!--#############################################################-->
        <!--ATB V1.0, DB V7.83-->
        <!--Datum: 28-Nov-2012 13:31:37-->
        <!--Motor:     MG_220_130_25_S0-->
        <!--Umrichter: KSP40-->
        <!--xmlFileID_MG_220_130_25_S0_KSP40_20121128133137_643-->
    </Version>
    <MotorData BackEMF="63" HoldingCurrent="19.5" ID="MG_220_130_25_S0"
        KT-Factor="0.847" KT0-Factor="0.98" MaximalCurrent="40"
        MaximalTemperature="418" NominalCurrent="7" PolePairNumber="4"
        RampUpTime="10" TorqueOfInertia="0.0025" Vendor="KUKA"
        WindingInductance="0.0033" WindingResistance="0.12"/>
    <SpeedTorqueData>
        <SpeedTorque Speed="0" Torque="30"/>
        <SpeedTorque Speed="3000" Torque="30"/>
        <SpeedTorque Speed="4500" Torque="16.8"/>
        <SpeedTorque Speed="4501" Torque="0"/>
        <OperatingPoint Speed="3000" Torque="6.5"/>
        <HoldingTorque Speed="0" Torque="22"/>
    </SpeedTorqueData>
    <BrakeData Available="true" CloseTime="50" CoolOffCoeff="7.7778"
        HoldingTorque="22" MaximalEnergy="1400" OpenTime="180" Torque="33"/>
    <EncoderData Available="true" Offset="0" RatioMotorEncoder="[4/1]"/>
    <SpeedCurrentDataAccelerate>
        <SpeedCurrent Current="40" Speed="0"/>
        <SpeedCurrent Current="40" Speed="3000"/>
        <SpeedCurrent Current="22.2" Speed="4500"/>
        <SpeedCurrent Current="0" Speed="4750"/>
        <SpeedCurrent Current="0" Speed="5050"/>
    </SpeedCurrentDataAccelerate>
    <SpeedCurrentDataDecelerate>
        <SpeedCurrent Current="-40" Speed="0"/>
        <SpeedCurrent Current="-40" Speed="3000"/>
        <SpeedCurrent Current="-22.2" Speed="4500"/>
        <SpeedCurrent Current="0" Speed="5000"/>
        <SpeedCurrent Current="0" Speed="5300"/>
        <SpeedCurrent Current="0" Speed="5360"/>
    </SpeedCurrentDataDecelerate>
    <IntermediateCircuitVoltage UzkMax="650" UzkRef="506.8"/>
    <KT-Characteristic T_ref="343" a1="0.93797" a3="-3.956e-005" b0="1" b1="-0.00054"/>
</Motor>
<!--checksum 8183-->
