<?xml version="1.0" encoding="UTF-8"?>
<Motor xmlns:xsi="http://www.w3.org/2001/XMLSchema-instance" xsi:noNamespaceSchemaLocation="/Roboter/Config/System/Common/Schemes/Motor.xsd">
    <Version Label="">
        <Info Version="Any"/>
        <Schema Version="2"/>
        <!--###############################################################-->
        <!--########                                               ########-->
        <!--########                   KR C4 sr                    ########-->
        <!--########                  Servo-File                   ########-->
        <!--########               KUKA-ROBOTER GMBH               ########-->
        <!--########                                               ########-->
        <!--###############################################################-->
        <!--ATB 1.27.0, DB V7.155-->
        <!--Datum: 08-May-2014 09:12:48-->
        <!--Motor:     MG_8_40_45_S0-->
        <!--Umrichter: KSPsr12-->
        <!--xmlFileID_MG_8_40_45_S0_KSPsr12_20140508091248_977-->
    </Version>
    <MotorData BackEMF="28" HoldingCurrent="1.9" ID="MG_8_40_45_S0"
        KT-Factor="0.458" KT0-Factor="0.44" MaximalCurrent="6"
        MaximalTemperature="418" NominalCurrent="1.4" PolePairNumber="3"
        RampUpTime="10" TorqueOfInertia="3.5e-05" Vendor="KUKA"
        WindingInductance="0.0076" WindingResistance="4.2"/>
    <SpeedTorqueData>
        <SpeedTorque Speed="0" Torque="2.25"/>
        <SpeedTorque Speed="3000" Torque="2.25"/>
        <SpeedTorque Speed="3001" Torque="0"/>
        <OperatingPoint Speed="6000" Torque="0.6"/>
        <HoldingTorque Speed="0" Torque="0.85"/>
    </SpeedTorqueData>
    <BrakeData Available="true" CloseTime="20" CoolOffCoeff="0.044"
        HoldingTorque="1.1" MaxPermanentVoltage="24" MaximalEnergy="8"
        OpenTime="50" PowerSaveDelay="1" PowerSaveVoltage="20.5" Torque="1.5"/>
    <EncoderData Available="true" Offset="0" RatioMotorEncoder="[3/1]"/>
    <SpeedCurrentDataAccelerate>
        <SpeedCurrent Current="6" Speed="0"/>
        <SpeedCurrent Current="6" Speed="3250"/>
        <SpeedCurrent Current="0" Speed="3251"/>
        <SpeedCurrent Current="0" Speed="3491"/>
        <SpeedCurrent Current="0" Speed="3551"/>
    </SpeedCurrentDataAccelerate>
    <SpeedCurrentDataDecelerate>
        <SpeedCurrent Current="-6" Speed="0"/>
        <SpeedCurrent Current="-6" Speed="3500"/>
        <SpeedCurrent Current="0" Speed="3501"/>
        <SpeedCurrent Current="0" Speed="3741"/>
        <SpeedCurrent Current="0" Speed="3801"/>
        <SpeedCurrent Current="0" Speed="3861"/>
    </SpeedCurrentDataDecelerate>
    <IntermediateCircuitVoltage UzkMax="380" UzkRef="325"/>
    <KT-Characteristic T_ref="343" a1="0.46475" a3="-0.00030634" b0="1" b1="-0.00054"/>
</Motor>
<!--checksum 4082-->
