<?xml version="1.0" encoding="UTF-8"?>
<Motor xmlns:xsi="http://www.w3.org/2001/XMLSchema-instance" xsi:noNamespaceSchemaLocation="/Roboter/Config/System/Common/Schemes/Motor.xsd">
    <Version Label="">
        <Info Version="Any"/>
        <Schema Version="2"/>
        <!--###############################################################-->
        <!--########                                               ########-->
        <!--########                   KR C4 sr                    ########-->
        <!--########                  Servo-File                   ########-->
        <!--########               KUKA-ROBOTER GMBH               ########-->
        <!--########                                               ########-->
        <!--###############################################################-->
        <!--ATB 1.27.0, DB V7.155-->
        <!--Datum: 08-May-2014 10:38:15-->
        <!--Motor:     MG_20_84_45-->
        <!--Umrichter: KSPsr12-->
        <!--xmlFileID_MG_20_84_45_KSPsr12_20140508103815_823-->
    </Version>
    <MotorData BackEMF="45.6" HoldingCurrent="2.85" ID="MG_20_84_45"
        KT-Factor="0.576" KT0-Factor="0.71" MaximalCurrent="11.5"
        MaximalTemperature="418" NominalCurrent="2.56"
        PolePairNumber="5" RampUpTime="10" TorqueOfInertia="8.78e-05"
        Vendor="KUKA" WindingInductance="0.0092" WindingResistance="3.01"/>
    <SpeedTorqueData>
        <SpeedTorque Speed="0" Torque="5"/>
        <SpeedTorque Speed="1600" Torque="5"/>
        <SpeedTorque Speed="3000" Torque="2.8"/>
        <SpeedTorque Speed="6000" Torque="1.7"/>
        <SpeedTorque Speed="6001" Torque="0"/>
        <OperatingPoint Speed="3000" Torque="1.82"/>
        <HoldingTorque Speed="0" Torque="2.01"/>
    </SpeedTorqueData>
    <BrakeData Available="true" CloseTime="245" CoolOffCoeff="4.1"
        HoldingTorque="1.82" MaxPermanentVoltage="24"
        MaximalEnergy="736" OpenTime="60" PowerSaveDelay="1"
        PowerSaveVoltage="20.5" Torque="1.82"/>
    <EncoderData Available="true" Offset="0" RatioMotorEncoder="[1/1]"/>
    <SpeedCurrentDataAccelerate>
        <SpeedCurrent Current="11.5" Speed="0"/>
        <SpeedCurrent Current="11.5" Speed="1600"/>
        <SpeedCurrent Current="5" Speed="3000"/>
        <SpeedCurrent Current="2.9" Speed="6000"/>
        <SpeedCurrent Current="0" Speed="6250"/>
    </SpeedCurrentDataAccelerate>
    <SpeedCurrentDataDecelerate>
        <SpeedCurrent Current="-11.5" Speed="0"/>
        <SpeedCurrent Current="-11.5" Speed="1600"/>
        <SpeedCurrent Current="-5" Speed="3000"/>
        <SpeedCurrent Current="-2.9" Speed="6000"/>
        <SpeedCurrent Current="0" Speed="6500"/>
        <SpeedCurrent Current="0" Speed="6860"/>
    </SpeedCurrentDataDecelerate>
    <IntermediateCircuitVoltage UzkMax="380" UzkRef="325"/>
    <KT-Characteristic T_ref="343" a1="0.70435" a3="-0.0016043" b0="1" b1="-0.0006002"/>
</Motor>
<!--checksum 1762-->
