<?xml version="1.0" encoding="UTF-8"?>
<Motor xmlns:xsi="http://www.w3.org/2001/XMLSchema-instance" xsi:noNamespaceSchemaLocation="/Roboter/Config/System/Common/Schemes/Motor.xsd">
    <Version Label="">
        <Info Version="Any"/>
        <Schema Version="2"/>
        <!--#############################################################-->
        <!--########                                             ########-->
        <!--########                  MOTOR-FILE                 ########-->
        <!--########              KUKA-ROBOTER GMBH              ########-->
        <!--########                                             ########-->
        <!--#############################################################-->
        <!--ATB V1.0, DB V7.83-->
        <!--Datum: 28-Nov-2012 13:31:34-->
        <!--Motor:     MG_8_40_45_S0-->
        <!--Umrichter: KSP20-->
        <!--xmlFileID_MG_8_40_45_S0_KSP20_20121128133134_960-->
    </Version>
    <MotorData BackEMF="28" HoldingCurrent="1.9" ID="MG_8_40_45_S0"
        KT-Factor="0.458" KT0-Factor="0.44" MaximalCurrent="6"
        MaximalTemperature="418" NominalCurrent="1.4" PolePairNumber="3"
        RampUpTime="10" TorqueOfInertia="3.5e-005" Vendor="KUKA"
        WindingInductance="0.0076" WindingResistance="4.2"/>
    <SpeedTorqueData>
        <SpeedTorque Speed="0" Torque="2.2"/>
        <SpeedTorque Speed="4500" Torque="2.2"/>
        <SpeedTorque Speed="4501" Torque="0"/>
        <OperatingPoint Speed="6000" Torque="0.6"/>
        <HoldingTorque Speed="0" Torque="0.85"/>
    </SpeedTorqueData>
    <BrakeData Available="true" CloseTime="20" CoolOffCoeff="0.044"
        HoldingTorque="1.1" MaximalEnergy="8" OpenTime="50" Torque="1.5"/>
    <EncoderData Available="true" Offset="0" RatioMotorEncoder="[3/1]"/>
    <SpeedCurrentDataAccelerate>
        <SpeedCurrent Current="6" Speed="0"/>
        <SpeedCurrent Current="6" Speed="4500"/>
        <SpeedCurrent Current="0" Speed="4750"/>
        <SpeedCurrent Current="0" Speed="4990"/>
        <SpeedCurrent Current="0" Speed="5050"/>
    </SpeedCurrentDataAccelerate>
    <SpeedCurrentDataDecelerate>
        <SpeedCurrent Current="-6" Speed="0"/>
        <SpeedCurrent Current="-6" Speed="4500"/>
        <SpeedCurrent Current="0" Speed="5000"/>
        <SpeedCurrent Current="0" Speed="5240"/>
        <SpeedCurrent Current="0" Speed="5300"/>
        <SpeedCurrent Current="0" Speed="5360"/>
    </SpeedCurrentDataDecelerate>
    <IntermediateCircuitVoltage UzkMax="650" UzkRef="508.9"/>
    <KT-Characteristic T_ref="343" a1="0.46475" a3="-0.00030634" b0="1" b1="-0.00054"/>
</Motor>
<!--checksum 3882-->
