<?xml version="1.0" encoding="UTF-8"?>
<Motor xmlns:xsi="http://www.w3.org/2001/XMLSchema-instance" xsi:noNamespaceSchemaLocation="/Roboter/Config/System/Common/Schemes/Motor.xsd">
    <Version Label="">
        <Info Version="Any"/>
        <Schema Version="2"/>
        <!--#############################################################-->
        <!--########                                             ########-->
        <!--########                  MOTOR-FILE                 ########-->
        <!--########              KUKA-ROBOTER GMBH              ########-->
        <!--########                                             ########-->
        <!--#############################################################-->
        <!--ATB V1.0, DB V7.83-->
        <!--Datum: 28-Nov-2012 13:31:37-->
        <!--Motor:     MG_120_110_25_S0-->
        <!--Umrichter: KSP64-->
        <!--xmlFileID_MG_120_110_25_S0_KSP64_20121128133137_050-->
    </Version>
    <MotorData BackEMF="68" HoldingCurrent="11" ID="MG_120_110_25_S0"
        KT-Factor="0.9582" KT0-Factor="1.03" MaximalCurrent="31"
        MaximalTemperature="418" NominalCurrent="7.5" PolePairNumber="3"
        RampUpTime="10" TorqueOfInertia="0.000684" Vendor="KUKA"
        WindingInductance="0.0107" WindingResistance="0.35"/>
    <SpeedTorqueData>
        <SpeedTorque Speed="0" Torque="24.5"/>
        <SpeedTorque Speed="1800" Torque="24.5"/>
        <SpeedTorque Speed="3000" Torque="11.6"/>
        <SpeedTorque Speed="4500" Torque="7.8"/>
        <SpeedTorque Speed="4501" Torque="0"/>
        <OperatingPoint Speed="3000" Torque="8"/>
        <HoldingTorque Speed="0" Torque="12"/>
    </SpeedTorqueData>
    <BrakeData Available="true" CloseTime="50" CoolOffCoeff="2.2"
        HoldingTorque="13" MaximalEnergy="400" OpenTime="100" Torque="18"/>
    <EncoderData Available="true" Offset="0" RatioMotorEncoder="[3/1]"/>
    <SpeedCurrentDataAccelerate>
        <SpeedCurrent Current="31" Speed="0"/>
        <SpeedCurrent Current="31" Speed="1800"/>
        <SpeedCurrent Current="13.5" Speed="3000"/>
        <SpeedCurrent Current="9" Speed="4500"/>
        <SpeedCurrent Current="0" Speed="4750"/>
    </SpeedCurrentDataAccelerate>
    <SpeedCurrentDataDecelerate>
        <SpeedCurrent Current="-31" Speed="0"/>
        <SpeedCurrent Current="-31" Speed="1800"/>
        <SpeedCurrent Current="-13.5" Speed="3000"/>
        <SpeedCurrent Current="-9" Speed="4500"/>
        <SpeedCurrent Current="0" Speed="5000"/>
        <SpeedCurrent Current="0" Speed="5360"/>
    </SpeedCurrentDataDecelerate>
    <IntermediateCircuitVoltage UzkMax="650" UzkRef="507.5"/>
    <KT-Characteristic T_ref="343" a1="1.0293" a3="-0.00012331" b0="1" b1="-0.00054"/>
</Motor>
<!--checksum 1506-->
