<?xml version="1.0" encoding="UTF-8"?>
<Motor xmlns:xsi="http://www.w3.org/2001/XMLSchema-instance" xsi:noNamespaceSchemaLocation="/Roboter/Config/System/Common/Schemes/Motor.xsd">
    <Version Label="">
        <Info Version="Any"/>
        <Schema Version="2"/>
        <!--#############################################################-->
        <!--########                                             ########-->
        <!--########                  MOTOR-FILE                 ########-->
        <!--########              KUKA ROBOTER GMBH              ########-->
        <!--########                                             ########-->
        <!--#############################################################-->
        <!--ATB 1.35.1, DB V7.194-->
        <!--Datum: 26-Feb-2015 14:20:08-->
        <!--Motor:     ML70-->
        <!--Umrichter: PDS_20-->
        <!--xmlFileID_ML70_PDS_20_20150226142008-->
    </Version>
    <MotorData BackEMF="8.9577" HoldingCurrent="4.95" ID="ML70"
        KT-Factor="0.124" KT0-Factor="0.1341" MaximalCurrent="18.2"
        MaximalTemperature="358" NominalCurrent="4.5637"
        PolePairNumber="10" RampUpTime="10" TorqueOfInertia="7.5e-05"
        Vendor="KUKA" WindingInductance="0.0004367" WindingResistance="0.2158"/>
    <SpeedTorqueData>
        <SpeedTorque Speed="0" Torque="1.75"/>
        <SpeedTorque Speed="1200" Torque="1.75"/>
        <SpeedTorque Speed="1760" Torque="1.18"/>
        <SpeedTorque Speed="2986" Torque="0.64"/>
        <SpeedTorque Speed="4090" Torque="0.36"/>
        <SpeedTorque Speed="4091" Torque="0"/>
        <OperatingPoint Speed="3000" Torque="0.5209"/>
        <HoldingTorque Speed="0" Torque="0.6637"/>
    </SpeedTorqueData>
    <BrakeData Available="true" CloseTime="10" CoolOffCoeff="0.20833"
        HoldingTorque="0.6175" MaxHoldingTorque="1.5675"
        MaximalEnergy="25" OpenTime="100" Torque="0.95">
        <MinHoldingTorque Temperature="298" Torque="0.76"/>
        <MinHoldingTorque Temperature="353" Torque="0.6175"/>
    </BrakeData>
    <EncoderData Available="true" Offset="0" RatioMotorEncoder="[10/1]"/>
    <SpeedCurrentDataAccelerate>
        <SpeedCurrent Current="18.2" Speed="0"/>
        <SpeedCurrent Current="18.2" Speed="1250"/>
        <SpeedCurrent Current="11" Speed="2250"/>
        <SpeedCurrent Current="6.1" Speed="4100"/>
        <SpeedCurrent Current="0" Speed="4295"/>
    </SpeedCurrentDataAccelerate>
    <SpeedCurrentDataDecelerate>
        <SpeedCurrent Current="-18.2" Speed="0"/>
        <SpeedCurrent Current="-18.2" Speed="1250"/>
        <SpeedCurrent Current="-11" Speed="2250"/>
        <SpeedCurrent Current="-6.1" Speed="4100"/>
        <SpeedCurrent Current="0" Speed="4500"/>
        <SpeedCurrent Current="0" Speed="4860"/>
    </SpeedCurrentDataDecelerate>
    <IntermediateCircuitVoltage UzkMax="48" UzkRef="41"/>
    <KT-Characteristic T_ref="343" a1="0.13777" a3="-8.5385e-05" b0="1" b1="-0.00078731"/>
</Motor>
<!--checksum 7628-->
