<?xml version="1.0" encoding="UTF-8"?>
<Motor xmlns:xsi="http://www.w3.org/2001/XMLSchema-instance" xsi:noNamespaceSchemaLocation="/Roboter/Config/System/Common/Schemes/Motor.xsd">
    <Version Label="">
        <Info Version="Any"/>
        <Schema Version="2"/>
        <!--#############################################################-->
        <!--########                                             ########-->
        <!--########                  MOTOR-FILE                 ########-->
        <!--########              KUKA ROBOTER GMBH              ########-->
        <!--########                                             ########-->
        <!--#############################################################-->
        <!--ATB 1.35.1, DB V7.194-->
        <!--Datum: 26-Feb-2015 14:20:09-->
        <!--Motor:     ML85-->
        <!--Umrichter: PDS_20-->
        <!--xmlFileID_ML85_PDS_20_20150226142009-->
    </Version>
    <MotorData BackEMF="11.0962" HoldingCurrent="7.8" ID="ML85"
        KT-Factor="0.167" KT0-Factor="0.1701" MaximalCurrent="20"
        MaximalTemperature="358" NominalCurrent="7.171"
        PolePairNumber="10" RampUpTime="10" TorqueOfInertia="0.000129"
        Vendor="KUKA" WindingInductance="0.0002682" WindingResistance="0.09375"/>
    <SpeedTorqueData>
        <SpeedTorque Speed="0" Torque="2.73"/>
        <SpeedTorque Speed="1300" Torque="2.73"/>
        <SpeedTorque Speed="1725" Torque="2.14"/>
        <SpeedTorque Speed="3470" Torque="0.89814"/>
        <SpeedTorque Speed="3471" Torque="0"/>
        <OperatingPoint Speed="2500" Torque="1.0392"/>
        <HoldingTorque Speed="0" Torque="1.327"/>
    </SpeedTorqueData>
    <BrakeData Available="true" CloseTime="10" CoolOffCoeff="0.25"
        HoldingTorque="0.8775" MaxHoldingTorque="2.2275"
        MaximalEnergy="30" OpenTime="100" Torque="1.35">
        <MinHoldingTorque Temperature="298" Torque="1.08"/>
        <MinHoldingTorque Temperature="353" Torque="0.8775"/>
    </BrakeData>
    <EncoderData Available="true" Offset="0" RatioMotorEncoder="[10/1]"/>
    <SpeedCurrentDataAccelerate>
        <SpeedCurrent Current="20" Speed="0"/>
        <SpeedCurrent Current="20" Speed="1375"/>
        <SpeedCurrent Current="15.45" Speed="1973"/>
        <SpeedCurrent Current="8.99" Speed="3636"/>
        <SpeedCurrent Current="4.8408" Speed="3720"/>
    </SpeedCurrentDataAccelerate>
    <SpeedCurrentDataDecelerate>
        <SpeedCurrent Current="-20" Speed="0"/>
        <SpeedCurrent Current="-20" Speed="1375"/>
        <SpeedCurrent Current="-15.45" Speed="1973"/>
        <SpeedCurrent Current="-8.99" Speed="3636"/>
        <SpeedCurrent Current="-0.74103" Speed="3970"/>
        <SpeedCurrent Current="0" Speed="3971"/>
    </SpeedCurrentDataDecelerate>
    <IntermediateCircuitVoltage UzkMax="48" UzkRef="41"/>
    <KT-Characteristic T_ref="343" a1="0.17479" a3="-4.3706e-05" b0="1" b1="-0.00078731"/>
</Motor>
<!--checksum 4740-->
