<?xml version="1.0" encoding="UTF-8"?>
<Motor xmlns:xsi="http://www.w3.org/2001/XMLSchema-instance" xsi:noNamespaceSchemaLocation="/Roboter/Config/System/Common/Schemes/Motor.xsd">
    <Version Label="">
        <Info Version="Any"/>
        <Schema Version="2"/>
        <!--#############################################################-->
        <!--########                                             ########-->
        <!--########                  MOTOR-FILE                 ########-->
        <!--########              KUKA ROBOTER GMBH              ########-->
        <!--########                                             ########-->
        <!--#############################################################-->
        <!--ATB 1.35.1, DB V7.194-->
        <!--Datum: 26-Feb-2015 14:20:09-->
        <!--Motor:     ML85L-->
        <!--Umrichter: PDS_20-->
        <!--xmlFileID_ML85L_PDS_20_20150226142009-->
    </Version>
    <MotorData BackEMF="12.3567" HoldingCurrent="10" ID="ML85L"
        KT-Factor="0.197" KT0-Factor="0.1932" MaximalCurrent="20"
        MaximalTemperature="358" NominalCurrent="9.2195"
        PolePairNumber="10" RampUpTime="10" TorqueOfInertia="0.000185"
        Vendor="KUKA" WindingInductance="0.0001669" WindingResistance="0.04816"/>
    <SpeedTorqueData>
        <SpeedTorque Speed="0" Torque="3.27"/>
        <SpeedTorque Speed="1470" Torque="3.27"/>
        <SpeedTorque Speed="1920" Torque="2.31"/>
        <SpeedTorque Speed="2128" Torque="1.77"/>
        <SpeedTorque Speed="2662" Torque="0.05"/>
        <SpeedTorque Speed="2663" Torque="0"/>
        <OperatingPoint Speed="2000" Torque="1.5163"/>
        <HoldingTorque Speed="0" Torque="1.932"/>
    </SpeedTorqueData>
    <BrakeData Available="true" CloseTime="10" CoolOffCoeff="0.41667"
        HoldingTorque="1.365" MaxHoldingTorque="3.465"
        MaximalEnergy="50" OpenTime="100" Torque="2.1">
        <MinHoldingTorque Temperature="298" Torque="1.68"/>
        <MinHoldingTorque Temperature="353" Torque="1.365"/>
    </BrakeData>
    <EncoderData Available="true" Offset="0" RatioMotorEncoder="[10/1]"/>
    <SpeedCurrentDataAccelerate>
        <SpeedCurrent Current="20" Speed="0"/>
        <SpeedCurrent Current="20" Speed="1500"/>
        <SpeedCurrent Current="14" Speed="2420"/>
        <SpeedCurrent Current="10.24" Speed="2662"/>
        <SpeedCurrent Current="0" Speed="2795"/>
    </SpeedCurrentDataAccelerate>
    <SpeedCurrentDataDecelerate>
        <SpeedCurrent Current="-20" Speed="0"/>
        <SpeedCurrent Current="-20" Speed="1500"/>
        <SpeedCurrent Current="-14" Speed="2420"/>
        <SpeedCurrent Current="-10.24" Speed="2662"/>
        <SpeedCurrent Current="0" Speed="2928"/>
        <SpeedCurrent Current="0" Speed="3288"/>
    </SpeedCurrentDataDecelerate>
    <IntermediateCircuitVoltage UzkMax="48" UzkRef="41"/>
    <KT-Characteristic T_ref="338" a1="0.19798" a3="-1.6099e-05" b0="1" b1="-0.00078731"/>
</Motor>
<!--checksum 7323-->
