<?xml version="1.0" encoding="UTF-8"?>
<Motor xmlns:xsi="http://www.w3.org/2001/XMLSchema-instance" xsi:noNamespaceSchemaLocation="/Roboter/Config/System/Common/Schemes/Motor.xsd">
    <Version Label="">
        <Info Version="Any"/>
        <Schema Version="2"/>
        <!--#############################################################-->
        <!--########                                             ########-->
        <!--########                  MOTOR-FILE                 ########-->
        <!--########              KUKA ROBOTER GMBH              ########-->
        <!--########                                             ########-->
        <!--#############################################################-->
        <!--ATB 1.35.1, DB V7.194-->
        <!--Datum: 26-Feb-2015 14:20:08-->
        <!--Motor:     ML50-->
        <!--Umrichter: PDS_20-->
        <!--xmlFileID_ML50_PDS_20_20150226142008-->
    </Version>
    <MotorData BackEMF="4.7689" HoldingCurrent="3.5" ID="ML50"
        KT-Factor="0.0712" KT0-Factor="0.073" MaximalCurrent="10"
        MaximalTemperature="358" NominalCurrent="2.8581"
        PolePairNumber="10" RampUpTime="10" TorqueOfInertia="1.5e-05"
        Vendor="KUKA" WindingInductance="0.0002242" WindingResistance="0.2636"/>
    <SpeedTorqueData>
        <SpeedTorque Speed="0" Torque="0.58"/>
        <SpeedTorque Speed="3300" Torque="0.58"/>
        <SpeedTorque Speed="4650" Torque="0.42"/>
        <SpeedTorque Speed="5450" Torque="0.35"/>
        <SpeedTorque Speed="5451" Torque="0"/>
        <OperatingPoint Speed="4500" Torque="0.17772"/>
        <HoldingTorque Speed="0" Torque="0.2548"/>
    </SpeedTorqueData>
    <BrakeData Available="true" CloseTime="10" CoolOffCoeff="0.058333"
        HoldingTorque="0.195" MaxHoldingTorque="0.495" MaximalEnergy="7"
        OpenTime="100" Torque="0.3">
        <MinHoldingTorque Temperature="298" Torque="0.24"/>
        <MinHoldingTorque Temperature="353" Torque="0.195"/>
    </BrakeData>
    <EncoderData Available="true" Offset="0" RatioMotorEncoder="[10/1]"/>
    <SpeedCurrentDataAccelerate>
        <SpeedCurrent Current="10" Speed="0"/>
        <SpeedCurrent Current="10" Speed="3400"/>
        <SpeedCurrent Current="7.4" Speed="5100"/>
        <SpeedCurrent Current="7.24" Speed="5450"/>
        <SpeedCurrent Current="0" Speed="5730"/>
    </SpeedCurrentDataAccelerate>
    <SpeedCurrentDataDecelerate>
        <SpeedCurrent Current="-10" Speed="0"/>
        <SpeedCurrent Current="-10" Speed="3400"/>
        <SpeedCurrent Current="-7.4" Speed="5100"/>
        <SpeedCurrent Current="-7.24" Speed="5450"/>
        <SpeedCurrent Current="0" Speed="6000"/>
        <SpeedCurrent Current="0" Speed="6360"/>
    </SpeedCurrentDataDecelerate>
    <IntermediateCircuitVoltage UzkMax="48" UzkRef="41"/>
    <KT-Characteristic T_ref="343" a1="0.074591" a3="-7.3865e-05" b0="1" b1="-0.00078731"/>
</Motor>
<!--checksum 3700-->
