<?xml version="1.0" encoding="UTF-8"?>
<Motor xmlns:xsi="http://www.w3.org/2001/XMLSchema-instance" xsi:noNamespaceSchemaLocation="/Roboter/Config/System/Common/Schemes/Motor.xsd">
    <Version Label="">
        <Info Version="Any"/>
        <Schema Version="2"/>
        <!--###############################################################-->
        <!--########                                               ########-->
        <!--########                   KR C4 sr                    ########-->
        <!--########                  Motor-File                   ########-->
        <!--########               KUKA ROBOTER GMBH               ########-->
        <!--########                                               ########-->
        <!--###############################################################-->
        <!--ATB 1.40.2, DB V7.252-->
        <!--Datum: 06-Oct-2015 16:40:41-->
        <!--Motor:     SSR5-AKM22-11-->
        <!--Umrichter: KSPsr5-->
        <!--xmlFileID_SSR5-AKM22-11_KSPsr5_20151006164041_083-->
    </Version>
    <MotorData BackEMF="42.93" HoldingCurrent="1.25" ID="SSR5-AKM22-11"
        KT-Factor="0.6067" KT0-Factor="0.67" MaximalCurrent="5"
        MaximalTemperature="408" NominalCurrent="1.2" PolePairNumber="3"
        RampUpTime="10" TorqueOfInertia="1.7e-05" Vendor="KUKA"
        WindingInductance="0.02146" WindingResistance="11.78"/>
    <SpeedTorqueData>
        <SpeedTorque Speed="0" Torque="2.45"/>
        <SpeedTorque Speed="1050" Torque="2.45"/>
        <SpeedTorque Speed="2750" Torque="1.52"/>
        <SpeedTorque Speed="6000" Torque="0.75"/>
        <SpeedTorque Speed="6001" Torque="0"/>
        <OperatingPoint Speed="3000" Torque="0.8"/>
        <HoldingTorque Speed="0" Torque="0.8375"/>
    </SpeedTorqueData>
    <BrakeData Available="true" CloseTime="60" CoolOffCoeff="4.1"
        HoldingTorque="1.16" MaxPermanentVoltage="24"
        MaximalEnergy="736" OpenTime="145" PowerSaveDelay="1"
        PowerSaveVoltage="20.5" Torque="1.16"/>
    <EncoderData Available="true" Offset="0" RatioMotorEncoder="[1/1]"/>
    <SpeedCurrentDataAccelerate>
        <SpeedCurrent Current="5" Speed="0"/>
        <SpeedCurrent Current="5" Speed="1750"/>
        <SpeedCurrent Current="3" Speed="3350"/>
        <SpeedCurrent Current="2" Speed="6000"/>
        <SpeedCurrent Current="0" Speed="6250"/>
    </SpeedCurrentDataAccelerate>
    <SpeedCurrentDataDecelerate>
        <SpeedCurrent Current="-5" Speed="0"/>
        <SpeedCurrent Current="-5" Speed="1750"/>
        <SpeedCurrent Current="-3" Speed="3350"/>
        <SpeedCurrent Current="-2" Speed="6000"/>
        <SpeedCurrent Current="0" Speed="6500"/>
        <SpeedCurrent Current="0" Speed="6860"/>
    </SpeedCurrentDataDecelerate>
    <IntermediateCircuitVoltage UzkMax="550" UzkRef="347.4"/>
    <KT-Characteristic T_ref="343.5" a1="0.68948" a3="-0.0054092" b0="1" b1="-0.00017465"/>
</Motor>
<!--checksum 1757-->
