﻿<?xml version="1.0" encoding="utf-8"?>
<!--XML file automatically generated by WorkVisual V4.0.11_Build43.-->
<!--DO NOT EDIT-->
<Axis xsi:noNamespaceSchemaLocation="../../../../System/Common/Schemes/NGAxis.xsd" xmlns:xsi="http://www.w3.org/2001/XMLSchema-instance">
  <Version Label="">
    <Info Version="KUKA V8.3" />
    <Schema Version="1" />
  </Version>
  <Machine Name="#KR30_3 C4 FLR ZH02" />
  <AxisData Simulation="Off" Type="Rotator" Mode="StandAlone" MessageDisable="0" />
  <ToolMotor ExtTorqueOfInertia="0.000856" MaximalEnergy="4203.1" RampUpTimeUnderLoad="400" RampStopTime="348" MotorFile="Motor\M_G1_KSP40_400V_V1.xml" ServoFile="ServoFile\S_G1_KSP40_400V_V1.xml" ParameterFile="Mada\NGAxis\CtrlA2.xml" AdditionalFunctionFile="Mada\NGAxis\CtrlA2AddFct.xml">
    <Monitoring PositionLag="185" PositionLagSoft="740" Speed="5848" SpeedLag="0" />
    <Limit Current="32" Speed="0" />
  </ToolMotor>
  <Inversion Position="false" Velocity="false" Torque="false" />
  <Delay ActValue="2" CmdValue="24" />
  <Mastering ChannelName="EMD-Data" Type="EMD" />
</Axis>