﻿<?xml version="1.0" encoding="utf-8"?>
<!--XML file automatically generated by WorkVisual V4.0.11_Build43.-->
<!--DO NOT EDIT-->
<Axis xsi:noNamespaceSchemaLocation="../../../../System/Common/Schemes/NGAxis.xsd" xmlns:xsi="http://www.w3.org/2001/XMLSchema-instance">
  <Version Label="">
    <Info Version="KUKA V8.3" />
    <Schema Version="1" />
  </Version>
  <Machine Name="#KR30_3 C4 FLR ZH02" />
  <AxisData Simulation="Off" Type="Rotator" Mode="StandAlone" MessageDisable="0" />
  <ToolMotor ExtTorqueOfInertia="0.000865" MaximalEnergy="203.85" RampUpTimeUnderLoad="360" RampStopTime="180" MotorFile="Motor\M_D0_KSP20_400V_V1.xml" ServoFile="ServoFile\S_D0_KSP20_400V_V1.xml" ParameterFile="Mada\NGAxis\CtrlA4.xml" AdditionalFunctionFile="Mada\NGAxis\CtrlA4AddFct.xml">
    <Monitoring PositionLag="75" PositionLagSoft="300" Speed="4420" SpeedLag="0" />
    <Limit Current="8" Speed="0" />
  </ToolMotor>
  <Inversion Position="false" Velocity="false" Torque="false" />
  <Delay ActValue="2" CmdValue="24" />
  <Mastering ChannelName="EMD-Data" Type="EMD" />
</Axis>