<?xml version="1.0" encoding="UTF-8"?>
<ModuleList xsi:noNamespaceSchemaLocation="/Roboter/Config/System/Common/Schemes/Modules.xsd" xmlns:xsi="http://www.w3.org/2001/XMLSchema-instance">
   <Version Label="">
      <Info Version="KUKA V8.3"/>
      <Schema Version="1"/>
   </Version>
   <Module isActive="true" Name="MM.o" DisplayName="MotionManager" Config="MM.xml" Prio="185" Stacksize="65536" Affinity="0"/>
   <Module isActive="true" Name="Simu.o" DisplayName="SimuDriver" Config="Simu.xml" Prio="185" Stacksize="65536" Affinity="0"/>
   <Module isActive="true" Name="KRC.o" DisplayName="KRC" Config="KRC.xml" Prio="185" Stacksize="65536" Affinity="0"/>
   <Module isActive="true" Name="Trace.o" DisplayName="Trace" Config="Trace.xml" Prio="186" Stacksize="65536" Affinity="0"/>
   <Module isActive="true" Name="Diagnose.o" DisplayName="Diagnose" Config="Diagnose.xml" Prio="186" Stacksize="131072" Affinity="0"/>
   <Module isActive="true" Name="CommService.o" DisplayName="CommService" Config="CommService.xml" Prio="185" Affinity="0" Stacksize="65536"/>
</ModuleList>