<?xml version="1.0" encoding="UTF-8"?>
<!--/Roboter/Config/System/Common/-->
<NGShared xmlns:xsi="http://www.w3.org/2001/XMLSchema-instance" xsi:noNamespaceSchemaLocation="/Roboter/Config/System/Common/Schemes/NGSharedO.xsd">
   <Version Label="">
      <Info Version="KUKA V8.3"/>
      <Schema Version="1"/>
   </Version>
   <Behaviour>
      <FuturePool FutureInstanceCount="128"/>
      <Trace Enabled="true" TaskFrequency="250" TaskPriority="200"/>
  		<PerfTimers ConfigFile="NGPerfTimerConfig.xml"/>
   </Behaviour>
   <Scheduler TimerSource="SysSched" CPUMask="1" MainSchedulerCPUIndex="0" AllwaysUsePrimaryTimerSource="true" StackSize="65536" />
   <Monitoring>
      <Timestamp>
         <!-- 0.1 * 1e9 / 4000 ns -->
         <TimestampThreshold TimestampType="TIMESTAMP_ISR_START" Type="ABS" Value="25000"/>
         <!-- 0.13 * 1e9 / 4000 ns -->
         <TimestampThreshold TimestampType="TIMESTAMP_CYCLE_START" Type="ABS" Value="32500"/>
         <!-- fraction of cycle time -->
         <TimestampThreshold TimestampType="TIMESTAMP_ECAT_T1_SEND" Type="REL" Value="0.5"/>
         <!-- fraction of cycle time -->
         <TimestampThreshold TimestampType="TIMESTAMP_CYCLE_END" Type="REL" Value="0.9"/>
      </Timestamp>
   </Monitoring>
   <DeviceMapping>
      <BusConfig>
         <EtherCAT BusId="ECAT-CTRLBUS" ConfigFile="ecatms_config.xml"/>
      </BusConfig>
      <DeviceTypes>
      </DeviceTypes>
   </DeviceMapping>
   <PersistService>
      <Persisters>
         <FilePersister Name="RDC" ID="100" DefaultPath="/Roboter/Config/User/Office/PersistRDC"/>
         <FilePersister Name="CIB" ID="100" DefaultPath="/Roboter/Config/User/Office/PersistCIB"/>
         <FilePersister Name="PC" ID="100" DefaultPath="/Roboter/Config/User/Common/PersistPC"/>
      </Persisters>
   </PersistService>
</NGShared>
