﻿<?xml version="1.0" encoding="utf-8"?>
<!--XML file automatically generated by WorkVisual V4.0.11_Build43.-->
<!--DO NOT EDIT-->
<IPPNIO xmlns:xsi="http://www.w3.org/2001/XMLSchema-instance" xmlns:xsd="http://www.w3.org/2001/XMLSchema" xsi:noNamespaceSchemaLocation="/Roboter/Config/System/Common/Schemes/IPPNIO.xsd">
  <Version>
    <UUID ExCRC="1">257187617108552705863020289262105279785</UUID>
    <CfgBrokerVersion>14.2.3.6</CfgBrokerVersion>
    <CRC ExCRC="1" CRCVal="1324768559" />
  </Version>
  <CtlrParas>
    <CtlrIP d1="0" d2="0" d3="0" d4="0" ExCRC="0" />
    <CtlrMask d1="0" d2="0" d3="0" d4="0" ExCRC="0" />
    <CtlrGate d1="0" d2="0" d3="0" d4="0" ExCRC="0" />
    <StatN />
    <Station ExCRC="1" />
    <DevName ExCRC="1" />
    <ModEquId ExCRC="1" />
    <FDCMLFile />
    <CEId />
  </CtlrParas>
  <ARs />
</IPPNIO>