﻿<?xml version="1.0" encoding="utf-8"?>
<!--XML file automatically generated by WorkVisual V4.0.11_Build43.-->
<!--DO NOT EDIT-->
<Application kukaVersion="1.0.1" xsi:noNamespaceSchemaLocation="/Roboter/Config/System/Common/Schemes/KRC_IO.xsd" xmlns:xsi="http://www.w3.org/2001/XMLSchema-instance">
  <Version Label="">
    <Info Version="" />
    <Schema Version="100" />
  </Version>
  <ProcessData>
    <Segment drvName="PNIODriver" busInstanceName="PNIO-DEV" byteOffset="16" byteSize="15" segmentID="0" />
    <Segment drvName="PNIODriver" busInstanceName="PNIO-DEV" byteOffset="286" byteSize="9" segmentID="1" />
    <Segment drvName="PNIODriver" busInstanceName="PNIO-DEV" byteOffset="296" byteSize="4" segmentID="2" />
  </ProcessData>
  <Mapping>
    <Output>
      <Digital>
        <Out krcStartIndex="1" segmentID="1">
          <Start segmentByteOffset="8" segmentBitOffset="0" />
          <End segmentByteOffset="8" segmentBitOffset="0" />
        </Out>
        <Out krcStartIndex="401" segmentID="1">
          <Start segmentByteOffset="0" segmentBitOffset="0" />
          <End segmentByteOffset="7" segmentBitOffset="7" />
        </Out>
        <Out krcStartIndex="465" segmentID="1">
          <Start segmentByteOffset="8" segmentBitOffset="1" />
          <End segmentByteOffset="8" segmentBitOffset="4" />
        </Out>
        <Out krcStartIndex="469" segmentID="2">
          <Start segmentByteOffset="0" segmentBitOffset="0" />
          <End segmentByteOffset="3" segmentBitOffset="7" />
        </Out>
      </Digital>
      <Analog />
    </Output>
    <Input>
      <Digital>
        <In krcStartIndex="401" segmentID="0">
          <Start segmentByteOffset="0" segmentBitOffset="0" />
          <End segmentByteOffset="14" segmentBitOffset="7" />
        </In>
      </Digital>
      <Analog />
    </Input>
    <IOLinking />
  </Mapping>
  <Options>
    <DataIntegrity value="true" />
    <NrOfInOut value="4096" />
    <Stream>
      <Bus busInstanceName="PNIO-DEV" />
    </Stream>
  </Options>
</Application>