﻿<?xml version="1.0" encoding="utf-8"?>
<!--XML file automatically generated by WorkVisual V4.0.11_Build43.-->
<!--DO NOT EDIT-->
<KrcIoSignals>
  <Signal type="$IN" krcStartIndex="401" bitWidth="1" class="SLAVE" iecType="BOOL" permitOverride="true" />
  <Signal type="$IN" krcStartIndex="402" bitWidth="1" class="SLAVE" iecType="BOOL" permitOverride="true" />
  <Signal type="$IN" krcStartIndex="403" bitWidth="1" class="SLAVE" iecType="BOOL" permitOverride="true" />
  <Signal type="$IN" krcStartIndex="404" bitWidth="1" class="SLAVE" iecType="BOOL" permitOverride="true" />
  <Signal type="$IN" krcStartIndex="405" bitWidth="1" class="SLAVE" iecType="BOOL" permitOverride="true" />
  <Signal type="$IN" krcStartIndex="406" bitWidth="1" class="SLAVE" iecType="BOOL" permitOverride="true" />
  <Signal type="$IN" krcStartIndex="407" bitWidth="1" class="SLAVE" iecType="BOOL" permitOverride="true" />
  <Signal type="$IN" krcStartIndex="408" bitWidth="1" class="SLAVE" iecType="BOOL" permitOverride="true" />
  <Signal type="$IN" krcStartIndex="409" bitWidth="1" class="SLAVE" iecType="BOOL" permitOverride="true" />
  <Signal type="$IN" krcStartIndex="410" bitWidth="1" class="SLAVE" iecType="BOOL" permitOverride="true" />
  <Signal type="$IN" krcStartIndex="411" bitWidth="1" class="SLAVE" iecType="BOOL" permitOverride="true" />
  <Signal type="$IN" krcStartIndex="412" bitWidth="1" class="SLAVE" iecType="BOOL" permitOverride="true" />
  <Signal type="$IN" krcStartIndex="413" bitWidth="1" class="SLAVE" iecType="BOOL" permitOverride="true" />
  <Signal type="$IN" krcStartIndex="414" bitWidth="1" class="SLAVE" iecType="BOOL" permitOverride="true" />
  <Signal type="$IN" krcStartIndex="415" bitWidth="1" class="SLAVE" iecType="BOOL" permitOverride="true" />
  <Signal type="$IN" krcStartIndex="416" bitWidth="1" class="SLAVE" iecType="BOOL" permitOverride="true" />
  <Signal type="$IN" krcStartIndex="417" bitWidth="1" class="SLAVE" iecType="BOOL" permitOverride="true" />
  <Signal type="$IN" krcStartIndex="418" bitWidth="1" class="SLAVE" iecType="BOOL" permitOverride="true" />
  <Signal type="$IN" krcStartIndex="419" bitWidth="1" class="SLAVE" iecType="BOOL" permitOverride="true" />
  <Signal type="$IN" krcStartIndex="420" bitWidth="1" class="SLAVE" iecType="BOOL" permitOverride="true" />
  <Signal type="$IN" krcStartIndex="421" bitWidth="1" class="SLAVE" iecType="BOOL" permitOverride="true" />
  <Signal type="$IN" krcStartIndex="422" bitWidth="1" class="SLAVE" iecType="BOOL" permitOverride="true" />
  <Signal type="$IN" krcStartIndex="423" bitWidth="1" class="SLAVE" iecType="BOOL" permitOverride="true" />
  <Signal type="$IN" krcStartIndex="424" bitWidth="1" class="SLAVE" iecType="BOOL" permitOverride="true" />
  <Signal type="$IN" krcStartIndex="425" bitWidth="1" class="SLAVE" iecType="BOOL" permitOverride="true" />
  <Signal type="$IN" krcStartIndex="426" bitWidth="1" class="SLAVE" iecType="BOOL" permitOverride="true" />
  <Signal type="$IN" krcStartIndex="427" bitWidth="1" class="SLAVE" iecType="BOOL" permitOverride="true" />
  <Signal type="$IN" krcStartIndex="428" bitWidth="1" class="SLAVE" iecType="BOOL" permitOverride="true" />
  <Signal type="$IN" krcStartIndex="429" bitWidth="1" class="SLAVE" iecType="BOOL" permitOverride="true" />
  <Signal type="$IN" krcStartIndex="430" bitWidth="1" class="SLAVE" iecType="BOOL" permitOverride="true" />
  <Signal type="$IN" krcStartIndex="431" bitWidth="1" class="SLAVE" iecType="BOOL" permitOverride="true" />
  <Signal type="$IN" krcStartIndex="432" bitWidth="1" class="SLAVE" iecType="BOOL" permitOverride="true" />
  <Signal type="$IN" krcStartIndex="433" bitWidth="1" class="SLAVE" iecType="BOOL" permitOverride="true" />
  <Signal type="$IN" krcStartIndex="434" bitWidth="1" class="SLAVE" iecType="BOOL" permitOverride="true" />
  <Signal type="$IN" krcStartIndex="435" bitWidth="1" class="SLAVE" iecType="BOOL" permitOverride="true" />
  <Signal type="$IN" krcStartIndex="436" bitWidth="1" class="SLAVE" iecType="BOOL" permitOverride="true" />
  <Signal type="$IN" krcStartIndex="437" bitWidth="1" class="SLAVE" iecType="BOOL" permitOverride="true" />
  <Signal type="$IN" krcStartIndex="438" bitWidth="1" class="SLAVE" iecType="BOOL" permitOverride="true" />
  <Signal type="$IN" krcStartIndex="439" bitWidth="1" class="SLAVE" iecType="BOOL" permitOverride="true" />
  <Signal type="$IN" krcStartIndex="440" bitWidth="1" class="SLAVE" iecType="BOOL" permitOverride="true" />
  <Signal type="$IN" krcStartIndex="441" bitWidth="1" class="SLAVE" iecType="BOOL" permitOverride="true" />
  <Signal type="$IN" krcStartIndex="442" bitWidth="1" class="SLAVE" iecType="BOOL" permitOverride="true" />
  <Signal type="$IN" krcStartIndex="443" bitWidth="1" class="SLAVE" iecType="BOOL" permitOverride="true" />
  <Signal type="$IN" krcStartIndex="444" bitWidth="1" class="SLAVE" iecType="BOOL" permitOverride="true" />
  <Signal type="$IN" krcStartIndex="445" bitWidth="1" class="SLAVE" iecType="BOOL" permitOverride="true" />
  <Signal type="$IN" krcStartIndex="446" bitWidth="1" class="SLAVE" iecType="BOOL" permitOverride="true" />
  <Signal type="$IN" krcStartIndex="447" bitWidth="1" class="SLAVE" iecType="BOOL" permitOverride="true" />
  <Signal type="$IN" krcStartIndex="448" bitWidth="1" class="SLAVE" iecType="BOOL" permitOverride="true" />
  <Signal type="$IN" krcStartIndex="449" bitWidth="1" class="SLAVE" iecType="BOOL" permitOverride="true" />
  <Signal type="$IN" krcStartIndex="450" bitWidth="1" class="SLAVE" iecType="BOOL" permitOverride="true" />
  <Signal type="$IN" krcStartIndex="451" bitWidth="1" class="SLAVE" iecType="BOOL" permitOverride="true" />
  <Signal type="$IN" krcStartIndex="452" bitWidth="1" class="SLAVE" iecType="BOOL" permitOverride="true" />
  <Signal type="$IN" krcStartIndex="453" bitWidth="1" class="SLAVE" iecType="BOOL" permitOverride="true" />
  <Signal type="$IN" krcStartIndex="454" bitWidth="1" class="SLAVE" iecType="BOOL" permitOverride="true" />
  <Signal type="$IN" krcStartIndex="455" bitWidth="1" class="SLAVE" iecType="BOOL" permitOverride="true" />
  <Signal type="$IN" krcStartIndex="456" bitWidth="1" class="SLAVE" iecType="BOOL" permitOverride="true" />
  <Signal type="$IN" krcStartIndex="457" bitWidth="1" class="SLAVE" iecType="BOOL" permitOverride="true" />
  <Signal type="$IN" krcStartIndex="458" bitWidth="1" class="SLAVE" iecType="BOOL" permitOverride="true" />
  <Signal type="$IN" krcStartIndex="459" bitWidth="1" class="SLAVE" iecType="BOOL" permitOverride="true" />
  <Signal type="$IN" krcStartIndex="460" bitWidth="1" class="SLAVE" iecType="BOOL" permitOverride="true" />
  <Signal type="$IN" krcStartIndex="461" bitWidth="1" class="SLAVE" iecType="BOOL" permitOverride="true" />
  <Signal type="$IN" krcStartIndex="462" bitWidth="1" class="SLAVE" iecType="BOOL" permitOverride="true" />
  <Signal type="$IN" krcStartIndex="463" bitWidth="1" class="SLAVE" iecType="BOOL" permitOverride="true" />
  <Signal type="$IN" krcStartIndex="464" bitWidth="1" class="SLAVE" iecType="BOOL" permitOverride="true" />
  <Signal type="$IN" krcStartIndex="465" bitWidth="1" class="SLAVE" iecType="BOOL" permitOverride="true" />
  <Signal type="$IN" krcStartIndex="466" bitWidth="1" class="SLAVE" iecType="BOOL" permitOverride="true" />
  <Signal type="$IN" krcStartIndex="467" bitWidth="1" class="SLAVE" iecType="BOOL" permitOverride="true" />
  <Signal type="$IN" krcStartIndex="468" bitWidth="1" class="SLAVE" iecType="BOOL" permitOverride="true" />
  <Signal type="$IN" krcStartIndex="469" bitWidth="1" class="SLAVE" iecType="BOOL" permitOverride="true" />
  <Signal type="$IN" krcStartIndex="470" bitWidth="1" class="SLAVE" iecType="BOOL" permitOverride="true" />
  <Signal type="$IN" krcStartIndex="471" bitWidth="1" class="SLAVE" iecType="BOOL" permitOverride="true" />
  <Signal type="$IN" krcStartIndex="472" bitWidth="1" class="SLAVE" iecType="BOOL" permitOverride="true" />
  <Signal type="$IN" krcStartIndex="473" bitWidth="1" class="SLAVE" iecType="BOOL" permitOverride="true" />
  <Signal type="$IN" krcStartIndex="474" bitWidth="1" class="SLAVE" iecType="BOOL" permitOverride="true" />
  <Signal type="$IN" krcStartIndex="475" bitWidth="1" class="SLAVE" iecType="BOOL" permitOverride="true" />
  <Signal type="$IN" krcStartIndex="476" bitWidth="1" class="SLAVE" iecType="BOOL" permitOverride="true" />
  <Signal type="$IN" krcStartIndex="477" bitWidth="1" class="SLAVE" iecType="BOOL" permitOverride="true" />
  <Signal type="$IN" krcStartIndex="478" bitWidth="1" class="SLAVE" iecType="BOOL" permitOverride="true" />
  <Signal type="$IN" krcStartIndex="479" bitWidth="1" class="SLAVE" iecType="BOOL" permitOverride="true" />
  <Signal type="$IN" krcStartIndex="480" bitWidth="1" class="SLAVE" iecType="BOOL" permitOverride="true" />
  <Signal type="$IN" krcStartIndex="481" bitWidth="1" class="SLAVE" iecType="BOOL" permitOverride="true" />
  <Signal type="$IN" krcStartIndex="482" bitWidth="1" class="SLAVE" iecType="BOOL" permitOverride="true" />
  <Signal type="$IN" krcStartIndex="483" bitWidth="1" class="SLAVE" iecType="BOOL" permitOverride="true" />
  <Signal type="$IN" krcStartIndex="484" bitWidth="1" class="SLAVE" iecType="BOOL" permitOverride="true" />
  <Signal type="$IN" krcStartIndex="485" bitWidth="1" class="SLAVE" iecType="BOOL" permitOverride="true" />
  <Signal type="$IN" krcStartIndex="486" bitWidth="1" class="SLAVE" iecType="BOOL" permitOverride="true" />
  <Signal type="$IN" krcStartIndex="487" bitWidth="1" class="SLAVE" iecType="BOOL" permitOverride="true" />
  <Signal type="$IN" krcStartIndex="488" bitWidth="1" class="SLAVE" iecType="BOOL" permitOverride="true" />
  <Signal type="$IN" krcStartIndex="489" bitWidth="1" class="SLAVE" iecType="BOOL" permitOverride="true" />
  <Signal type="$IN" krcStartIndex="490" bitWidth="1" class="SLAVE" iecType="BOOL" permitOverride="true" />
  <Signal type="$IN" krcStartIndex="491" bitWidth="1" class="SLAVE" iecType="BOOL" permitOverride="true" />
  <Signal type="$IN" krcStartIndex="492" bitWidth="1" class="SLAVE" iecType="BOOL" permitOverride="true" />
  <Signal type="$IN" krcStartIndex="493" bitWidth="1" class="SLAVE" iecType="BOOL" permitOverride="true" />
  <Signal type="$IN" krcStartIndex="494" bitWidth="1" class="SLAVE" iecType="BOOL" permitOverride="true" />
  <Signal type="$IN" krcStartIndex="495" bitWidth="1" class="SLAVE" iecType="BOOL" permitOverride="true" />
  <Signal type="$IN" krcStartIndex="496" bitWidth="1" class="SLAVE" iecType="BOOL" permitOverride="true" />
  <Signal type="$IN" krcStartIndex="497" bitWidth="1" class="SLAVE" iecType="BOOL" permitOverride="true" />
  <Signal type="$IN" krcStartIndex="498" bitWidth="1" class="SLAVE" iecType="BOOL" permitOverride="true" />
  <Signal type="$IN" krcStartIndex="499" bitWidth="1" class="SLAVE" iecType="BOOL" permitOverride="true" />
  <Signal type="$IN" krcStartIndex="500" bitWidth="1" class="SLAVE" iecType="BOOL" permitOverride="true" />
  <Signal type="$IN" krcStartIndex="501" bitWidth="1" class="SLAVE" iecType="BOOL" permitOverride="true" />
  <Signal type="$IN" krcStartIndex="502" bitWidth="1" class="SLAVE" iecType="BOOL" permitOverride="true" />
  <Signal type="$IN" krcStartIndex="503" bitWidth="1" class="SLAVE" iecType="BOOL" permitOverride="true" />
  <Signal type="$IN" krcStartIndex="504" bitWidth="1" class="SLAVE" iecType="BOOL" permitOverride="true" />
  <Signal type="$IN" krcStartIndex="505" bitWidth="1" class="SLAVE" iecType="BOOL" permitOverride="true" />
  <Signal type="$IN" krcStartIndex="506" bitWidth="1" class="SLAVE" iecType="BOOL" permitOverride="true" />
  <Signal type="$IN" krcStartIndex="507" bitWidth="1" class="SLAVE" iecType="BOOL" permitOverride="true" />
  <Signal type="$IN" krcStartIndex="508" bitWidth="1" class="SLAVE" iecType="BOOL" permitOverride="true" />
  <Signal type="$IN" krcStartIndex="509" bitWidth="1" class="SLAVE" iecType="BOOL" permitOverride="true" />
  <Signal type="$IN" krcStartIndex="510" bitWidth="1" class="SLAVE" iecType="BOOL" permitOverride="true" />
  <Signal type="$IN" krcStartIndex="511" bitWidth="1" class="SLAVE" iecType="BOOL" permitOverride="true" />
  <Signal type="$IN" krcStartIndex="512" bitWidth="1" class="SLAVE" iecType="BOOL" permitOverride="true" />
  <Signal type="$IN" krcStartIndex="513" bitWidth="1" class="SLAVE" iecType="BOOL" permitOverride="true" />
  <Signal type="$IN" krcStartIndex="514" bitWidth="1" class="SLAVE" iecType="BOOL" permitOverride="true" />
  <Signal type="$IN" krcStartIndex="515" bitWidth="1" class="SLAVE" iecType="BOOL" permitOverride="true" />
  <Signal type="$IN" krcStartIndex="516" bitWidth="1" class="SLAVE" iecType="BOOL" permitOverride="true" />
  <Signal type="$IN" krcStartIndex="517" bitWidth="1" class="SLAVE" iecType="BOOL" permitOverride="true" />
  <Signal type="$IN" krcStartIndex="518" bitWidth="1" class="SLAVE" iecType="BOOL" permitOverride="true" />
  <Signal type="$IN" krcStartIndex="519" bitWidth="1" class="SLAVE" iecType="BOOL" permitOverride="true" />
  <Signal type="$IN" krcStartIndex="520" bitWidth="1" class="SLAVE" iecType="BOOL" permitOverride="true" />
  <Signal type="$OUT" krcStartIndex="1" bitWidth="1" class="SLAVE" iecType="BOOL" permitOverride="true" />
  <Signal type="$OUT" krcStartIndex="401" bitWidth="1" class="SLAVE" iecType="BOOL" permitOverride="true" />
  <Signal type="$OUT" krcStartIndex="402" bitWidth="1" class="SLAVE" iecType="BOOL" permitOverride="true" />
  <Signal type="$OUT" krcStartIndex="403" bitWidth="1" class="SLAVE" iecType="BOOL" permitOverride="true" />
  <Signal type="$OUT" krcStartIndex="404" bitWidth="1" class="SLAVE" iecType="BOOL" permitOverride="true" />
  <Signal type="$OUT" krcStartIndex="405" bitWidth="1" class="SLAVE" iecType="BOOL" permitOverride="true" />
  <Signal type="$OUT" krcStartIndex="406" bitWidth="1" class="SLAVE" iecType="BOOL" permitOverride="true" />
  <Signal type="$OUT" krcStartIndex="407" bitWidth="1" class="SLAVE" iecType="BOOL" permitOverride="true" />
  <Signal type="$OUT" krcStartIndex="408" bitWidth="1" class="SLAVE" iecType="BOOL" permitOverride="true" />
  <Signal type="$OUT" krcStartIndex="409" bitWidth="1" class="SLAVE" iecType="BOOL" permitOverride="true" />
  <Signal type="$OUT" krcStartIndex="410" bitWidth="1" class="SLAVE" iecType="BOOL" permitOverride="true" />
  <Signal type="$OUT" krcStartIndex="411" bitWidth="1" class="SLAVE" iecType="BOOL" permitOverride="true" />
  <Signal type="$OUT" krcStartIndex="412" bitWidth="1" class="SLAVE" iecType="BOOL" permitOverride="true" />
  <Signal type="$OUT" krcStartIndex="413" bitWidth="1" class="SLAVE" iecType="BOOL" permitOverride="true" />
  <Signal type="$OUT" krcStartIndex="414" bitWidth="1" class="SLAVE" iecType="BOOL" permitOverride="true" />
  <Signal type="$OUT" krcStartIndex="415" bitWidth="1" class="SLAVE" iecType="BOOL" permitOverride="true" />
  <Signal type="$OUT" krcStartIndex="416" bitWidth="1" class="SLAVE" iecType="BOOL" permitOverride="true" />
  <Signal type="$OUT" krcStartIndex="417" bitWidth="1" class="SLAVE" iecType="BOOL" permitOverride="true" />
  <Signal type="$OUT" krcStartIndex="418" bitWidth="1" class="SLAVE" iecType="BOOL" permitOverride="true" />
  <Signal type="$OUT" krcStartIndex="419" bitWidth="1" class="SLAVE" iecType="BOOL" permitOverride="true" />
  <Signal type="$OUT" krcStartIndex="420" bitWidth="1" class="SLAVE" iecType="BOOL" permitOverride="true" />
  <Signal type="$OUT" krcStartIndex="421" bitWidth="1" class="SLAVE" iecType="BOOL" permitOverride="true" />
  <Signal type="$OUT" krcStartIndex="422" bitWidth="1" class="SLAVE" iecType="BOOL" permitOverride="true" />
  <Signal type="$OUT" krcStartIndex="423" bitWidth="1" class="SLAVE" iecType="BOOL" permitOverride="true" />
  <Signal type="$OUT" krcStartIndex="424" bitWidth="1" class="SLAVE" iecType="BOOL" permitOverride="true" />
  <Signal type="$OUT" krcStartIndex="425" bitWidth="1" class="SLAVE" iecType="BOOL" permitOverride="true" />
  <Signal type="$OUT" krcStartIndex="426" bitWidth="1" class="SLAVE" iecType="BOOL" permitOverride="true" />
  <Signal type="$OUT" krcStartIndex="427" bitWidth="1" class="SLAVE" iecType="BOOL" permitOverride="true" />
  <Signal type="$OUT" krcStartIndex="428" bitWidth="1" class="SLAVE" iecType="BOOL" permitOverride="true" />
  <Signal type="$OUT" krcStartIndex="429" bitWidth="1" class="SLAVE" iecType="BOOL" permitOverride="true" />
  <Signal type="$OUT" krcStartIndex="430" bitWidth="1" class="SLAVE" iecType="BOOL" permitOverride="true" />
  <Signal type="$OUT" krcStartIndex="431" bitWidth="1" class="SLAVE" iecType="BOOL" permitOverride="true" />
  <Signal type="$OUT" krcStartIndex="432" bitWidth="1" class="SLAVE" iecType="BOOL" permitOverride="true" />
  <Signal type="$OUT" krcStartIndex="433" bitWidth="1" class="SLAVE" iecType="BOOL" permitOverride="true" />
  <Signal type="$OUT" krcStartIndex="434" bitWidth="1" class="SLAVE" iecType="BOOL" permitOverride="true" />
  <Signal type="$OUT" krcStartIndex="435" bitWidth="1" class="SLAVE" iecType="BOOL" permitOverride="true" />
  <Signal type="$OUT" krcStartIndex="436" bitWidth="1" class="SLAVE" iecType="BOOL" permitOverride="true" />
  <Signal type="$OUT" krcStartIndex="437" bitWidth="1" class="SLAVE" iecType="BOOL" permitOverride="true" />
  <Signal type="$OUT" krcStartIndex="438" bitWidth="1" class="SLAVE" iecType="BOOL" permitOverride="true" />
  <Signal type="$OUT" krcStartIndex="439" bitWidth="1" class="SLAVE" iecType="BOOL" permitOverride="true" />
  <Signal type="$OUT" krcStartIndex="440" bitWidth="1" class="SLAVE" iecType="BOOL" permitOverride="true" />
  <Signal type="$OUT" krcStartIndex="441" bitWidth="1" class="SLAVE" iecType="BOOL" permitOverride="true" />
  <Signal type="$OUT" krcStartIndex="442" bitWidth="1" class="SLAVE" iecType="BOOL" permitOverride="true" />
  <Signal type="$OUT" krcStartIndex="443" bitWidth="1" class="SLAVE" iecType="BOOL" permitOverride="true" />
  <Signal type="$OUT" krcStartIndex="444" bitWidth="1" class="SLAVE" iecType="BOOL" permitOverride="true" />
  <Signal type="$OUT" krcStartIndex="445" bitWidth="1" class="SLAVE" iecType="BOOL" permitOverride="true" />
  <Signal type="$OUT" krcStartIndex="446" bitWidth="1" class="SLAVE" iecType="BOOL" permitOverride="true" />
  <Signal type="$OUT" krcStartIndex="447" bitWidth="1" class="SLAVE" iecType="BOOL" permitOverride="true" />
  <Signal type="$OUT" krcStartIndex="448" bitWidth="1" class="SLAVE" iecType="BOOL" permitOverride="true" />
  <Signal type="$OUT" krcStartIndex="449" bitWidth="1" class="SLAVE" iecType="BOOL" permitOverride="true" />
  <Signal type="$OUT" krcStartIndex="450" bitWidth="1" class="SLAVE" iecType="BOOL" permitOverride="true" />
  <Signal type="$OUT" krcStartIndex="451" bitWidth="1" class="SLAVE" iecType="BOOL" permitOverride="true" />
  <Signal type="$OUT" krcStartIndex="452" bitWidth="1" class="SLAVE" iecType="BOOL" permitOverride="true" />
  <Signal type="$OUT" krcStartIndex="453" bitWidth="1" class="SLAVE" iecType="BOOL" permitOverride="true" />
  <Signal type="$OUT" krcStartIndex="454" bitWidth="1" class="SLAVE" iecType="BOOL" permitOverride="true" />
  <Signal type="$OUT" krcStartIndex="455" bitWidth="1" class="SLAVE" iecType="BOOL" permitOverride="true" />
  <Signal type="$OUT" krcStartIndex="456" bitWidth="1" class="SLAVE" iecType="BOOL" permitOverride="true" />
  <Signal type="$OUT" krcStartIndex="457" bitWidth="1" class="SLAVE" iecType="BOOL" permitOverride="true" />
  <Signal type="$OUT" krcStartIndex="458" bitWidth="1" class="SLAVE" iecType="BOOL" permitOverride="true" />
  <Signal type="$OUT" krcStartIndex="459" bitWidth="1" class="SLAVE" iecType="BOOL" permitOverride="true" />
  <Signal type="$OUT" krcStartIndex="460" bitWidth="1" class="SLAVE" iecType="BOOL" permitOverride="true" />
  <Signal type="$OUT" krcStartIndex="461" bitWidth="1" class="SLAVE" iecType="BOOL" permitOverride="true" />
  <Signal type="$OUT" krcStartIndex="462" bitWidth="1" class="SLAVE" iecType="BOOL" permitOverride="true" />
  <Signal type="$OUT" krcStartIndex="463" bitWidth="1" class="SLAVE" iecType="BOOL" permitOverride="true" />
  <Signal type="$OUT" krcStartIndex="464" bitWidth="1" class="SLAVE" iecType="BOOL" permitOverride="true" />
  <Signal type="$OUT" krcStartIndex="465" bitWidth="1" class="SLAVE" iecType="BOOL" permitOverride="true" />
  <Signal type="$OUT" krcStartIndex="466" bitWidth="1" class="SLAVE" iecType="BOOL" permitOverride="true" />
  <Signal type="$OUT" krcStartIndex="467" bitWidth="1" class="SLAVE" iecType="BOOL" permitOverride="true" />
  <Signal type="$OUT" krcStartIndex="468" bitWidth="1" class="SLAVE" iecType="BOOL" permitOverride="true" />
  <Signal type="$OUT" krcStartIndex="469" bitWidth="1" class="SLAVE" iecType="BOOL" permitOverride="true" />
  <Signal type="$OUT" krcStartIndex="470" bitWidth="1" class="SLAVE" iecType="BOOL" permitOverride="true" />
  <Signal type="$OUT" krcStartIndex="471" bitWidth="1" class="SLAVE" iecType="BOOL" permitOverride="true" />
  <Signal type="$OUT" krcStartIndex="472" bitWidth="1" class="SLAVE" iecType="BOOL" permitOverride="true" />
  <Signal type="$OUT" krcStartIndex="473" bitWidth="1" class="SLAVE" iecType="BOOL" permitOverride="true" />
  <Signal type="$OUT" krcStartIndex="474" bitWidth="1" class="SLAVE" iecType="BOOL" permitOverride="true" />
  <Signal type="$OUT" krcStartIndex="475" bitWidth="1" class="SLAVE" iecType="BOOL" permitOverride="true" />
  <Signal type="$OUT" krcStartIndex="476" bitWidth="1" class="SLAVE" iecType="BOOL" permitOverride="true" />
  <Signal type="$OUT" krcStartIndex="477" bitWidth="1" class="SLAVE" iecType="BOOL" permitOverride="true" />
  <Signal type="$OUT" krcStartIndex="478" bitWidth="1" class="SLAVE" iecType="BOOL" permitOverride="true" />
  <Signal type="$OUT" krcStartIndex="479" bitWidth="1" class="SLAVE" iecType="BOOL" permitOverride="true" />
  <Signal type="$OUT" krcStartIndex="480" bitWidth="1" class="SLAVE" iecType="BOOL" permitOverride="true" />
  <Signal type="$OUT" krcStartIndex="481" bitWidth="1" class="SLAVE" iecType="BOOL" permitOverride="true" />
  <Signal type="$OUT" krcStartIndex="482" bitWidth="1" class="SLAVE" iecType="BOOL" permitOverride="true" />
  <Signal type="$OUT" krcStartIndex="483" bitWidth="1" class="SLAVE" iecType="BOOL" permitOverride="true" />
  <Signal type="$OUT" krcStartIndex="484" bitWidth="1" class="SLAVE" iecType="BOOL" permitOverride="true" />
  <Signal type="$OUT" krcStartIndex="485" bitWidth="1" class="SLAVE" iecType="BOOL" permitOverride="true" />
  <Signal type="$OUT" krcStartIndex="486" bitWidth="1" class="SLAVE" iecType="BOOL" permitOverride="true" />
  <Signal type="$OUT" krcStartIndex="487" bitWidth="1" class="SLAVE" iecType="BOOL" permitOverride="true" />
  <Signal type="$OUT" krcStartIndex="488" bitWidth="1" class="SLAVE" iecType="BOOL" permitOverride="true" />
  <Signal type="$OUT" krcStartIndex="489" bitWidth="1" class="SLAVE" iecType="BOOL" permitOverride="true" />
  <Signal type="$OUT" krcStartIndex="490" bitWidth="1" class="SLAVE" iecType="BOOL" permitOverride="true" />
  <Signal type="$OUT" krcStartIndex="491" bitWidth="1" class="SLAVE" iecType="BOOL" permitOverride="true" />
  <Signal type="$OUT" krcStartIndex="492" bitWidth="1" class="SLAVE" iecType="BOOL" permitOverride="true" />
  <Signal type="$OUT" krcStartIndex="493" bitWidth="1" class="SLAVE" iecType="BOOL" permitOverride="true" />
  <Signal type="$OUT" krcStartIndex="494" bitWidth="1" class="SLAVE" iecType="BOOL" permitOverride="true" />
  <Signal type="$OUT" krcStartIndex="495" bitWidth="1" class="SLAVE" iecType="BOOL" permitOverride="true" />
  <Signal type="$OUT" krcStartIndex="496" bitWidth="1" class="SLAVE" iecType="BOOL" permitOverride="true" />
  <Signal type="$OUT" krcStartIndex="497" bitWidth="1" class="SLAVE" iecType="BOOL" permitOverride="true" />
  <Signal type="$OUT" krcStartIndex="498" bitWidth="1" class="SLAVE" iecType="BOOL" permitOverride="true" />
  <Signal type="$OUT" krcStartIndex="499" bitWidth="1" class="SLAVE" iecType="BOOL" permitOverride="true" />
  <Signal type="$OUT" krcStartIndex="500" bitWidth="1" class="SLAVE" iecType="BOOL" permitOverride="true" />
</KrcIoSignals>