<?xml version="1.0" encoding="UTF-8"?>
<ServoFile xmlns:xsi="http://www.w3.org/2001/XMLSchema-instance" xsi:noNamespaceSchemaLocation="/Roboter/Config/System/Common/Schemes/Servofile.xsd">
    <Version Label="">
        <Info Version="Any"/>
        <Schema Version="1"/>
        <!--#############################################################-->
        <!--########                                             ########-->
        <!--########                  SERVO-FILE                 ########-->
        <!--########              KUKA-ROBOTER GMBH              ########-->
        <!--########                                             ########-->
        <!--#############################################################-->
        <!--ATB V1.0, DB V7.83-->
        <!--Datum: 28-Nov-2012 13:31:24-->
        <!--Motor:     A01-->
        <!--Umrichter: KSP40-->
        <!--xmlFileID_A01_KSP40_20121128133124_243-->
    </Version>
    <!--Fehlerquittierung-->
    <Parameter Index="0x28" Relative="true" SubIndex="0" Type="INT16" Value="1"/>
    <Parameter Index="0x28" Relative="true" SubIndex="0" Type="INT16" Value="0"/>
    <Parameter Index="0x200B" Relative="false" SubIndex="0"
        Type="UINT16" Value="0"/>
    <Parameter Index="3" Relative="true" SubIndex="1" Type="UINT16" Value="0"/>
    <Parameter Index="6" Relative="true" SubIndex="3" Type="INT16" Value="6553"/>
    <Parameter Index="8" Relative="true" SubIndex="1" Type="INT16" Value="-4633"/>
    <Parameter Index="8" Relative="true" SubIndex="2" Type="UINT16" Value="33802"/>
    <Parameter Index="8" Relative="true" SubIndex="3" Type="UINT16" Value="4225"/>
    <Parameter Index="8" Relative="true" SubIndex="4" Type="INT16" Value="27852"/>
    <Parameter Index="8" Relative="true" SubIndex="5" Type="INT16" Value="1966"/>
    <Parameter Index="9" Relative="true" SubIndex="1" Type="UINT16" Value="3219"/>
    <Parameter Index="9" Relative="true" SubIndex="2" Type="UINT16" Value="971"/>
    <Parameter Index="9" Relative="true" SubIndex="3" Type="UINT16" Value="3219"/>
    <Parameter Index="9" Relative="true" SubIndex="4" Type="UINT16" Value="971"/>
    <Parameter Index="9" Relative="true" SubIndex="5" Type="UINT16" Value="27"/>
    <Parameter Index="9" Relative="true" SubIndex="6" Type="INT16" Value="958"/>
    <Parameter Index="10" Relative="true" SubIndex="1" Type="INT16" Value="0"/>
    <Parameter Index="10" Relative="true" SubIndex="2" Type="INT16" Value="303"/>
    <Parameter Index="10" Relative="true" SubIndex="3" Type="INT16" Value="606"/>
    <Parameter Index="10" Relative="true" SubIndex="4" Type="INT16" Value="1796"/>
    <Parameter Index="10" Relative="true" SubIndex="5" Type="INT16" Value="2985"/>
    <Parameter Index="10" Relative="true" SubIndex="6" Type="INT16" Value="4175"/>
    <Parameter Index="10" Relative="true" SubIndex="7" Type="INT16" Value="5364"/>
    <Parameter Index="10" Relative="true" SubIndex="8" Type="INT16" Value="6553"/>
    <Parameter Index="11" Relative="true" SubIndex="1" Type="UINT16" Value="31916"/>
    <Parameter Index="11" Relative="true" SubIndex="2" Type="UINT16" Value="35868"/>
    <Parameter Index="11" Relative="true" SubIndex="3" Type="UINT16" Value="37540"/>
    <Parameter Index="11" Relative="true" SubIndex="4" Type="UINT16" Value="35927"/>
    <Parameter Index="11" Relative="true" SubIndex="5" Type="UINT16" Value="33833"/>
    <Parameter Index="11" Relative="true" SubIndex="6" Type="UINT16" Value="32219"/>
    <Parameter Index="11" Relative="true" SubIndex="7" Type="UINT16" Value="31067"/>
    <Parameter Index="11" Relative="true" SubIndex="8" Type="UINT16" Value="30079"/>
    <Parameter Index="12" Relative="true" SubIndex="1" Type="INT16" Value="1068"/>
    <Parameter Index="12" Relative="true" SubIndex="2" Type="INT16" Value="452"/>
    <Parameter Index="12" Relative="true" SubIndex="3" Type="INT16" Value="-111"/>
    <Parameter Index="12" Relative="true" SubIndex="4" Type="INT16" Value="-144"/>
    <Parameter Index="12" Relative="true" SubIndex="5" Type="INT16" Value="-111"/>
    <Parameter Index="12" Relative="true" SubIndex="6" Type="INT16" Value="-79"/>
    <Parameter Index="12" Relative="true" SubIndex="7" Type="INT16" Value="-68"/>
    <Parameter Index="12" Relative="true" SubIndex="8" Type="INT16" Value="0"/>
    <Parameter Index="29" Relative="true" SubIndex="0" Type="INT16" Value="-9355"/>
    <Parameter Index="0x40" Relative="true" SubIndex="1" Type="UINT16" Value="3"/>
    <Parameter Index="0x40" Relative="true" SubIndex="2" Type="UINT16" Value="1000"/>
    <Parameter Index="0x40" Relative="true" SubIndex="3" Type="INT16" Value="25"/>
</ServoFile>
<!--checksum 9992-->
