<?xml version="1.0" encoding="UTF-8"?>
<ServoFile xmlns:xsi="http://www.w3.org/2001/XMLSchema-instance" xsi:noNamespaceSchemaLocation="/Roboter/Config/System/Common/Schemes/Servofile.xsd">
    <Version Label="">
        <Info Version="Any"/>
        <Schema Version="1"/>
        <!--#############################################################-->
        <!--########                                             ########-->
        <!--########                  SERVO-FILE                 ########-->
        <!--########              KUKA-ROBOTER GMBH              ########-->
        <!--########                                             ########-->
        <!--#############################################################-->
        <!--ATB V1.0, DB V7.83-->
        <!--Datum: 28-Nov-2012 13:31:49-->
        <!--Motor:     A01-->
        <!--Umrichter: KSP64-->
        <!--xmlFileID_A01_KSP64_20121128133149_249-->
    </Version>
    <!--Fehlerquittierung-->
    <Parameter Index="0x28" Relative="true" SubIndex="0" Type="INT16" Value="1"/>
    <Parameter Index="0x28" Relative="true" SubIndex="0" Type="INT16" Value="0"/>
    <Parameter Index="0x200B" Relative="false" SubIndex="0"
        Type="UINT16" Value="1"/>
    <Parameter Index="3" Relative="true" SubIndex="1" Type="UINT16" Value="0"/>
    <Parameter Index="6" Relative="true" SubIndex="3" Type="INT16" Value="8388"/>
    <Parameter Index="8" Relative="true" SubIndex="1" Type="INT16" Value="-7422"/>
    <Parameter Index="8" Relative="true" SubIndex="2" Type="UINT16" Value="33802"/>
    <Parameter Index="8" Relative="true" SubIndex="3" Type="UINT16" Value="4225"/>
    <Parameter Index="8" Relative="true" SubIndex="4" Type="INT16" Value="27852"/>
    <Parameter Index="8" Relative="true" SubIndex="5" Type="INT16" Value="1966"/>
    <Parameter Index="9" Relative="true" SubIndex="1" Type="UINT16" Value="2005"/>
    <Parameter Index="9" Relative="true" SubIndex="2" Type="UINT16" Value="408"/>
    <Parameter Index="9" Relative="true" SubIndex="3" Type="UINT16" Value="2005"/>
    <Parameter Index="9" Relative="true" SubIndex="4" Type="UINT16" Value="408"/>
    <Parameter Index="9" Relative="true" SubIndex="5" Type="UINT16" Value="27"/>
    <Parameter Index="9" Relative="true" SubIndex="6" Type="INT16" Value="958"/>
    <Parameter Index="10" Relative="true" SubIndex="1" Type="INT16" Value="0"/>
    <Parameter Index="10" Relative="true" SubIndex="2" Type="INT16" Value="303"/>
    <Parameter Index="10" Relative="true" SubIndex="3" Type="INT16" Value="606"/>
    <Parameter Index="10" Relative="true" SubIndex="4" Type="INT16" Value="2163"/>
    <Parameter Index="10" Relative="true" SubIndex="5" Type="INT16" Value="3719"/>
    <Parameter Index="10" Relative="true" SubIndex="6" Type="INT16" Value="5276"/>
    <Parameter Index="10" Relative="true" SubIndex="7" Type="INT16" Value="6832"/>
    <Parameter Index="10" Relative="true" SubIndex="8" Type="INT16" Value="8388"/>
    <Parameter Index="11" Relative="true" SubIndex="1" Type="UINT16" Value="31916"/>
    <Parameter Index="11" Relative="true" SubIndex="2" Type="UINT16" Value="35868"/>
    <Parameter Index="11" Relative="true" SubIndex="3" Type="UINT16" Value="37540"/>
    <Parameter Index="11" Relative="true" SubIndex="4" Type="UINT16" Value="35264"/>
    <Parameter Index="11" Relative="true" SubIndex="5" Type="UINT16" Value="32767"/>
    <Parameter Index="11" Relative="true" SubIndex="6" Type="UINT16" Value="31144"/>
    <Parameter Index="11" Relative="true" SubIndex="7" Type="UINT16" Value="29852"/>
    <Parameter Index="11" Relative="true" SubIndex="8" Type="UINT16" Value="28582"/>
    <Parameter Index="12" Relative="true" SubIndex="1" Type="INT16" Value="1068"/>
    <Parameter Index="12" Relative="true" SubIndex="2" Type="INT16" Value="452"/>
    <Parameter Index="12" Relative="true" SubIndex="3" Type="INT16" Value="-120"/>
    <Parameter Index="12" Relative="true" SubIndex="4" Type="INT16" Value="-131"/>
    <Parameter Index="12" Relative="true" SubIndex="5" Type="INT16" Value="-85"/>
    <Parameter Index="12" Relative="true" SubIndex="6" Type="INT16" Value="-68"/>
    <Parameter Index="12" Relative="true" SubIndex="7" Type="INT16" Value="-67"/>
    <Parameter Index="12" Relative="true" SubIndex="8" Type="INT16" Value="0"/>
    <Parameter Index="29" Relative="true" SubIndex="0" Type="INT16" Value="-9355"/>
    <Parameter Index="0x40" Relative="true" SubIndex="1" Type="UINT16" Value="3"/>
    <Parameter Index="0x40" Relative="true" SubIndex="2" Type="UINT16" Value="1000"/>
    <Parameter Index="0x40" Relative="true" SubIndex="3" Type="INT16" Value="25"/>
</ServoFile>
<!--checksum 9968-->
