<?xml version="1.0" encoding="UTF-8"?>
<ServoFile xmlns:xsi="http://www.w3.org/2001/XMLSchema-instance" xsi:noNamespaceSchemaLocation="/Roboter/Config/System/Common/Schemes/Servofile.xsd">
    <Version Label="">
        <Info Version="Any"/>
        <Schema Version="1"/>
        <!--#############################################################-->
        <!--########                                             ########-->
        <!--########                  SERVO-FILE                 ########-->
        <!--########              KUKA-ROBOTER GMBH              ########-->
        <!--########                                             ########-->
        <!--#############################################################-->
        <!--ATB V1.0, DB V7.83-->
        <!--Datum: 28-Nov-2012 13:31:44-->
        <!--Motor:     C0-->
        <!--Umrichter: KSP40-->
        <!--xmlFileID_C0_KSP40_20121128133144_756-->
    </Version>
    <!--Fehlerquittierung-->
    <Parameter Index="0x28" Relative="true" SubIndex="0" Type="INT16" Value="1"/>
    <Parameter Index="0x28" Relative="true" SubIndex="0" Type="INT16" Value="0"/>
    <Parameter Index="0x200B" Relative="false" SubIndex="0"
        Type="UINT16" Value="2"/>
    <Parameter Index="3" Relative="true" SubIndex="1" Type="UINT16" Value="0"/>
    <Parameter Index="6" Relative="true" SubIndex="3" Type="INT16" Value="5243"/>
    <Parameter Index="8" Relative="true" SubIndex="1" Type="INT16" Value="-3228"/>
    <Parameter Index="8" Relative="true" SubIndex="2" Type="UINT16" Value="22260"/>
    <Parameter Index="8" Relative="true" SubIndex="3" Type="UINT16" Value="2782"/>
    <Parameter Index="8" Relative="true" SubIndex="4" Type="INT16" Value="27852"/>
    <Parameter Index="8" Relative="true" SubIndex="5" Type="INT16" Value="1966"/>
    <Parameter Index="9" Relative="true" SubIndex="1" Type="UINT16" Value="2951"/>
    <Parameter Index="9" Relative="true" SubIndex="2" Type="UINT16" Value="959"/>
    <Parameter Index="9" Relative="true" SubIndex="3" Type="UINT16" Value="2951"/>
    <Parameter Index="9" Relative="true" SubIndex="4" Type="UINT16" Value="959"/>
    <Parameter Index="9" Relative="true" SubIndex="5" Type="UINT16" Value="41"/>
    <Parameter Index="9" Relative="true" SubIndex="6" Type="INT16" Value="631"/>
    <Parameter Index="10" Relative="true" SubIndex="1" Type="INT16" Value="0"/>
    <Parameter Index="10" Relative="true" SubIndex="2" Type="INT16" Value="139"/>
    <Parameter Index="10" Relative="true" SubIndex="3" Type="INT16" Value="278"/>
    <Parameter Index="10" Relative="true" SubIndex="4" Type="INT16" Value="1271"/>
    <Parameter Index="10" Relative="true" SubIndex="5" Type="INT16" Value="2264"/>
    <Parameter Index="10" Relative="true" SubIndex="6" Type="INT16" Value="3257"/>
    <Parameter Index="10" Relative="true" SubIndex="7" Type="INT16" Value="4250"/>
    <Parameter Index="10" Relative="true" SubIndex="8" Type="INT16" Value="5243"/>
    <Parameter Index="11" Relative="true" SubIndex="1" Type="UINT16" Value="32378"/>
    <Parameter Index="11" Relative="true" SubIndex="2" Type="UINT16" Value="36387"/>
    <Parameter Index="11" Relative="true" SubIndex="3" Type="UINT16" Value="38083"/>
    <Parameter Index="11" Relative="true" SubIndex="4" Type="UINT16" Value="34675"/>
    <Parameter Index="11" Relative="true" SubIndex="5" Type="UINT16" Value="31897"/>
    <Parameter Index="11" Relative="true" SubIndex="6" Type="UINT16" Value="30052"/>
    <Parameter Index="11" Relative="true" SubIndex="7" Type="UINT16" Value="28271"/>
    <Parameter Index="11" Relative="true" SubIndex="8" Type="UINT16" Value="26649"/>
    <Parameter Index="12" Relative="true" SubIndex="1" Type="INT16" Value="2365"/>
    <Parameter Index="12" Relative="true" SubIndex="2" Type="INT16" Value="1001"/>
    <Parameter Index="12" Relative="true" SubIndex="3" Type="INT16" Value="-281"/>
    <Parameter Index="12" Relative="true" SubIndex="4" Type="INT16" Value="-229"/>
    <Parameter Index="12" Relative="true" SubIndex="5" Type="INT16" Value="-152"/>
    <Parameter Index="12" Relative="true" SubIndex="6" Type="INT16" Value="-147"/>
    <Parameter Index="12" Relative="true" SubIndex="7" Type="INT16" Value="-134"/>
    <Parameter Index="12" Relative="true" SubIndex="8" Type="INT16" Value="0"/>
    <Parameter Index="29" Relative="true" SubIndex="0" Type="INT16" Value="-4029"/>
    <Parameter Index="0x40" Relative="true" SubIndex="1" Type="UINT16" Value="3"/>
    <Parameter Index="0x40" Relative="true" SubIndex="2" Type="UINT16" Value="1000"/>
    <Parameter Index="0x40" Relative="true" SubIndex="3" Type="INT16" Value="25"/>
</ServoFile>
<!--checksum 37-->
