<?xml version="1.0" encoding="UTF-8"?>
<ServoFile xmlns:xsi="http://www.w3.org/2001/XMLSchema-instance" xsi:noNamespaceSchemaLocation="/Roboter/Config/System/Common/Schemes/Servofile.xsd">
    <Version Label="">
        <Info Version="Any"/>
        <Schema Version="1"/>
        <!--#############################################################-->
        <!--########                                             ########-->
        <!--########                  SERVO-FILE                 ########-->
        <!--########              KUKA-ROBOTER GMBH              ########-->
        <!--########                                             ########-->
        <!--#############################################################-->
        <!--ATB V1.0, DB V7.83-->
        <!--Datum: 28-Nov-2012 13:31:24-->
        <!--Motor:     C0-->
        <!--Umrichter: KSP40-->
        <!--xmlFileID_C0_KSP40_20121128133124_789-->
    </Version>
    <!--Fehlerquittierung-->
    <Parameter Index="0x28" Relative="true" SubIndex="0" Type="INT16" Value="1"/>
    <Parameter Index="0x28" Relative="true" SubIndex="0" Type="INT16" Value="0"/>
    <Parameter Index="0x200B" Relative="false" SubIndex="0"
        Type="UINT16" Value="0"/>
    <Parameter Index="3" Relative="true" SubIndex="1" Type="UINT16" Value="0"/>
    <Parameter Index="6" Relative="true" SubIndex="3" Type="INT16" Value="6553"/>
    <Parameter Index="8" Relative="true" SubIndex="1" Type="INT16" Value="-3228"/>
    <Parameter Index="8" Relative="true" SubIndex="2" Type="UINT16" Value="22260"/>
    <Parameter Index="8" Relative="true" SubIndex="3" Type="UINT16" Value="2782"/>
    <Parameter Index="8" Relative="true" SubIndex="4" Type="INT16" Value="27852"/>
    <Parameter Index="8" Relative="true" SubIndex="5" Type="INT16" Value="1966"/>
    <Parameter Index="9" Relative="true" SubIndex="1" Type="UINT16" Value="4395"/>
    <Parameter Index="9" Relative="true" SubIndex="2" Type="UINT16" Value="1486"/>
    <Parameter Index="9" Relative="true" SubIndex="3" Type="UINT16" Value="4395"/>
    <Parameter Index="9" Relative="true" SubIndex="4" Type="UINT16" Value="1486"/>
    <Parameter Index="9" Relative="true" SubIndex="5" Type="UINT16" Value="41"/>
    <Parameter Index="9" Relative="true" SubIndex="6" Type="INT16" Value="631"/>
    <Parameter Index="10" Relative="true" SubIndex="1" Type="INT16" Value="0"/>
    <Parameter Index="10" Relative="true" SubIndex="2" Type="INT16" Value="139"/>
    <Parameter Index="10" Relative="true" SubIndex="3" Type="INT16" Value="278"/>
    <Parameter Index="10" Relative="true" SubIndex="4" Type="INT16" Value="1533"/>
    <Parameter Index="10" Relative="true" SubIndex="5" Type="INT16" Value="2788"/>
    <Parameter Index="10" Relative="true" SubIndex="6" Type="INT16" Value="4043"/>
    <Parameter Index="10" Relative="true" SubIndex="7" Type="INT16" Value="5298"/>
    <Parameter Index="10" Relative="true" SubIndex="8" Type="INT16" Value="6553"/>
    <Parameter Index="11" Relative="true" SubIndex="1" Type="UINT16" Value="32377"/>
    <Parameter Index="11" Relative="true" SubIndex="2" Type="UINT16" Value="36387"/>
    <Parameter Index="11" Relative="true" SubIndex="3" Type="UINT16" Value="38083"/>
    <Parameter Index="11" Relative="true" SubIndex="4" Type="UINT16" Value="33759"/>
    <Parameter Index="11" Relative="true" SubIndex="5" Type="UINT16" Value="30901"/>
    <Parameter Index="11" Relative="true" SubIndex="6" Type="UINT16" Value="28635"/>
    <Parameter Index="11" Relative="true" SubIndex="7" Type="UINT16" Value="26566"/>
    <Parameter Index="11" Relative="true" SubIndex="8" Type="UINT16" Value="24994"/>
    <Parameter Index="12" Relative="true" SubIndex="1" Type="INT16" Value="2366"/>
    <Parameter Index="12" Relative="true" SubIndex="2" Type="INT16" Value="1001"/>
    <Parameter Index="12" Relative="true" SubIndex="3" Type="INT16" Value="-282"/>
    <Parameter Index="12" Relative="true" SubIndex="4" Type="INT16" Value="-187"/>
    <Parameter Index="12" Relative="true" SubIndex="5" Type="INT16" Value="-148"/>
    <Parameter Index="12" Relative="true" SubIndex="6" Type="INT16" Value="-135"/>
    <Parameter Index="12" Relative="true" SubIndex="7" Type="INT16" Value="-103"/>
    <Parameter Index="12" Relative="true" SubIndex="8" Type="INT16" Value="0"/>
    <Parameter Index="29" Relative="true" SubIndex="0" Type="INT16" Value="-4029"/>
    <Parameter Index="0x40" Relative="true" SubIndex="1" Type="UINT16" Value="3"/>
    <Parameter Index="0x40" Relative="true" SubIndex="2" Type="UINT16" Value="1000"/>
    <Parameter Index="0x40" Relative="true" SubIndex="3" Type="INT16" Value="25"/>
</ServoFile>
<!--checksum 171-->
