<?xml version="1.0" encoding="UTF-8"?>
<ServoFile xmlns:xsi="http://www.w3.org/2001/XMLSchema-instance" xsi:noNamespaceSchemaLocation="/Roboter/Config/System/Common/Schemes/Servofile.xsd">
    <Version Label="">
        <Info Version="Any"/>
        <Schema Version="1"/>
        <!--#############################################################-->
        <!--########                                             ########-->
        <!--########                  SERVO-FILE                 ########-->
        <!--########              KUKA-ROBOTER GMBH              ########-->
        <!--########                                             ########-->
        <!--#############################################################-->
        <!--ATB 1.27.0, DB V7.155-->
        <!--Datum: 08-May-2014 10:48:17-->
        <!--Motor:     C02-->
        <!--Umrichter: KSP40-->
        <!--xmlFileID_C02_KSP40_20140508104817_093-->
    </Version>
    <!--Fehlerquittierung-->
    <Parameter Index="0x28" Relative="true" SubIndex="0" Type="INT16" Value="1"/>
    <Parameter Index="0x28" Relative="true" SubIndex="0" Type="INT16" Value="0"/>
    <Parameter Index="0x200B" Relative="false" SubIndex="0"
        Type="UINT16" Value="2"/>
    <Parameter Index="3" Relative="true" SubIndex="1" Type="UINT16" Value="0"/>
    <Parameter Index="6" Relative="true" SubIndex="3" Type="INT16" Value="5243"/>
    <Parameter Index="8" Relative="true" SubIndex="1" Type="INT16" Value="-2949"/>
    <Parameter Index="8" Relative="true" SubIndex="2" Type="UINT16" Value="15469"/>
    <Parameter Index="8" Relative="true" SubIndex="3" Type="UINT16" Value="1934"/>
    <Parameter Index="8" Relative="true" SubIndex="4" Type="INT16" Value="27852"/>
    <Parameter Index="8" Relative="true" SubIndex="5" Type="INT16" Value="1966"/>
    <Parameter Index="9" Relative="true" SubIndex="1" Type="UINT16" Value="3006"/>
    <Parameter Index="9" Relative="true" SubIndex="2" Type="UINT16" Value="632"/>
    <Parameter Index="9" Relative="true" SubIndex="3" Type="UINT16" Value="3006"/>
    <Parameter Index="9" Relative="true" SubIndex="4" Type="UINT16" Value="632"/>
    <Parameter Index="9" Relative="true" SubIndex="5" Type="UINT16" Value="59"/>
    <Parameter Index="9" Relative="true" SubIndex="6" Type="INT16" Value="872"/>
    <Parameter Index="10" Relative="true" SubIndex="1" Type="INT16" Value="0"/>
    <Parameter Index="10" Relative="true" SubIndex="2" Type="INT16" Value="205"/>
    <Parameter Index="10" Relative="true" SubIndex="3" Type="INT16" Value="410"/>
    <Parameter Index="10" Relative="true" SubIndex="4" Type="INT16" Value="1376"/>
    <Parameter Index="10" Relative="true" SubIndex="5" Type="INT16" Value="2343"/>
    <Parameter Index="10" Relative="true" SubIndex="6" Type="INT16" Value="3309"/>
    <Parameter Index="10" Relative="true" SubIndex="7" Type="INT16" Value="4276"/>
    <Parameter Index="10" Relative="true" SubIndex="8" Type="INT16" Value="5243"/>
    <Parameter Index="11" Relative="true" SubIndex="1" Type="UINT16" Value="27381"/>
    <Parameter Index="11" Relative="true" SubIndex="2" Type="UINT16" Value="30772"/>
    <Parameter Index="11" Relative="true" SubIndex="3" Type="UINT16" Value="32206"/>
    <Parameter Index="11" Relative="true" SubIndex="4" Type="UINT16" Value="30449"/>
    <Parameter Index="11" Relative="true" SubIndex="5" Type="UINT16" Value="28401"/>
    <Parameter Index="11" Relative="true" SubIndex="6" Type="UINT16" Value="27009"/>
    <Parameter Index="11" Relative="true" SubIndex="7" Type="UINT16" Value="25962"/>
    <Parameter Index="11" Relative="true" SubIndex="8" Type="UINT16" Value="24959"/>
    <Parameter Index="12" Relative="true" SubIndex="1" Type="INT16" Value="1357"/>
    <Parameter Index="12" Relative="true" SubIndex="2" Type="INT16" Value="574"/>
    <Parameter Index="12" Relative="true" SubIndex="3" Type="INT16" Value="-149"/>
    <Parameter Index="12" Relative="true" SubIndex="4" Type="INT16" Value="-174"/>
    <Parameter Index="12" Relative="true" SubIndex="5" Type="INT16" Value="-118"/>
    <Parameter Index="12" Relative="true" SubIndex="6" Type="INT16" Value="-89"/>
    <Parameter Index="12" Relative="true" SubIndex="7" Type="INT16" Value="-85"/>
    <Parameter Index="12" Relative="true" SubIndex="8" Type="INT16" Value="0"/>
    <Parameter Index="29" Relative="true" SubIndex="0" Type="INT16" Value="-3830"/>
    <Parameter Index="0x40" Relative="true" SubIndex="1" Type="UINT16" Value="3"/>
    <Parameter Index="0x40" Relative="true" SubIndex="2" Type="UINT16" Value="1000"/>
    <Parameter Index="0x40" Relative="true" SubIndex="3" Type="INT16" Value="25"/>
</ServoFile>
<!--checksum 93-->
