<?xml version="1.0" encoding="UTF-8"?>
<ServoFile xmlns:xsi="http://www.w3.org/2001/XMLSchema-instance" xsi:noNamespaceSchemaLocation="/Roboter/Config/System/Common/Schemes/Servofile.xsd">
    <Version Label="">
        <Info Version="Any"/>
        <Schema Version="1"/>
        <!--###############################################################-->
        <!--########                                               ########-->
        <!--########                   KR C4 sr                    ########-->
        <!--########                  Servo-File                   ########-->
        <!--########               KUKA-ROBOTER GMBH               ########-->
        <!--########                                               ########-->
        <!--###############################################################-->
        <!--ATB 1.27.0, DB V7.155-->
        <!--Datum: 08-May-2014 10:38:23-->
        <!--Motor:     D0-->
        <!--Umrichter: KSPsr10-->
        <!--xmlFileID_D0_KSPsr10_20140508103823_311-->
    </Version>
    <Parameter Index="3" Relative="true" SubIndex="1" Type="UINT16" Value="1"/>
    <Parameter Index="6" Relative="true" SubIndex="3" Type="INT16" Value="6553"/>
    <Parameter Index="8" Relative="true" SubIndex="1" Type="INT16" Value="-4064"/>
    <Parameter Index="8" Relative="true" SubIndex="3" Type="UINT16" Value="7000"/>
    <Parameter Index="8" Relative="true" SubIndex="4" Type="UINT16" Value="23592"/>
    <Parameter Index="9" Relative="true" SubIndex="1" Type="UINT16" Value="2506"/>
    <Parameter Index="9" Relative="true" SubIndex="2" Type="UINT16" Value="1020"/>
    <Parameter Index="9" Relative="true" SubIndex="3" Type="UINT16" Value="2506"/>
    <Parameter Index="9" Relative="true" SubIndex="4" Type="UINT16" Value="1020"/>
    <Parameter Index="9" Relative="true" SubIndex="5" Type="UINT16" Value="3511"/>
    <Parameter Index="9" Relative="true" SubIndex="7" Type="UINT16" Value="7263"/>
    <Parameter Index="11" Relative="true" SubIndex="1" Type="UINT16" Value="34237"/>
    <Parameter Index="11" Relative="true" SubIndex="2" Type="UINT16" Value="40272"/>
    <Parameter Index="11" Relative="true" SubIndex="3" Type="UINT16" Value="39554"/>
    <Parameter Index="11" Relative="true" SubIndex="4" Type="UINT16" Value="38459"/>
    <Parameter Index="11" Relative="true" SubIndex="5" Type="UINT16" Value="37271"/>
    <Parameter Index="11" Relative="true" SubIndex="6" Type="UINT16" Value="36160"/>
    <Parameter Index="11" Relative="true" SubIndex="7" Type="UINT16" Value="35210"/>
    <Parameter Index="11" Relative="true" SubIndex="8" Type="UINT16" Value="34427"/>
    <Parameter Index="11" Relative="true" SubIndex="9" Type="UINT16" Value="33770"/>
    <Parameter Index="11" Relative="true" SubIndex="10" Type="UINT16" Value="33188"/>
    <Parameter Index="11" Relative="true" SubIndex="11" Type="UINT16" Value="32641"/>
    <Parameter Index="11" Relative="true" SubIndex="12" Type="UINT16" Value="32103"/>
    <Parameter Index="11" Relative="true" SubIndex="13" Type="UINT16" Value="31566"/>
    <Parameter Index="11" Relative="true" SubIndex="14" Type="UINT16" Value="31029"/>
    <Parameter Index="11" Relative="true" SubIndex="15" Type="UINT16" Value="30495"/>
    <Parameter Index="11" Relative="true" SubIndex="16" Type="UINT16" Value="29969"/>
    <Parameter Index="11" Relative="true" SubIndex="17" Type="UINT16" Value="29456"/>
    <Parameter Index="11" Relative="true" SubIndex="18" Type="UINT16" Value="28961"/>
    <Parameter Index="11" Relative="true" SubIndex="19" Type="UINT16" Value="28488"/>
    <Parameter Index="11" Relative="true" SubIndex="20" Type="UINT16" Value="28040"/>
    <Parameter Index="11" Relative="true" SubIndex="21" Type="UINT16" Value="27620"/>
    <Parameter Index="11" Relative="true" SubIndex="22" Type="UINT16" Value="27229"/>
    <Parameter Index="11" Relative="true" SubIndex="23" Type="UINT16" Value="27229"/>
    <Parameter Index="11" Relative="true" SubIndex="24" Type="UINT16" Value="27229"/>
    <Parameter Index="11" Relative="true" SubIndex="25" Type="UINT16" Value="27229"/>
    <Parameter Index="11" Relative="true" SubIndex="26" Type="UINT16" Value="27229"/>
    <Parameter Index="11" Relative="true" SubIndex="27" Type="UINT16" Value="27229"/>
    <Parameter Index="11" Relative="true" SubIndex="28" Type="UINT16" Value="27229"/>
    <Parameter Index="11" Relative="true" SubIndex="29" Type="UINT16" Value="27229"/>
    <Parameter Index="11" Relative="true" SubIndex="30" Type="UINT16" Value="27229"/>
    <Parameter Index="11" Relative="true" SubIndex="31" Type="UINT16" Value="27229"/>
    <Parameter Index="11" Relative="true" SubIndex="32" Type="UINT16" Value="27229"/>
    <Parameter Index="29" Relative="true" SubIndex="0" Type="INT16" Value="5115"/>
    <Parameter Index="64" Relative="true" SubIndex="1" Type="UINT16" Value="4"/>
    <Parameter Index="64" Relative="true" SubIndex="3" Type="INT16" Value="327"/>
    <Parameter Index="67" Relative="true" SubIndex="1" Type="INT16" Value="750"/>
    <Parameter Index="67" Relative="true" SubIndex="2" Type="UINT16" Value="131"/>
</ServoFile>
<!--checksum 986-->
