<?xml version="1.0" encoding="UTF-8"?>
<ServoFile xmlns:xsi="http://www.w3.org/2001/XMLSchema-instance" xsi:noNamespaceSchemaLocation="/Roboter/Config/System/Common/Schemes/Servofile.xsd">
    <Version Label="">
        <Info Version="Any"/>
        <Schema Version="1"/>
        <!--#############################################################-->
        <!--########                                             ########-->
        <!--########                  SERVO-FILE                 ########-->
        <!--########              KUKA-ROBOTER GMBH              ########-->
        <!--########                                             ########-->
        <!--#############################################################-->
        <!--ATB V1.0, DB V7.83-->
        <!--Datum: 28-Nov-2012 13:31:45-->
        <!--Motor:     D0-->
        <!--Umrichter: KSP20-->
        <!--xmlFileID_D0_KSP20_20121128133145_412-->
    </Version>
    <!--Fehlerquittierung-->
    <Parameter Index="0x28" Relative="true" SubIndex="0" Type="INT16" Value="1"/>
    <Parameter Index="0x28" Relative="true" SubIndex="0" Type="INT16" Value="0"/>
    <Parameter Index="0x200B" Relative="false" SubIndex="0"
        Type="UINT16" Value="2"/>
    <Parameter Index="3" Relative="true" SubIndex="1" Type="UINT16" Value="0"/>
    <Parameter Index="6" Relative="true" SubIndex="3" Type="INT16" Value="2294"/>
    <Parameter Index="8" Relative="true" SubIndex="1" Type="INT16" Value="-934"/>
    <Parameter Index="8" Relative="true" SubIndex="2" Type="UINT16" Value="6427"/>
    <Parameter Index="8" Relative="true" SubIndex="3" Type="UINT16" Value="803"/>
    <Parameter Index="8" Relative="true" SubIndex="4" Type="INT16" Value="27852"/>
    <Parameter Index="8" Relative="true" SubIndex="5" Type="INT16" Value="1966"/>
    <Parameter Index="9" Relative="true" SubIndex="1" Type="UINT16" Value="9702"/>
    <Parameter Index="9" Relative="true" SubIndex="2" Type="UINT16" Value="2774"/>
    <Parameter Index="9" Relative="true" SubIndex="3" Type="UINT16" Value="9702"/>
    <Parameter Index="9" Relative="true" SubIndex="4" Type="UINT16" Value="2774"/>
    <Parameter Index="9" Relative="true" SubIndex="5" Type="UINT16" Value="142"/>
    <Parameter Index="9" Relative="true" SubIndex="6" Type="INT16" Value="692"/>
    <Parameter Index="10" Relative="true" SubIndex="1" Type="INT16" Value="0"/>
    <Parameter Index="10" Relative="true" SubIndex="2" Type="INT16" Value="42"/>
    <Parameter Index="10" Relative="true" SubIndex="3" Type="INT16" Value="83"/>
    <Parameter Index="10" Relative="true" SubIndex="4" Type="INT16" Value="525"/>
    <Parameter Index="10" Relative="true" SubIndex="5" Type="INT16" Value="967"/>
    <Parameter Index="10" Relative="true" SubIndex="6" Type="INT16" Value="1409"/>
    <Parameter Index="10" Relative="true" SubIndex="7" Type="INT16" Value="1852"/>
    <Parameter Index="10" Relative="true" SubIndex="8" Type="INT16" Value="2294"/>
    <Parameter Index="11" Relative="true" SubIndex="1" Type="UINT16" Value="33071"/>
    <Parameter Index="11" Relative="true" SubIndex="2" Type="UINT16" Value="37166"/>
    <Parameter Index="11" Relative="true" SubIndex="3" Type="UINT16" Value="38899"/>
    <Parameter Index="11" Relative="true" SubIndex="4" Type="UINT16" Value="33798"/>
    <Parameter Index="11" Relative="true" SubIndex="5" Type="UINT16" Value="30734"/>
    <Parameter Index="11" Relative="true" SubIndex="6" Type="UINT16" Value="28067"/>
    <Parameter Index="11" Relative="true" SubIndex="7" Type="UINT16" Value="25929"/>
    <Parameter Index="11" Relative="true" SubIndex="8" Type="UINT16" Value="24582"/>
    <Parameter Index="12" Relative="true" SubIndex="1" Type="INT16" Value="8083"/>
    <Parameter Index="12" Relative="true" SubIndex="2" Type="INT16" Value="3419"/>
    <Parameter Index="12" Relative="true" SubIndex="3" Type="INT16" Value="-945"/>
    <Parameter Index="12" Relative="true" SubIndex="4" Type="INT16" Value="-568"/>
    <Parameter Index="12" Relative="true" SubIndex="5" Type="INT16" Value="-494"/>
    <Parameter Index="12" Relative="true" SubIndex="6" Type="INT16" Value="-396"/>
    <Parameter Index="12" Relative="true" SubIndex="7" Type="INT16" Value="-249"/>
    <Parameter Index="12" Relative="true" SubIndex="8" Type="INT16" Value="0"/>
    <Parameter Index="29" Relative="true" SubIndex="0" Type="INT16" Value="-1279"/>
    <Parameter Index="0x40" Relative="true" SubIndex="1" Type="UINT16" Value="3"/>
    <Parameter Index="0x40" Relative="true" SubIndex="2" Type="UINT16" Value="1000"/>
    <Parameter Index="0x40" Relative="true" SubIndex="3" Type="INT16" Value="25"/>
</ServoFile>
<!--checksum 9910-->
