<?xml version="1.0" encoding="UTF-8"?>
<ServoFile xmlns:xsi="http://www.w3.org/2001/XMLSchema-instance" xsi:noNamespaceSchemaLocation="/Roboter/Config/System/Common/Schemes/Servofile.xsd">
    <Version Label="">
        <Info Version="Any"/>
        <Schema Version="1"/>
        <!--#############################################################-->
        <!--########                                             ########-->
        <!--########                  SERVO-FILE                 ########-->
        <!--########              KUKA-ROBOTER GMBH              ########-->
        <!--########                                             ########-->
        <!--#############################################################-->
        <!--ATB V1.0, DB V7.11-->
        <!--Datum: 24-Jun-2013 11:03:38-->
        <!--Motor:     D01-->
        <!--Umrichter: KSP40-->
        <!--xmlFileID_D01_KSP40_20130624110338_116-->
    </Version>
    <!--Fehlerquittierung-->
    <Parameter Index="0x28" Relative="true" SubIndex="0" Type="INT16" Value="1"/>
    <Parameter Index="0x28" Relative="true" SubIndex="0" Type="INT16" Value="0"/>
    <Parameter Index="0x200B" Relative="false" SubIndex="0"
        Type="UINT16" Value="2"/>
    <Parameter Index="3" Relative="true" SubIndex="1" Type="UINT16" Value="0"/>
    <Parameter Index="6" Relative="true" SubIndex="3" Type="INT16" Value="4260"/>
    <Parameter Index="8" Relative="true" SubIndex="1" Type="INT16" Value="-1950"/>
    <Parameter Index="8" Relative="true" SubIndex="2" Type="UINT16" Value="11408"/>
    <Parameter Index="8" Relative="true" SubIndex="3" Type="UINT16" Value="1426"/>
    <Parameter Index="8" Relative="true" SubIndex="4" Type="INT16" Value="27852"/>
    <Parameter Index="8" Relative="true" SubIndex="5" Type="INT16" Value="1966"/>
    <Parameter Index="9" Relative="true" SubIndex="1" Type="UINT16" Value="5644"/>
    <Parameter Index="9" Relative="true" SubIndex="2" Type="UINT16" Value="1534"/>
    <Parameter Index="9" Relative="true" SubIndex="3" Type="UINT16" Value="5644"/>
    <Parameter Index="9" Relative="true" SubIndex="4" Type="UINT16" Value="1534"/>
    <Parameter Index="9" Relative="true" SubIndex="5" Type="UINT16" Value="80"/>
    <Parameter Index="9" Relative="true" SubIndex="6" Type="INT16" Value="737"/>
    <Parameter Index="10" Relative="true" SubIndex="1" Type="INT16" Value="0"/>
    <Parameter Index="10" Relative="true" SubIndex="2" Type="INT16" Value="106"/>
    <Parameter Index="10" Relative="true" SubIndex="3" Type="INT16" Value="213"/>
    <Parameter Index="10" Relative="true" SubIndex="4" Type="INT16" Value="1022"/>
    <Parameter Index="10" Relative="true" SubIndex="5" Type="INT16" Value="1832"/>
    <Parameter Index="10" Relative="true" SubIndex="6" Type="INT16" Value="2641"/>
    <Parameter Index="10" Relative="true" SubIndex="7" Type="INT16" Value="3450"/>
    <Parameter Index="10" Relative="true" SubIndex="8" Type="INT16" Value="4260"/>
    <Parameter Index="11" Relative="true" SubIndex="1" Type="UINT16" Value="32031"/>
    <Parameter Index="11" Relative="true" SubIndex="2" Type="UINT16" Value="35998"/>
    <Parameter Index="11" Relative="true" SubIndex="3" Type="UINT16" Value="37676"/>
    <Parameter Index="11" Relative="true" SubIndex="4" Type="UINT16" Value="34077"/>
    <Parameter Index="11" Relative="true" SubIndex="5" Type="UINT16" Value="31310"/>
    <Parameter Index="11" Relative="true" SubIndex="6" Type="UINT16" Value="29396"/>
    <Parameter Index="11" Relative="true" SubIndex="7" Type="UINT16" Value="27543"/>
    <Parameter Index="11" Relative="true" SubIndex="8" Type="UINT16" Value="25920"/>
    <Parameter Index="12" Relative="true" SubIndex="1" Type="INT16" Value="3052"/>
    <Parameter Index="12" Relative="true" SubIndex="2" Type="INT16" Value="1291"/>
    <Parameter Index="12" Relative="true" SubIndex="3" Type="INT16" Value="-364"/>
    <Parameter Index="12" Relative="true" SubIndex="4" Type="INT16" Value="-280"/>
    <Parameter Index="12" Relative="true" SubIndex="5" Type="INT16" Value="-194"/>
    <Parameter Index="12" Relative="true" SubIndex="6" Type="INT16" Value="-188"/>
    <Parameter Index="12" Relative="true" SubIndex="7" Type="INT16" Value="-164"/>
    <Parameter Index="12" Relative="true" SubIndex="8" Type="INT16" Value="0"/>
    <Parameter Index="29" Relative="true" SubIndex="0" Type="INT16" Value="-2406"/>
    <Parameter Index="0x40" Relative="true" SubIndex="1" Type="UINT16" Value="3"/>
    <Parameter Index="0x40" Relative="true" SubIndex="2" Type="UINT16" Value="1000"/>
    <Parameter Index="0x40" Relative="true" SubIndex="3" Type="INT16" Value="25"/>
</ServoFile>
<!--checksum 168-->
