<?xml version="1.0" encoding="UTF-8"?>
<ServoFile xmlns:xsi="http://www.w3.org/2001/XMLSchema-instance" xsi:noNamespaceSchemaLocation="/Roboter/Config/System/Common/Schemes/Servofile.xsd">
    <Version Label="">
        <Info Version="Any"/>
        <Schema Version="1"/>
        <!--###############################################################-->
        <!--########                                               ########-->
        <!--########                   KR C4 sr                    ########-->
        <!--########                  Servo-File                   ########-->
        <!--########               KUKA-ROBOTER GMBH               ########-->
        <!--########                                               ########-->
        <!--###############################################################-->
        <!--ATB 1.27.0, DB V7.155-->
        <!--Datum: 08-May-2014 09:12:39-->
        <!--Motor:     D01-->
        <!--Umrichter: KSPsr12-->
        <!--xmlFileID_D01_KSPsr12_20140508091239_399-->
    </Version>
    <Parameter Index="3" Relative="true" SubIndex="1" Type="UINT16" Value="1"/>
    <Parameter Index="6" Relative="true" SubIndex="3" Type="INT16" Value="7536"/>
    <Parameter Index="8" Relative="true" SubIndex="1" Type="INT16" Value="-2491"/>
    <Parameter Index="8" Relative="true" SubIndex="3" Type="UINT16" Value="8912"/>
    <Parameter Index="8" Relative="true" SubIndex="4" Type="UINT16" Value="23592"/>
    <Parameter Index="9" Relative="true" SubIndex="1" Type="UINT16" Value="2055"/>
    <Parameter Index="9" Relative="true" SubIndex="2" Type="UINT16" Value="965"/>
    <Parameter Index="9" Relative="true" SubIndex="3" Type="UINT16" Value="2055"/>
    <Parameter Index="9" Relative="true" SubIndex="4" Type="UINT16" Value="965"/>
    <Parameter Index="9" Relative="true" SubIndex="5" Type="UINT16" Value="2153"/>
    <Parameter Index="9" Relative="true" SubIndex="7" Type="UINT16" Value="7700"/>
    <Parameter Index="11" Relative="true" SubIndex="1" Type="UINT16" Value="30455"/>
    <Parameter Index="11" Relative="true" SubIndex="2" Type="UINT16" Value="33269"/>
    <Parameter Index="11" Relative="true" SubIndex="3" Type="UINT16" Value="35630"/>
    <Parameter Index="11" Relative="true" SubIndex="4" Type="UINT16" Value="35780"/>
    <Parameter Index="11" Relative="true" SubIndex="5" Type="UINT16" Value="35537"/>
    <Parameter Index="11" Relative="true" SubIndex="6" Type="UINT16" Value="35229"/>
    <Parameter Index="11" Relative="true" SubIndex="7" Type="UINT16" Value="34876"/>
    <Parameter Index="11" Relative="true" SubIndex="8" Type="UINT16" Value="34492"/>
    <Parameter Index="11" Relative="true" SubIndex="9" Type="UINT16" Value="34087"/>
    <Parameter Index="11" Relative="true" SubIndex="10" Type="UINT16" Value="33674"/>
    <Parameter Index="11" Relative="true" SubIndex="11" Type="UINT16" Value="33261"/>
    <Parameter Index="11" Relative="true" SubIndex="12" Type="UINT16" Value="32858"/>
    <Parameter Index="11" Relative="true" SubIndex="13" Type="UINT16" Value="32471"/>
    <Parameter Index="11" Relative="true" SubIndex="14" Type="UINT16" Value="32104"/>
    <Parameter Index="11" Relative="true" SubIndex="15" Type="UINT16" Value="31760"/>
    <Parameter Index="11" Relative="true" SubIndex="16" Type="UINT16" Value="31440"/>
    <Parameter Index="11" Relative="true" SubIndex="17" Type="UINT16" Value="31144"/>
    <Parameter Index="11" Relative="true" SubIndex="18" Type="UINT16" Value="30869"/>
    <Parameter Index="11" Relative="true" SubIndex="19" Type="UINT16" Value="30614"/>
    <Parameter Index="11" Relative="true" SubIndex="20" Type="UINT16" Value="30376"/>
    <Parameter Index="11" Relative="true" SubIndex="21" Type="UINT16" Value="30153"/>
    <Parameter Index="11" Relative="true" SubIndex="22" Type="UINT16" Value="29941"/>
    <Parameter Index="11" Relative="true" SubIndex="23" Type="UINT16" Value="29737"/>
    <Parameter Index="11" Relative="true" SubIndex="24" Type="UINT16" Value="29540"/>
    <Parameter Index="11" Relative="true" SubIndex="25" Type="UINT16" Value="29348"/>
    <Parameter Index="11" Relative="true" SubIndex="26" Type="UINT16" Value="29348"/>
    <Parameter Index="11" Relative="true" SubIndex="27" Type="UINT16" Value="29348"/>
    <Parameter Index="11" Relative="true" SubIndex="28" Type="UINT16" Value="29348"/>
    <Parameter Index="11" Relative="true" SubIndex="29" Type="UINT16" Value="29348"/>
    <Parameter Index="11" Relative="true" SubIndex="30" Type="UINT16" Value="29348"/>
    <Parameter Index="11" Relative="true" SubIndex="31" Type="UINT16" Value="29348"/>
    <Parameter Index="11" Relative="true" SubIndex="32" Type="UINT16" Value="29348"/>
    <Parameter Index="29" Relative="true" SubIndex="0" Type="INT16" Value="6553"/>
    <Parameter Index="64" Relative="true" SubIndex="1" Type="UINT16" Value="4"/>
    <Parameter Index="64" Relative="true" SubIndex="3" Type="INT16" Value="327"/>
    <Parameter Index="67" Relative="true" SubIndex="1" Type="INT16" Value="750"/>
    <Parameter Index="67" Relative="true" SubIndex="2" Type="UINT16" Value="131"/>
</ServoFile>
<!--checksum 1085-->
