<?xml version="1.0" encoding="UTF-8"?>
<ServoFile xmlns:xsi="http://www.w3.org/2001/XMLSchema-instance" xsi:noNamespaceSchemaLocation="/Roboter/Config/System/Common/Schemes/Servofile.xsd">
    <Version Label="">
        <Info Version="Any"/>
        <Schema Version="1"/>
        <!--#############################################################-->
        <!--########                                             ########-->
        <!--########                  SERVO-FILE                 ########-->
        <!--########              KUKA-ROBOTER GMBH              ########-->
        <!--########                                             ########-->
        <!--#############################################################-->
        <!--ATB V1.0, DB V7.11-->
        <!--Datum: 24-Jun-2013 11:03:49-->
        <!--Motor:     D01-->
        <!--Umrichter: KSP20-->
        <!--xmlFileID_D01_KSP20_20130624110349_516-->
    </Version>
    <!--Fehlerquittierung-->
    <Parameter Index="0x28" Relative="true" SubIndex="0" Type="INT16" Value="1"/>
    <Parameter Index="0x28" Relative="true" SubIndex="0" Type="INT16" Value="0"/>
    <Parameter Index="0x200B" Relative="false" SubIndex="0"
        Type="UINT16" Value="0"/>
    <Parameter Index="3" Relative="true" SubIndex="1" Type="UINT16" Value="0"/>
    <Parameter Index="6" Relative="true" SubIndex="3" Type="INT16" Value="3277"/>
    <Parameter Index="8" Relative="true" SubIndex="1" Type="INT16" Value="-1950"/>
    <Parameter Index="8" Relative="true" SubIndex="2" Type="UINT16" Value="11408"/>
    <Parameter Index="8" Relative="true" SubIndex="3" Type="UINT16" Value="1426"/>
    <Parameter Index="8" Relative="true" SubIndex="4" Type="INT16" Value="27852"/>
    <Parameter Index="8" Relative="true" SubIndex="5" Type="INT16" Value="1966"/>
    <Parameter Index="9" Relative="true" SubIndex="1" Type="UINT16" Value="5871"/>
    <Parameter Index="9" Relative="true" SubIndex="2" Type="UINT16" Value="1595"/>
    <Parameter Index="9" Relative="true" SubIndex="3" Type="UINT16" Value="5871"/>
    <Parameter Index="9" Relative="true" SubIndex="4" Type="UINT16" Value="1595"/>
    <Parameter Index="9" Relative="true" SubIndex="5" Type="UINT16" Value="80"/>
    <Parameter Index="9" Relative="true" SubIndex="6" Type="INT16" Value="737"/>
    <Parameter Index="10" Relative="true" SubIndex="1" Type="INT16" Value="0"/>
    <Parameter Index="10" Relative="true" SubIndex="2" Type="INT16" Value="106"/>
    <Parameter Index="10" Relative="true" SubIndex="3" Type="INT16" Value="213"/>
    <Parameter Index="10" Relative="true" SubIndex="4" Type="INT16" Value="826"/>
    <Parameter Index="10" Relative="true" SubIndex="5" Type="INT16" Value="1438"/>
    <Parameter Index="10" Relative="true" SubIndex="6" Type="INT16" Value="2051"/>
    <Parameter Index="10" Relative="true" SubIndex="7" Type="INT16" Value="2664"/>
    <Parameter Index="10" Relative="true" SubIndex="8" Type="INT16" Value="3277"/>
    <Parameter Index="11" Relative="true" SubIndex="1" Type="UINT16" Value="32031"/>
    <Parameter Index="11" Relative="true" SubIndex="2" Type="UINT16" Value="35998"/>
    <Parameter Index="11" Relative="true" SubIndex="3" Type="UINT16" Value="37676"/>
    <Parameter Index="11" Relative="true" SubIndex="4" Type="UINT16" Value="35050"/>
    <Parameter Index="11" Relative="true" SubIndex="5" Type="UINT16" Value="32425"/>
    <Parameter Index="11" Relative="true" SubIndex="6" Type="UINT16" Value="30776"/>
    <Parameter Index="11" Relative="true" SubIndex="7" Type="UINT16" Value="29343"/>
    <Parameter Index="11" Relative="true" SubIndex="8" Type="UINT16" Value="27929"/>
    <Parameter Index="12" Relative="true" SubIndex="1" Type="INT16" Value="3051"/>
    <Parameter Index="12" Relative="true" SubIndex="2" Type="INT16" Value="1291"/>
    <Parameter Index="12" Relative="true" SubIndex="3" Type="INT16" Value="-351"/>
    <Parameter Index="12" Relative="true" SubIndex="4" Type="INT16" Value="-351"/>
    <Parameter Index="12" Relative="true" SubIndex="5" Type="INT16" Value="-220"/>
    <Parameter Index="12" Relative="true" SubIndex="6" Type="INT16" Value="-192"/>
    <Parameter Index="12" Relative="true" SubIndex="7" Type="INT16" Value="-189"/>
    <Parameter Index="12" Relative="true" SubIndex="8" Type="INT16" Value="0"/>
    <Parameter Index="29" Relative="true" SubIndex="0" Type="INT16" Value="-2406"/>
    <Parameter Index="0x40" Relative="true" SubIndex="1" Type="UINT16" Value="3"/>
    <Parameter Index="0x40" Relative="true" SubIndex="2" Type="UINT16" Value="1000"/>
    <Parameter Index="0x40" Relative="true" SubIndex="3" Type="INT16" Value="25"/>
</ServoFile>
<!--checksum 159-->
