<?xml version="1.0" encoding="UTF-8"?>
<ServoFile xmlns:xsi="http://www.w3.org/2001/XMLSchema-instance" xsi:noNamespaceSchemaLocation="/Roboter/Config/System/Common/Schemes/Servofile.xsd">
    <Version Label="">
        <Info Version="Any"/>
        <Schema Version="1"/>
        <!--#############################################################-->
        <!--########                                             ########-->
        <!--########                  SERVO-FILE                 ########-->
        <!--########              KUKA-ROBOTER GMBH              ########-->
        <!--########                                             ########-->
        <!--#############################################################-->
        <!--ATB V1.0, DB V7.83-->
        <!--Datum: 28-Nov-2012 13:31:49-->
        <!--Motor:     E0-->
        <!--Umrichter: KSP20-->
        <!--xmlFileID_E0_KSP20_20121128133149_561-->
    </Version>
    <!--Fehlerquittierung-->
    <Parameter Index="0x28" Relative="true" SubIndex="0" Type="INT16" Value="1"/>
    <Parameter Index="0x28" Relative="true" SubIndex="0" Type="INT16" Value="0"/>
    <Parameter Index="0x200B" Relative="false" SubIndex="0"
        Type="UINT16" Value="1"/>
    <Parameter Index="3" Relative="true" SubIndex="1" Type="UINT16" Value="0"/>
    <Parameter Index="6" Relative="true" SubIndex="3" Type="INT16" Value="1311"/>
    <Parameter Index="8" Relative="true" SubIndex="1" Type="INT16" Value="-704"/>
    <Parameter Index="8" Relative="true" SubIndex="2" Type="UINT16" Value="7375"/>
    <Parameter Index="8" Relative="true" SubIndex="3" Type="UINT16" Value="922"/>
    <Parameter Index="8" Relative="true" SubIndex="4" Type="INT16" Value="27852"/>
    <Parameter Index="8" Relative="true" SubIndex="5" Type="INT16" Value="1966"/>
    <Parameter Index="9" Relative="true" SubIndex="1" Type="UINT16" Value="11521"/>
    <Parameter Index="9" Relative="true" SubIndex="2" Type="UINT16" Value="7871"/>
    <Parameter Index="9" Relative="true" SubIndex="3" Type="UINT16" Value="11521"/>
    <Parameter Index="9" Relative="true" SubIndex="4" Type="UINT16" Value="7871"/>
    <Parameter Index="9" Relative="true" SubIndex="5" Type="UINT16" Value="165"/>
    <Parameter Index="9" Relative="true" SubIndex="6" Type="INT16" Value="601"/>
    <Parameter Index="10" Relative="true" SubIndex="1" Type="INT16" Value="0"/>
    <Parameter Index="10" Relative="true" SubIndex="2" Type="INT16" Value="36"/>
    <Parameter Index="10" Relative="true" SubIndex="3" Type="INT16" Value="72"/>
    <Parameter Index="10" Relative="true" SubIndex="4" Type="INT16" Value="319"/>
    <Parameter Index="10" Relative="true" SubIndex="5" Type="INT16" Value="567"/>
    <Parameter Index="10" Relative="true" SubIndex="6" Type="INT16" Value="815"/>
    <Parameter Index="10" Relative="true" SubIndex="7" Type="INT16" Value="1063"/>
    <Parameter Index="10" Relative="true" SubIndex="8" Type="INT16" Value="1311"/>
    <Parameter Index="11" Relative="true" SubIndex="1" Type="UINT16" Value="31258"/>
    <Parameter Index="11" Relative="true" SubIndex="2" Type="UINT16" Value="35129"/>
    <Parameter Index="11" Relative="true" SubIndex="3" Type="UINT16" Value="36766"/>
    <Parameter Index="11" Relative="true" SubIndex="4" Type="UINT16" Value="33596"/>
    <Parameter Index="11" Relative="true" SubIndex="5" Type="UINT16" Value="30926"/>
    <Parameter Index="11" Relative="true" SubIndex="6" Type="UINT16" Value="29186"/>
    <Parameter Index="11" Relative="true" SubIndex="7" Type="UINT16" Value="27517"/>
    <Parameter Index="11" Relative="true" SubIndex="8" Type="UINT16" Value="25969"/>
    <Parameter Index="12" Relative="true" SubIndex="1" Type="INT16" Value="8847"/>
    <Parameter Index="12" Relative="true" SubIndex="2" Type="INT16" Value="3743"/>
    <Parameter Index="12" Relative="true" SubIndex="3" Type="INT16" Value="-1048"/>
    <Parameter Index="12" Relative="true" SubIndex="4" Type="INT16" Value="-883"/>
    <Parameter Index="12" Relative="true" SubIndex="5" Type="INT16" Value="-575"/>
    <Parameter Index="12" Relative="true" SubIndex="6" Type="INT16" Value="-552"/>
    <Parameter Index="12" Relative="true" SubIndex="7" Type="INT16" Value="-512"/>
    <Parameter Index="12" Relative="true" SubIndex="8" Type="INT16" Value="0"/>
    <Parameter Index="29" Relative="true" SubIndex="0" Type="INT16" Value="-883"/>
    <Parameter Index="0x40" Relative="true" SubIndex="1" Type="UINT16" Value="3"/>
    <Parameter Index="0x40" Relative="true" SubIndex="2" Type="UINT16" Value="1000"/>
    <Parameter Index="0x40" Relative="true" SubIndex="3" Type="INT16" Value="25"/>
</ServoFile>
<!--checksum 9917-->
