<?xml version="1.0" encoding="UTF-8"?>
<ServoFile xmlns:xsi="http://www.w3.org/2001/XMLSchema-instance" xsi:noNamespaceSchemaLocation="/Roboter/Config/System/Common/Schemes/Servofile.xsd">
    <Version Label="">
        <Info Version="Any"/>
        <Schema Version="1"/>
        <!--#############################################################-->
        <!--########                                             ########-->
        <!--########                  SERVO-FILE                 ########-->
        <!--########              KUKA-ROBOTER GMBH              ########-->
        <!--########                                             ########-->
        <!--#############################################################-->
        <!--ATB V1.0, DB V7.11-->
        <!--Datum: 24-Jun-2013 11:02:24-->
        <!--Motor:     G1-->
        <!--Umrichter: KSP40-->
        <!--xmlFileID_G1_KSP40_20130624110224_412-->
    </Version>
    <!--Fehlerquittierung-->
    <Parameter Index="0x28" Relative="true" SubIndex="0" Type="INT16" Value="1"/>
    <Parameter Index="0x28" Relative="true" SubIndex="0" Type="INT16" Value="0"/>
    <Parameter Index="0x200B" Relative="false" SubIndex="0"
        Type="UINT16" Value="1"/>
    <Parameter Index="3" Relative="true" SubIndex="1" Type="UINT16" Value="0"/>
    <Parameter Index="6" Relative="true" SubIndex="3" Type="INT16" Value="5243"/>
    <Parameter Index="8" Relative="true" SubIndex="1" Type="INT16" Value="-3745"/>
    <Parameter Index="8" Relative="true" SubIndex="2" Type="UINT16" Value="26076"/>
    <Parameter Index="8" Relative="true" SubIndex="3" Type="UINT16" Value="3259"/>
    <Parameter Index="8" Relative="true" SubIndex="4" Type="INT16" Value="27852"/>
    <Parameter Index="8" Relative="true" SubIndex="5" Type="INT16" Value="1966"/>
    <Parameter Index="9" Relative="true" SubIndex="1" Type="UINT16" Value="2604"/>
    <Parameter Index="9" Relative="true" SubIndex="2" Type="UINT16" Value="785"/>
    <Parameter Index="9" Relative="true" SubIndex="3" Type="UINT16" Value="2604"/>
    <Parameter Index="9" Relative="true" SubIndex="4" Type="UINT16" Value="785"/>
    <Parameter Index="9" Relative="true" SubIndex="5" Type="UINT16" Value="35"/>
    <Parameter Index="9" Relative="true" SubIndex="6" Type="INT16" Value="598"/>
    <Parameter Index="10" Relative="true" SubIndex="1" Type="INT16" Value="0"/>
    <Parameter Index="10" Relative="true" SubIndex="2" Type="INT16" Value="141"/>
    <Parameter Index="10" Relative="true" SubIndex="3" Type="INT16" Value="282"/>
    <Parameter Index="10" Relative="true" SubIndex="4" Type="INT16" Value="1275"/>
    <Parameter Index="10" Relative="true" SubIndex="5" Type="INT16" Value="2267"/>
    <Parameter Index="10" Relative="true" SubIndex="6" Type="INT16" Value="3259"/>
    <Parameter Index="10" Relative="true" SubIndex="7" Type="INT16" Value="4251"/>
    <Parameter Index="10" Relative="true" SubIndex="8" Type="INT16" Value="5243"/>
    <Parameter Index="11" Relative="true" SubIndex="1" Type="UINT16" Value="33381"/>
    <Parameter Index="11" Relative="true" SubIndex="2" Type="UINT16" Value="37515"/>
    <Parameter Index="11" Relative="true" SubIndex="3" Type="UINT16" Value="39263"/>
    <Parameter Index="11" Relative="true" SubIndex="4" Type="UINT16" Value="35818"/>
    <Parameter Index="11" Relative="true" SubIndex="5" Type="UINT16" Value="32961"/>
    <Parameter Index="11" Relative="true" SubIndex="6" Type="UINT16" Value="31083"/>
    <Parameter Index="11" Relative="true" SubIndex="7" Type="UINT16" Value="29274"/>
    <Parameter Index="11" Relative="true" SubIndex="8" Type="UINT16" Value="27612"/>
    <Parameter Index="12" Relative="true" SubIndex="1" Type="INT16" Value="2398"/>
    <Parameter Index="12" Relative="true" SubIndex="2" Type="INT16" Value="1014"/>
    <Parameter Index="12" Relative="true" SubIndex="3" Type="INT16" Value="-284"/>
    <Parameter Index="12" Relative="true" SubIndex="4" Type="INT16" Value="-236"/>
    <Parameter Index="12" Relative="true" SubIndex="5" Type="INT16" Value="-155"/>
    <Parameter Index="12" Relative="true" SubIndex="6" Type="INT16" Value="-149"/>
    <Parameter Index="12" Relative="true" SubIndex="7" Type="INT16" Value="-137"/>
    <Parameter Index="12" Relative="true" SubIndex="8" Type="INT16" Value="0"/>
    <Parameter Index="29" Relative="true" SubIndex="0" Type="INT16" Value="-4681"/>
    <Parameter Index="0x40" Relative="true" SubIndex="1" Type="UINT16" Value="3"/>
    <Parameter Index="0x40" Relative="true" SubIndex="2" Type="UINT16" Value="1000"/>
    <Parameter Index="0x40" Relative="true" SubIndex="3" Type="INT16" Value="25"/>
</ServoFile>
<!--checksum 22-->
