<?xml version="1.0" encoding="UTF-8"?>
<ServoFile xmlns:xsi="http://www.w3.org/2001/XMLSchema-instance" xsi:noNamespaceSchemaLocation="/Roboter/Config/System/Common/Schemes/Servofile.xsd">
    <Version Label="">
        <Info Version="Any"/>
        <Schema Version="1"/>
        <!--#############################################################-->
        <!--########                                             ########-->
        <!--########                  SERVO-FILE                 ########-->
        <!--########              KUKA-ROBOTER GMBH              ########-->
        <!--########                                             ########-->
        <!--#############################################################-->
        <!--ATB V1.0, DB V7.83-->
        <!--Datum: 28-Nov-2012 13:31:51-->
        <!--Motor:     G1-->
        <!--Umrichter: KSP64-->
        <!--xmlFileID_G1_KSP64_20121128133151_106-->
    </Version>
    <!--Fehlerquittierung-->
    <Parameter Index="0x28" Relative="true" SubIndex="0" Type="INT16" Value="1"/>
    <Parameter Index="0x28" Relative="true" SubIndex="0" Type="INT16" Value="0"/>
    <Parameter Index="0x200B" Relative="false" SubIndex="0"
        Type="UINT16" Value="1"/>
    <Parameter Index="3" Relative="true" SubIndex="1" Type="UINT16" Value="0"/>
    <Parameter Index="6" Relative="true" SubIndex="3" Type="INT16" Value="7864"/>
    <Parameter Index="8" Relative="true" SubIndex="1" Type="INT16" Value="-3745"/>
    <Parameter Index="8" Relative="true" SubIndex="2" Type="UINT16" Value="26076"/>
    <Parameter Index="8" Relative="true" SubIndex="3" Type="UINT16" Value="3259"/>
    <Parameter Index="8" Relative="true" SubIndex="4" Type="INT16" Value="27852"/>
    <Parameter Index="8" Relative="true" SubIndex="5" Type="INT16" Value="1966"/>
    <Parameter Index="9" Relative="true" SubIndex="1" Type="UINT16" Value="2409"/>
    <Parameter Index="9" Relative="true" SubIndex="2" Type="UINT16" Value="565"/>
    <Parameter Index="9" Relative="true" SubIndex="3" Type="UINT16" Value="2409"/>
    <Parameter Index="9" Relative="true" SubIndex="4" Type="UINT16" Value="565"/>
    <Parameter Index="9" Relative="true" SubIndex="5" Type="UINT16" Value="35"/>
    <Parameter Index="9" Relative="true" SubIndex="6" Type="INT16" Value="598"/>
    <Parameter Index="10" Relative="true" SubIndex="1" Type="INT16" Value="0"/>
    <Parameter Index="10" Relative="true" SubIndex="2" Type="INT16" Value="141"/>
    <Parameter Index="10" Relative="true" SubIndex="3" Type="INT16" Value="282"/>
    <Parameter Index="10" Relative="true" SubIndex="4" Type="INT16" Value="1799"/>
    <Parameter Index="10" Relative="true" SubIndex="5" Type="INT16" Value="3315"/>
    <Parameter Index="10" Relative="true" SubIndex="6" Type="INT16" Value="4831"/>
    <Parameter Index="10" Relative="true" SubIndex="7" Type="INT16" Value="6348"/>
    <Parameter Index="10" Relative="true" SubIndex="8" Type="INT16" Value="7864"/>
    <Parameter Index="11" Relative="true" SubIndex="1" Type="UINT16" Value="33381"/>
    <Parameter Index="11" Relative="true" SubIndex="2" Type="UINT16" Value="37515"/>
    <Parameter Index="11" Relative="true" SubIndex="3" Type="UINT16" Value="39263"/>
    <Parameter Index="11" Relative="true" SubIndex="4" Type="UINT16" Value="34083"/>
    <Parameter Index="11" Relative="true" SubIndex="5" Type="UINT16" Value="30979"/>
    <Parameter Index="11" Relative="true" SubIndex="6" Type="UINT16" Value="28272"/>
    <Parameter Index="11" Relative="true" SubIndex="7" Type="UINT16" Value="26117"/>
    <Parameter Index="11" Relative="true" SubIndex="8" Type="UINT16" Value="24775"/>
    <Parameter Index="12" Relative="true" SubIndex="1" Type="INT16" Value="2397"/>
    <Parameter Index="12" Relative="true" SubIndex="2" Type="INT16" Value="1014"/>
    <Parameter Index="12" Relative="true" SubIndex="3" Type="INT16" Value="-280"/>
    <Parameter Index="12" Relative="true" SubIndex="4" Type="INT16" Value="-168"/>
    <Parameter Index="12" Relative="true" SubIndex="5" Type="INT16" Value="-146"/>
    <Parameter Index="12" Relative="true" SubIndex="6" Type="INT16" Value="-116"/>
    <Parameter Index="12" Relative="true" SubIndex="7" Type="INT16" Value="-72"/>
    <Parameter Index="12" Relative="true" SubIndex="8" Type="INT16" Value="0"/>
    <Parameter Index="29" Relative="true" SubIndex="0" Type="INT16" Value="-4681"/>
    <Parameter Index="0x40" Relative="true" SubIndex="1" Type="UINT16" Value="3"/>
    <Parameter Index="0x40" Relative="true" SubIndex="2" Type="UINT16" Value="1000"/>
    <Parameter Index="0x40" Relative="true" SubIndex="3" Type="INT16" Value="25"/>
</ServoFile>
<!--checksum 40-->
