<?xml version="1.0" encoding="UTF-8"?>
<ServoFile xmlns:xsi="http://www.w3.org/2001/XMLSchema-instance" xsi:noNamespaceSchemaLocation="/Roboter/Config/System/Common/Schemes/Servofile.xsd">
    <Version Label="">
        <Info Version="Any"/>
        <Schema Version="1"/>
        <!--#############################################################-->
        <!--########                                             ########-->
        <!--########                  SERVO-FILE                 ########-->
        <!--########              KUKA-ROBOTER GMBH              ########-->
        <!--########                                             ########-->
        <!--#############################################################-->
        <!--ATB V1.0, DB V7.107-->
        <!--Datum: 20-Jun-2013 11:56:46-->
        <!--Motor:     G1-->
        <!--Umrichter: KSP40-->
        <!--xmlFileID_G1_KSP40_20130620115646_450-->
    </Version>
    <!--Fehlerquittierung-->
    <Parameter Index="0x28" Relative="true" SubIndex="0" Type="INT16" Value="1"/>
    <Parameter Index="0x28" Relative="true" SubIndex="0" Type="INT16" Value="0"/>
    <Parameter Index="0x200B" Relative="false" SubIndex="0"
        Type="UINT16" Value="0"/>
    <Parameter Index="3" Relative="true" SubIndex="1" Type="UINT16" Value="0"/>
    <Parameter Index="6" Relative="true" SubIndex="3" Type="INT16" Value="6553"/>
    <Parameter Index="8" Relative="true" SubIndex="1" Type="INT16" Value="-3745"/>
    <Parameter Index="8" Relative="true" SubIndex="2" Type="UINT16" Value="26076"/>
    <Parameter Index="8" Relative="true" SubIndex="3" Type="UINT16" Value="3259"/>
    <Parameter Index="8" Relative="true" SubIndex="4" Type="INT16" Value="27852"/>
    <Parameter Index="8" Relative="true" SubIndex="5" Type="INT16" Value="1966"/>
    <Parameter Index="9" Relative="true" SubIndex="1" Type="UINT16" Value="3881"/>
    <Parameter Index="9" Relative="true" SubIndex="2" Type="UINT16" Value="1215"/>
    <Parameter Index="9" Relative="true" SubIndex="3" Type="UINT16" Value="3881"/>
    <Parameter Index="9" Relative="true" SubIndex="4" Type="UINT16" Value="1215"/>
    <Parameter Index="9" Relative="true" SubIndex="5" Type="UINT16" Value="35"/>
    <Parameter Index="9" Relative="true" SubIndex="6" Type="INT16" Value="598"/>
    <Parameter Index="10" Relative="true" SubIndex="1" Type="INT16" Value="0"/>
    <Parameter Index="10" Relative="true" SubIndex="2" Type="INT16" Value="141"/>
    <Parameter Index="10" Relative="true" SubIndex="3" Type="INT16" Value="282"/>
    <Parameter Index="10" Relative="true" SubIndex="4" Type="INT16" Value="1537"/>
    <Parameter Index="10" Relative="true" SubIndex="5" Type="INT16" Value="2791"/>
    <Parameter Index="10" Relative="true" SubIndex="6" Type="INT16" Value="4045"/>
    <Parameter Index="10" Relative="true" SubIndex="7" Type="INT16" Value="5299"/>
    <Parameter Index="10" Relative="true" SubIndex="8" Type="INT16" Value="6553"/>
    <Parameter Index="11" Relative="true" SubIndex="1" Type="UINT16" Value="33381"/>
    <Parameter Index="11" Relative="true" SubIndex="2" Type="UINT16" Value="37515"/>
    <Parameter Index="11" Relative="true" SubIndex="3" Type="UINT16" Value="39263"/>
    <Parameter Index="11" Relative="true" SubIndex="4" Type="UINT16" Value="34880"/>
    <Parameter Index="11" Relative="true" SubIndex="5" Type="UINT16" Value="31942"/>
    <Parameter Index="11" Relative="true" SubIndex="6" Type="UINT16" Value="29644"/>
    <Parameter Index="11" Relative="true" SubIndex="7" Type="UINT16" Value="27525"/>
    <Parameter Index="11" Relative="true" SubIndex="8" Type="UINT16" Value="25888"/>
    <Parameter Index="12" Relative="true" SubIndex="1" Type="INT16" Value="2398"/>
    <Parameter Index="12" Relative="true" SubIndex="2" Type="INT16" Value="1014"/>
    <Parameter Index="12" Relative="true" SubIndex="3" Type="INT16" Value="-286"/>
    <Parameter Index="12" Relative="true" SubIndex="4" Type="INT16" Value="-192"/>
    <Parameter Index="12" Relative="true" SubIndex="5" Type="INT16" Value="-150"/>
    <Parameter Index="12" Relative="true" SubIndex="6" Type="INT16" Value="-138"/>
    <Parameter Index="12" Relative="true" SubIndex="7" Type="INT16" Value="-107"/>
    <Parameter Index="12" Relative="true" SubIndex="8" Type="INT16" Value="0"/>
    <Parameter Index="29" Relative="true" SubIndex="0" Type="INT16" Value="-4681"/>
    <Parameter Index="0x40" Relative="true" SubIndex="1" Type="UINT16" Value="3"/>
    <Parameter Index="0x40" Relative="true" SubIndex="2" Type="UINT16" Value="1000"/>
    <Parameter Index="0x40" Relative="true" SubIndex="3" Type="INT16" Value="25"/>
</ServoFile>
<!--checksum 214-->
