<?xml version="1.0" encoding="UTF-8"?>
<ServoFile xmlns:xsi="http://www.w3.org/2001/XMLSchema-instance" xsi:noNamespaceSchemaLocation="/Roboter/Config/System/Common/Schemes/Servofile.xsd">
    <Version Label="">
        <Info Version="Any"/>
        <Schema Version="1"/>
        <!--#############################################################-->
        <!--########                                             ########-->
        <!--########                  SERVO-FILE                 ########-->
        <!--########              KUKA-ROBOTER GMBH              ########-->
        <!--########                                             ########-->
        <!--#############################################################-->
        <!--ATB 1.20.0, DB V7.116-->
        <!--Datum: 31-Jul-2013 11:02:30-->
        <!--Motor:     H-->
        <!--Umrichter: KSP40-->
        <!--xmlFileID_H_KSP40_20130731110230_878-->
    </Version>
    <!--Fehlerquittierung-->
    <Parameter Index="0x28" Relative="true" SubIndex="0" Type="INT16" Value="1"/>
    <Parameter Index="0x28" Relative="true" SubIndex="0" Type="INT16" Value="0"/>
    <Parameter Index="0x200B" Relative="false" SubIndex="0"
        Type="UINT16" Value="2"/>
    <Parameter Index="3" Relative="true" SubIndex="1" Type="UINT16" Value="0"/>
    <Parameter Index="6" Relative="true" SubIndex="3" Type="INT16" Value="5243"/>
    <Parameter Index="8" Relative="true" SubIndex="1" Type="INT16" Value="-2310"/>
    <Parameter Index="8" Relative="true" SubIndex="2" Type="UINT16" Value="14487"/>
    <Parameter Index="8" Relative="true" SubIndex="3" Type="UINT16" Value="1811"/>
    <Parameter Index="8" Relative="true" SubIndex="4" Type="INT16" Value="27852"/>
    <Parameter Index="8" Relative="true" SubIndex="5" Type="INT16" Value="1966"/>
    <Parameter Index="9" Relative="true" SubIndex="1" Type="UINT16" Value="4295"/>
    <Parameter Index="9" Relative="true" SubIndex="2" Type="UINT16" Value="1191"/>
    <Parameter Index="9" Relative="true" SubIndex="3" Type="UINT16" Value="4295"/>
    <Parameter Index="9" Relative="true" SubIndex="4" Type="UINT16" Value="1191"/>
    <Parameter Index="9" Relative="true" SubIndex="5" Type="UINT16" Value="63"/>
    <Parameter Index="9" Relative="true" SubIndex="6" Type="INT16" Value="639"/>
    <Parameter Index="10" Relative="true" SubIndex="1" Type="INT16" Value="0"/>
    <Parameter Index="10" Relative="true" SubIndex="2" Type="INT16" Value="111"/>
    <Parameter Index="10" Relative="true" SubIndex="3" Type="INT16" Value="222"/>
    <Parameter Index="10" Relative="true" SubIndex="4" Type="INT16" Value="1226"/>
    <Parameter Index="10" Relative="true" SubIndex="5" Type="INT16" Value="2230"/>
    <Parameter Index="10" Relative="true" SubIndex="6" Type="INT16" Value="3234"/>
    <Parameter Index="10" Relative="true" SubIndex="7" Type="INT16" Value="4239"/>
    <Parameter Index="10" Relative="true" SubIndex="8" Type="INT16" Value="5243"/>
    <Parameter Index="11" Relative="true" SubIndex="1" Type="UINT16" Value="31894"/>
    <Parameter Index="11" Relative="true" SubIndex="2" Type="UINT16" Value="35844"/>
    <Parameter Index="11" Relative="true" SubIndex="3" Type="UINT16" Value="37515"/>
    <Parameter Index="11" Relative="true" SubIndex="4" Type="UINT16" Value="33252"/>
    <Parameter Index="11" Relative="true" SubIndex="5" Type="UINT16" Value="30436"/>
    <Parameter Index="11" Relative="true" SubIndex="6" Type="UINT16" Value="28202"/>
    <Parameter Index="11" Relative="true" SubIndex="7" Type="UINT16" Value="26164"/>
    <Parameter Index="11" Relative="true" SubIndex="8" Type="UINT16" Value="24616"/>
    <Parameter Index="12" Relative="true" SubIndex="1" Type="INT16" Value="2915"/>
    <Parameter Index="12" Relative="true" SubIndex="2" Type="INT16" Value="1233"/>
    <Parameter Index="12" Relative="true" SubIndex="3" Type="INT16" Value="-348"/>
    <Parameter Index="12" Relative="true" SubIndex="4" Type="INT16" Value="-230"/>
    <Parameter Index="12" Relative="true" SubIndex="5" Type="INT16" Value="-182"/>
    <Parameter Index="12" Relative="true" SubIndex="6" Type="INT16" Value="-166"/>
    <Parameter Index="12" Relative="true" SubIndex="7" Type="INT16" Value="-126"/>
    <Parameter Index="12" Relative="true" SubIndex="8" Type="INT16" Value="0"/>
    <Parameter Index="29" Relative="true" SubIndex="0" Type="INT16" Value="-2601"/>
    <Parameter Index="0x40" Relative="true" SubIndex="1" Type="UINT16" Value="3"/>
    <Parameter Index="0x40" Relative="true" SubIndex="2" Type="UINT16" Value="1000"/>
    <Parameter Index="0x40" Relative="true" SubIndex="3" Type="INT16" Value="25"/>
</ServoFile>
<!--checksum 63-->
