<?xml version="1.0" encoding="UTF-8"?>
<ServoFile xmlns:xsi="http://www.w3.org/2001/XMLSchema-instance" xsi:noNamespaceSchemaLocation="/Roboter/Config/System/Common/Schemes/Servofile.xsd">
    <Version Label="">
        <Info Version="Any"/>
        <Schema Version="1"/>
        <!--#############################################################-->
        <!--########                                             ########-->
        <!--########                  SERVO-FILE                 ########-->
        <!--########              KUKA-ROBOTER GMBH              ########-->
        <!--########                                             ########-->
        <!--#############################################################-->
        <!--ATB V1.0, DB V7.83-->
        <!--Datum: 28-Nov-2012 13:31:29-->
        <!--Motor:     H-->
        <!--Umrichter: KSP20-->
        <!--xmlFileID_H_KSP20_20121128133129_968-->
    </Version>
    <!--Fehlerquittierung-->
    <Parameter Index="0x28" Relative="true" SubIndex="0" Type="INT16" Value="1"/>
    <Parameter Index="0x28" Relative="true" SubIndex="0" Type="INT16" Value="0"/>
    <Parameter Index="0x200B" Relative="false" SubIndex="0"
        Type="UINT16" Value="0"/>
    <Parameter Index="3" Relative="true" SubIndex="1" Type="UINT16" Value="0"/>
    <Parameter Index="6" Relative="true" SubIndex="3" Type="INT16" Value="3277"/>
    <Parameter Index="8" Relative="true" SubIndex="1" Type="INT16" Value="-2310"/>
    <Parameter Index="8" Relative="true" SubIndex="2" Type="UINT16" Value="14487"/>
    <Parameter Index="8" Relative="true" SubIndex="3" Type="UINT16" Value="1811"/>
    <Parameter Index="8" Relative="true" SubIndex="4" Type="INT16" Value="27852"/>
    <Parameter Index="8" Relative="true" SubIndex="5" Type="INT16" Value="1966"/>
    <Parameter Index="9" Relative="true" SubIndex="1" Type="UINT16" Value="7172"/>
    <Parameter Index="9" Relative="true" SubIndex="2" Type="UINT16" Value="1938"/>
    <Parameter Index="9" Relative="true" SubIndex="3" Type="UINT16" Value="7172"/>
    <Parameter Index="9" Relative="true" SubIndex="4" Type="UINT16" Value="1938"/>
    <Parameter Index="9" Relative="true" SubIndex="5" Type="UINT16" Value="63"/>
    <Parameter Index="9" Relative="true" SubIndex="6" Type="INT16" Value="639"/>
    <Parameter Index="10" Relative="true" SubIndex="1" Type="INT16" Value="0"/>
    <Parameter Index="10" Relative="true" SubIndex="2" Type="INT16" Value="111"/>
    <Parameter Index="10" Relative="true" SubIndex="3" Type="INT16" Value="222"/>
    <Parameter Index="10" Relative="true" SubIndex="4" Type="INT16" Value="833"/>
    <Parameter Index="10" Relative="true" SubIndex="5" Type="INT16" Value="1444"/>
    <Parameter Index="10" Relative="true" SubIndex="6" Type="INT16" Value="2055"/>
    <Parameter Index="10" Relative="true" SubIndex="7" Type="INT16" Value="2666"/>
    <Parameter Index="10" Relative="true" SubIndex="8" Type="INT16" Value="3277"/>
    <Parameter Index="11" Relative="true" SubIndex="1" Type="UINT16" Value="31894"/>
    <Parameter Index="11" Relative="true" SubIndex="2" Type="UINT16" Value="35844"/>
    <Parameter Index="11" Relative="true" SubIndex="3" Type="UINT16" Value="37515"/>
    <Parameter Index="11" Relative="true" SubIndex="4" Type="UINT16" Value="35036"/>
    <Parameter Index="11" Relative="true" SubIndex="5" Type="UINT16" Value="32464"/>
    <Parameter Index="11" Relative="true" SubIndex="6" Type="UINT16" Value="30834"/>
    <Parameter Index="11" Relative="true" SubIndex="7" Type="UINT16" Value="29465"/>
    <Parameter Index="11" Relative="true" SubIndex="8" Type="UINT16" Value="28110"/>
    <Parameter Index="12" Relative="true" SubIndex="1" Type="INT16" Value="2915"/>
    <Parameter Index="12" Relative="true" SubIndex="2" Type="INT16" Value="1233"/>
    <Parameter Index="12" Relative="true" SubIndex="3" Type="INT16" Value="-332"/>
    <Parameter Index="12" Relative="true" SubIndex="4" Type="INT16" Value="-345"/>
    <Parameter Index="12" Relative="true" SubIndex="5" Type="INT16" Value="-219"/>
    <Parameter Index="12" Relative="true" SubIndex="6" Type="INT16" Value="-184"/>
    <Parameter Index="12" Relative="true" SubIndex="7" Type="INT16" Value="-182"/>
    <Parameter Index="12" Relative="true" SubIndex="8" Type="INT16" Value="0"/>
    <Parameter Index="29" Relative="true" SubIndex="0" Type="INT16" Value="-2601"/>
    <Parameter Index="0x40" Relative="true" SubIndex="1" Type="UINT16" Value="3"/>
    <Parameter Index="0x40" Relative="true" SubIndex="2" Type="UINT16" Value="1000"/>
    <Parameter Index="0x40" Relative="true" SubIndex="3" Type="INT16" Value="25"/>
</ServoFile>
<!--checksum 9988-->
