<?xml version="1.0" encoding="UTF-8"?>
<ServoFile xmlns:xsi="http://www.w3.org/2001/XMLSchema-instance" xsi:noNamespaceSchemaLocation="/Roboter/Config/System/Common/Schemes/Servofile.xsd">
    <Version Label="">
        <Info Version="Any"/>
        <Schema Version="1"/>
        <!--#############################################################-->
        <!--########                                             ########-->
        <!--########                  SERVO-FILE                 ########-->
        <!--########              KUKA-ROBOTER GMBH              ########-->
        <!--########                                             ########-->
        <!--#############################################################-->
        <!--ATB 1.28.0, DB V7.162-->
        <!--Datum: 25-Jul-2014 08:30:34-->
        <!--Motor:     I1-->
        <!--Umrichter: KSP64-->
        <!--xmlFileID_I1_KSP64_20140725083034_273-->
    </Version>
    <!--Fehlerquittierung-->
    <Parameter Index="0x28" Relative="true" SubIndex="0" Type="INT16" Value="1"/>
    <Parameter Index="0x28" Relative="true" SubIndex="0" Type="INT16" Value="0"/>
    <Parameter Index="0x200B" Relative="false" SubIndex="0"
        Type="UINT16" Value="2"/>
    <Parameter Index="3" Relative="true" SubIndex="1" Type="UINT16" Value="0"/>
    <Parameter Index="6" Relative="true" SubIndex="3" Type="INT16" Value="8192"/>
    <Parameter Index="8" Relative="true" SubIndex="1" Type="INT16" Value="-4211"/>
    <Parameter Index="8" Relative="true" SubIndex="2" Type="UINT16" Value="22260"/>
    <Parameter Index="8" Relative="true" SubIndex="3" Type="UINT16" Value="2782"/>
    <Parameter Index="8" Relative="true" SubIndex="4" Type="INT16" Value="27852"/>
    <Parameter Index="8" Relative="true" SubIndex="5" Type="INT16" Value="1966"/>
    <Parameter Index="9" Relative="true" SubIndex="1" Type="UINT16" Value="4498"/>
    <Parameter Index="9" Relative="true" SubIndex="2" Type="UINT16" Value="943"/>
    <Parameter Index="9" Relative="true" SubIndex="3" Type="UINT16" Value="4498"/>
    <Parameter Index="9" Relative="true" SubIndex="4" Type="UINT16" Value="943"/>
    <Parameter Index="9" Relative="true" SubIndex="5" Type="UINT16" Value="41"/>
    <Parameter Index="9" Relative="true" SubIndex="6" Type="INT16" Value="827"/>
    <Parameter Index="10" Relative="true" SubIndex="1" Type="INT16" Value="0"/>
    <Parameter Index="10" Relative="true" SubIndex="2" Type="INT16" Value="214"/>
    <Parameter Index="10" Relative="true" SubIndex="3" Type="INT16" Value="429"/>
    <Parameter Index="10" Relative="true" SubIndex="4" Type="INT16" Value="1981"/>
    <Parameter Index="10" Relative="true" SubIndex="5" Type="INT16" Value="3534"/>
    <Parameter Index="10" Relative="true" SubIndex="6" Type="INT16" Value="5086"/>
    <Parameter Index="10" Relative="true" SubIndex="7" Type="INT16" Value="6639"/>
    <Parameter Index="10" Relative="true" SubIndex="8" Type="INT16" Value="8192"/>
    <Parameter Index="11" Relative="true" SubIndex="1" Type="UINT16" Value="31929"/>
    <Parameter Index="11" Relative="true" SubIndex="2" Type="UINT16" Value="35883"/>
    <Parameter Index="11" Relative="true" SubIndex="3" Type="UINT16" Value="37556"/>
    <Parameter Index="11" Relative="true" SubIndex="4" Type="UINT16" Value="34147"/>
    <Parameter Index="11" Relative="true" SubIndex="5" Type="UINT16" Value="31404"/>
    <Parameter Index="11" Relative="true" SubIndex="6" Type="UINT16" Value="29567"/>
    <Parameter Index="11" Relative="true" SubIndex="7" Type="UINT16" Value="27790"/>
    <Parameter Index="11" Relative="true" SubIndex="8" Type="UINT16" Value="26185"/>
    <Parameter Index="12" Relative="true" SubIndex="1" Type="INT16" Value="1511"/>
    <Parameter Index="12" Relative="true" SubIndex="2" Type="INT16" Value="639"/>
    <Parameter Index="12" Relative="true" SubIndex="3" Type="INT16" Value="-180"/>
    <Parameter Index="12" Relative="true" SubIndex="4" Type="INT16" Value="-145"/>
    <Parameter Index="12" Relative="true" SubIndex="5" Type="INT16" Value="-97"/>
    <Parameter Index="12" Relative="true" SubIndex="6" Type="INT16" Value="-94"/>
    <Parameter Index="12" Relative="true" SubIndex="7" Type="INT16" Value="-85"/>
    <Parameter Index="12" Relative="true" SubIndex="8" Type="INT16" Value="0"/>
    <Parameter Index="29" Relative="true" SubIndex="0" Type="INT16" Value="-5261"/>
    <Parameter Index="0x40" Relative="true" SubIndex="1" Type="UINT16" Value="3"/>
    <Parameter Index="0x40" Relative="true" SubIndex="2" Type="UINT16" Value="1000"/>
    <Parameter Index="0x40" Relative="true" SubIndex="3" Type="INT16" Value="25"/>
</ServoFile>
<!--checksum 24-->
