<?xml version="1.0" encoding="UTF-8"?>
<ServoFile xmlns:xsi="http://www.w3.org/2001/XMLSchema-instance" xsi:noNamespaceSchemaLocation="/Roboter/Config/System/Common/Schemes/Servofile.xsd">
    <Version Label="">
        <Info Version="Any"/>
        <Schema Version="1"/>
        <!--#############################################################-->
        <!--########                                             ########-->
        <!--########                  SERVO-FILE                 ########-->
        <!--########              KUKA-ROBOTER GMBH              ########-->
        <!--########                                             ########-->
        <!--#############################################################-->
        <!--ATB 1.27.0, DB V7.156-->
        <!--Datum: 12-May-2014 14:18:00-->
        <!--Motor:     I1-->
        <!--Umrichter: KSP40-->
        <!--xmlFileID_I1_KSP40_20140512141800_777-->
    </Version>
    <!--Fehlerquittierung-->
    <Parameter Index="0x28" Relative="true" SubIndex="0" Type="INT16" Value="1"/>
    <Parameter Index="0x28" Relative="true" SubIndex="0" Type="INT16" Value="0"/>
    <Parameter Index="0x200B" Relative="false" SubIndex="0"
        Type="UINT16" Value="1"/>
    <Parameter Index="3" Relative="true" SubIndex="1" Type="UINT16" Value="0"/>
    <Parameter Index="6" Relative="true" SubIndex="3" Type="INT16" Value="5243"/>
    <Parameter Index="8" Relative="true" SubIndex="1" Type="INT16" Value="-4211"/>
    <Parameter Index="8" Relative="true" SubIndex="2" Type="UINT16" Value="22260"/>
    <Parameter Index="8" Relative="true" SubIndex="3" Type="UINT16" Value="2782"/>
    <Parameter Index="8" Relative="true" SubIndex="4" Type="INT16" Value="27852"/>
    <Parameter Index="8" Relative="true" SubIndex="5" Type="INT16" Value="1966"/>
    <Parameter Index="9" Relative="true" SubIndex="1" Type="UINT16" Value="4649"/>
    <Parameter Index="9" Relative="true" SubIndex="2" Type="UINT16" Value="1282"/>
    <Parameter Index="9" Relative="true" SubIndex="3" Type="UINT16" Value="4649"/>
    <Parameter Index="9" Relative="true" SubIndex="4" Type="UINT16" Value="1282"/>
    <Parameter Index="9" Relative="true" SubIndex="5" Type="UINT16" Value="41"/>
    <Parameter Index="9" Relative="true" SubIndex="6" Type="INT16" Value="827"/>
    <Parameter Index="10" Relative="true" SubIndex="1" Type="INT16" Value="0"/>
    <Parameter Index="10" Relative="true" SubIndex="2" Type="INT16" Value="214"/>
    <Parameter Index="10" Relative="true" SubIndex="3" Type="INT16" Value="429"/>
    <Parameter Index="10" Relative="true" SubIndex="4" Type="INT16" Value="1391"/>
    <Parameter Index="10" Relative="true" SubIndex="5" Type="INT16" Value="2354"/>
    <Parameter Index="10" Relative="true" SubIndex="6" Type="INT16" Value="3317"/>
    <Parameter Index="10" Relative="true" SubIndex="7" Type="INT16" Value="4280"/>
    <Parameter Index="10" Relative="true" SubIndex="8" Type="INT16" Value="5243"/>
    <Parameter Index="11" Relative="true" SubIndex="1" Type="UINT16" Value="31929"/>
    <Parameter Index="11" Relative="true" SubIndex="2" Type="UINT16" Value="35883"/>
    <Parameter Index="11" Relative="true" SubIndex="3" Type="UINT16" Value="37556"/>
    <Parameter Index="11" Relative="true" SubIndex="4" Type="UINT16" Value="35632"/>
    <Parameter Index="11" Relative="true" SubIndex="5" Type="UINT16" Value="33316"/>
    <Parameter Index="11" Relative="true" SubIndex="6" Type="UINT16" Value="31692"/>
    <Parameter Index="11" Relative="true" SubIndex="7" Type="UINT16" Value="30500"/>
    <Parameter Index="11" Relative="true" SubIndex="8" Type="UINT16" Value="29386"/>
    <Parameter Index="12" Relative="true" SubIndex="1" Type="INT16" Value="1511"/>
    <Parameter Index="12" Relative="true" SubIndex="2" Type="INT16" Value="639"/>
    <Parameter Index="12" Relative="true" SubIndex="3" Type="INT16" Value="-164"/>
    <Parameter Index="12" Relative="true" SubIndex="4" Type="INT16" Value="-197"/>
    <Parameter Index="12" Relative="true" SubIndex="5" Type="INT16" Value="-138"/>
    <Parameter Index="12" Relative="true" SubIndex="6" Type="INT16" Value="-101"/>
    <Parameter Index="12" Relative="true" SubIndex="7" Type="INT16" Value="-95"/>
    <Parameter Index="12" Relative="true" SubIndex="8" Type="INT16" Value="0"/>
    <Parameter Index="29" Relative="true" SubIndex="0" Type="INT16" Value="-5261"/>
    <Parameter Index="0x40" Relative="true" SubIndex="1" Type="UINT16" Value="3"/>
    <Parameter Index="0x40" Relative="true" SubIndex="2" Type="UINT16" Value="1000"/>
    <Parameter Index="0x40" Relative="true" SubIndex="3" Type="INT16" Value="25"/>
</ServoFile>
<!--checksum 129-->
