<?xml version="1.0" encoding="UTF-8"?>
<ServoFile xmlns:xsi="http://www.w3.org/2001/XMLSchema-instance" xsi:noNamespaceSchemaLocation="/Roboter/Config/System/Common/Schemes/Servofile.xsd">
    <Version Label="">
        <Info Version="Any"/>
        <Schema Version="1"/>
        <!--#############################################################-->
        <!--########                                             ########-->
        <!--########                  SERVO-FILE                 ########-->
        <!--########              KUKA-ROBOTER GMBH              ########-->
        <!--########                                             ########-->
        <!--#############################################################-->
        <!--ATB V1.0, DB V7.11-->
        <!--Datum: 24-Jun-2013 11:00:54-->
        <!--Motor:     I2-->
        <!--Umrichter: KSP40-->
        <!--xmlFileID_I2_KSP40_20130624110054_002-->
    </Version>
    <!--Fehlerquittierung-->
    <Parameter Index="0x28" Relative="true" SubIndex="0" Type="INT16" Value="1"/>
    <Parameter Index="0x28" Relative="true" SubIndex="0" Type="INT16" Value="0"/>
    <Parameter Index="0x200B" Relative="false" SubIndex="0"
        Type="UINT16" Value="2"/>
    <Parameter Index="3" Relative="true" SubIndex="1" Type="UINT16" Value="0"/>
    <Parameter Index="6" Relative="true" SubIndex="3" Type="INT16" Value="5243"/>
    <Parameter Index="8" Relative="true" SubIndex="1" Type="INT16" Value="-3490"/>
    <Parameter Index="8" Relative="true" SubIndex="2" Type="UINT16" Value="16012"/>
    <Parameter Index="8" Relative="true" SubIndex="3" Type="UINT16" Value="2001"/>
    <Parameter Index="8" Relative="true" SubIndex="4" Type="INT16" Value="27852"/>
    <Parameter Index="8" Relative="true" SubIndex="5" Type="INT16" Value="1966"/>
    <Parameter Index="9" Relative="true" SubIndex="1" Type="UINT16" Value="3486"/>
    <Parameter Index="9" Relative="true" SubIndex="2" Type="UINT16" Value="863"/>
    <Parameter Index="9" Relative="true" SubIndex="3" Type="UINT16" Value="3486"/>
    <Parameter Index="9" Relative="true" SubIndex="4" Type="UINT16" Value="863"/>
    <Parameter Index="9" Relative="true" SubIndex="5" Type="UINT16" Value="57"/>
    <Parameter Index="9" Relative="true" SubIndex="6" Type="INT16" Value="950"/>
    <Parameter Index="10" Relative="true" SubIndex="1" Type="INT16" Value="0"/>
    <Parameter Index="10" Relative="true" SubIndex="2" Type="INT16" Value="187"/>
    <Parameter Index="10" Relative="true" SubIndex="3" Type="INT16" Value="374"/>
    <Parameter Index="10" Relative="true" SubIndex="4" Type="INT16" Value="1348"/>
    <Parameter Index="10" Relative="true" SubIndex="5" Type="INT16" Value="2322"/>
    <Parameter Index="10" Relative="true" SubIndex="6" Type="INT16" Value="3295"/>
    <Parameter Index="10" Relative="true" SubIndex="7" Type="INT16" Value="4269"/>
    <Parameter Index="10" Relative="true" SubIndex="8" Type="INT16" Value="5243"/>
    <Parameter Index="11" Relative="true" SubIndex="1" Type="UINT16" Value="26338"/>
    <Parameter Index="11" Relative="true" SubIndex="2" Type="UINT16" Value="29600"/>
    <Parameter Index="11" Relative="true" SubIndex="3" Type="UINT16" Value="30980"/>
    <Parameter Index="11" Relative="true" SubIndex="4" Type="UINT16" Value="29069"/>
    <Parameter Index="11" Relative="true" SubIndex="5" Type="UINT16" Value="26995"/>
    <Parameter Index="11" Relative="true" SubIndex="6" Type="UINT16" Value="25655"/>
    <Parameter Index="11" Relative="true" SubIndex="7" Type="UINT16" Value="24577"/>
    <Parameter Index="11" Relative="true" SubIndex="8" Type="UINT16" Value="23515"/>
    <Parameter Index="12" Relative="true" SubIndex="1" Type="INT16" Value="1428"/>
    <Parameter Index="12" Relative="true" SubIndex="2" Type="INT16" Value="604"/>
    <Parameter Index="12" Relative="true" SubIndex="3" Type="INT16" Value="-161"/>
    <Parameter Index="12" Relative="true" SubIndex="4" Type="INT16" Value="-175"/>
    <Parameter Index="12" Relative="true" SubIndex="5" Type="INT16" Value="-113"/>
    <Parameter Index="12" Relative="true" SubIndex="6" Type="INT16" Value="-91"/>
    <Parameter Index="12" Relative="true" SubIndex="7" Type="INT16" Value="-89"/>
    <Parameter Index="12" Relative="true" SubIndex="8" Type="INT16" Value="0"/>
    <Parameter Index="29" Relative="true" SubIndex="0" Type="INT16" Value="-4359"/>
    <Parameter Index="0x40" Relative="true" SubIndex="1" Type="UINT16" Value="3"/>
    <Parameter Index="0x40" Relative="true" SubIndex="2" Type="UINT16" Value="1000"/>
    <Parameter Index="0x40" Relative="true" SubIndex="3" Type="INT16" Value="25"/>
</ServoFile>
<!--checksum 9880-->
