<?xml version="1.0" encoding="UTF-8"?>
<ServoFile xmlns:xsi="http://www.w3.org/2001/XMLSchema-instance" xsi:noNamespaceSchemaLocation="/Roboter/Config/System/Common/Schemes/Servofile.xsd">
    <Version Label="">
        <Info Version="Any"/>
        <Schema Version="1"/>
        <!--#############################################################-->
        <!--########                                             ########-->
        <!--########                  SERVO-FILE                 ########-->
        <!--########              KUKA-ROBOTER GMBH              ########-->
        <!--########                                             ########-->
        <!--#############################################################-->
        <!--ATB 1.41.0, DB V7.262-->
        <!--Datum: 02-Dec-2015 10:18:54-->
        <!--Motor:     I-->
        <!--Umrichter: KSP64-->
        <!--xmlFileID_I_KSP64_20151202101854_279-->
    </Version>
    <!--Fehlerquittierung-->
    <Parameter Index="0x28" Relative="true" SubIndex="0" Type="INT16" Value="1"/>
    <Parameter Index="0x28" Relative="true" SubIndex="0" Type="INT16" Value="0"/>
    <Parameter Index="0x200B" Relative="false" SubIndex="0"
        Type="UINT16" Value="2"/>
    <Parameter Index="3" Relative="true" SubIndex="1" Type="UINT16" Value="0"/>
    <Parameter Index="6" Relative="true" SubIndex="3" Type="INT16" Value="8356"/>
    <Parameter Index="8" Relative="true" SubIndex="1" Type="INT16" Value="-4997"/>
    <Parameter Index="8" Relative="true" SubIndex="2" Type="UINT16" Value="29441"/>
    <Parameter Index="8" Relative="true" SubIndex="3" Type="UINT16" Value="3680"/>
    <Parameter Index="8" Relative="true" SubIndex="4" Type="INT16" Value="27852"/>
    <Parameter Index="8" Relative="true" SubIndex="5" Type="INT16" Value="1966"/>
    <Parameter Index="9" Relative="true" SubIndex="1" Type="UINT16" Value="2228"/>
    <Parameter Index="9" Relative="true" SubIndex="2" Type="UINT16" Value="507"/>
    <Parameter Index="9" Relative="true" SubIndex="3" Type="UINT16" Value="2228"/>
    <Parameter Index="9" Relative="true" SubIndex="4" Type="UINT16" Value="507"/>
    <Parameter Index="9" Relative="true" SubIndex="5" Type="UINT16" Value="29"/>
    <Parameter Index="9" Relative="true" SubIndex="6" Type="INT16" Value="758"/>
    <Parameter Index="10" Relative="true" SubIndex="1" Type="INT16" Value="0"/>
    <Parameter Index="10" Relative="true" SubIndex="2" Type="INT16" Value="247"/>
    <Parameter Index="10" Relative="true" SubIndex="3" Type="INT16" Value="494"/>
    <Parameter Index="10" Relative="true" SubIndex="4" Type="INT16" Value="2066"/>
    <Parameter Index="10" Relative="true" SubIndex="5" Type="INT16" Value="3639"/>
    <Parameter Index="10" Relative="true" SubIndex="6" Type="INT16" Value="5211"/>
    <Parameter Index="10" Relative="true" SubIndex="7" Type="INT16" Value="6783"/>
    <Parameter Index="10" Relative="true" SubIndex="8" Type="INT16" Value="8356"/>
    <Parameter Index="11" Relative="true" SubIndex="1" Type="UINT16" Value="33440"/>
    <Parameter Index="11" Relative="true" SubIndex="2" Type="UINT16" Value="37581"/>
    <Parameter Index="11" Relative="true" SubIndex="3" Type="UINT16" Value="39333"/>
    <Parameter Index="11" Relative="true" SubIndex="4" Type="UINT16" Value="36245"/>
    <Parameter Index="11" Relative="true" SubIndex="5" Type="UINT16" Value="33429"/>
    <Parameter Index="11" Relative="true" SubIndex="6" Type="UINT16" Value="31650"/>
    <Parameter Index="11" Relative="true" SubIndex="7" Type="UINT16" Value="29999"/>
    <Parameter Index="11" Relative="true" SubIndex="8" Type="UINT16" Value="28411"/>
    <Parameter Index="12" Relative="true" SubIndex="1" Type="INT16" Value="1373"/>
    <Parameter Index="12" Relative="true" SubIndex="2" Type="INT16" Value="581"/>
    <Parameter Index="12" Relative="true" SubIndex="3" Type="INT16" Value="-161"/>
    <Parameter Index="12" Relative="true" SubIndex="4" Type="INT16" Value="-147"/>
    <Parameter Index="12" Relative="true" SubIndex="5" Type="INT16" Value="-93"/>
    <Parameter Index="12" Relative="true" SubIndex="6" Type="INT16" Value="-86"/>
    <Parameter Index="12" Relative="true" SubIndex="7" Type="INT16" Value="-83"/>
    <Parameter Index="12" Relative="true" SubIndex="8" Type="INT16" Value="0"/>
    <Parameter Index="29" Relative="true" SubIndex="0" Type="INT16" Value="-6254"/>
    <Parameter Index="0x40" Relative="true" SubIndex="1" Type="UINT16" Value="3"/>
    <Parameter Index="0x40" Relative="true" SubIndex="2" Type="UINT16" Value="1000"/>
    <Parameter Index="0x40" Relative="true" SubIndex="3" Type="INT16" Value="25"/>
</ServoFile>
<!--checksum 9882-->
