<?xml version="1.0" encoding="UTF-8"?>
<ServoFile xmlns:xsi="http://www.w3.org/2001/XMLSchema-instance" xsi:noNamespaceSchemaLocation="/Roboter/Config/System/Common/Schemes/Servofile.xsd">
    <Version Label="">
        <Info Version="Any"/>
        <Schema Version="1"/>
        <!--#############################################################-->
        <!--########                                             ########-->
        <!--########                  SERVO-FILE                 ########-->
        <!--########              KUKA-ROBOTER GMBH              ########-->
        <!--########                                             ########-->
        <!--#############################################################-->
        <!--ATB V1.0, DB V7.83-->
        <!--Datum: 28-Nov-2012 13:31:31-->
        <!--Motor:     I-->
        <!--Umrichter: KSP40-->
        <!--xmlFileID_I_KSP40_20121128133131_996-->
    </Version>
    <!--Fehlerquittierung-->
    <Parameter Index="0x28" Relative="true" SubIndex="0" Type="INT16" Value="1"/>
    <Parameter Index="0x28" Relative="true" SubIndex="0" Type="INT16" Value="0"/>
    <Parameter Index="0x200B" Relative="false" SubIndex="0"
        Type="UINT16" Value="0"/>
    <Parameter Index="3" Relative="true" SubIndex="1" Type="UINT16" Value="0"/>
    <Parameter Index="6" Relative="true" SubIndex="3" Type="INT16" Value="6553"/>
    <Parameter Index="8" Relative="true" SubIndex="1" Type="INT16" Value="-4637"/>
    <Parameter Index="8" Relative="true" SubIndex="2" Type="UINT16" Value="29441"/>
    <Parameter Index="8" Relative="true" SubIndex="3" Type="UINT16" Value="3680"/>
    <Parameter Index="8" Relative="true" SubIndex="4" Type="INT16" Value="27852"/>
    <Parameter Index="8" Relative="true" SubIndex="5" Type="INT16" Value="1966"/>
    <Parameter Index="9" Relative="true" SubIndex="1" Type="UINT16" Value="3574"/>
    <Parameter Index="9" Relative="true" SubIndex="2" Type="UINT16" Value="1124"/>
    <Parameter Index="9" Relative="true" SubIndex="3" Type="UINT16" Value="3574"/>
    <Parameter Index="9" Relative="true" SubIndex="4" Type="UINT16" Value="1124"/>
    <Parameter Index="9" Relative="true" SubIndex="5" Type="UINT16" Value="31"/>
    <Parameter Index="9" Relative="true" SubIndex="6" Type="INT16" Value="758"/>
    <Parameter Index="10" Relative="true" SubIndex="1" Type="INT16" Value="0"/>
    <Parameter Index="10" Relative="true" SubIndex="2" Type="INT16" Value="247"/>
    <Parameter Index="10" Relative="true" SubIndex="3" Type="INT16" Value="494"/>
    <Parameter Index="10" Relative="true" SubIndex="4" Type="INT16" Value="1706"/>
    <Parameter Index="10" Relative="true" SubIndex="5" Type="INT16" Value="2918"/>
    <Parameter Index="10" Relative="true" SubIndex="6" Type="INT16" Value="4130"/>
    <Parameter Index="10" Relative="true" SubIndex="7" Type="INT16" Value="5342"/>
    <Parameter Index="10" Relative="true" SubIndex="8" Type="INT16" Value="6553"/>
    <Parameter Index="11" Relative="true" SubIndex="1" Type="UINT16" Value="31807"/>
    <Parameter Index="11" Relative="true" SubIndex="2" Type="UINT16" Value="35745"/>
    <Parameter Index="11" Relative="true" SubIndex="3" Type="UINT16" Value="37412"/>
    <Parameter Index="11" Relative="true" SubIndex="4" Type="UINT16" Value="35268"/>
    <Parameter Index="11" Relative="true" SubIndex="5" Type="UINT16" Value="32836"/>
    <Parameter Index="11" Relative="true" SubIndex="6" Type="UINT16" Value="31220"/>
    <Parameter Index="11" Relative="true" SubIndex="7" Type="UINT16" Value="29973"/>
    <Parameter Index="11" Relative="true" SubIndex="8" Type="UINT16" Value="28762"/>
    <Parameter Index="12" Relative="true" SubIndex="1" Type="INT16" Value="1306"/>
    <Parameter Index="12" Relative="true" SubIndex="2" Type="INT16" Value="553"/>
    <Parameter Index="12" Relative="true" SubIndex="3" Type="INT16" Value="-145"/>
    <Parameter Index="12" Relative="true" SubIndex="4" Type="INT16" Value="-164"/>
    <Parameter Index="12" Relative="true" SubIndex="5" Type="INT16" Value="-109"/>
    <Parameter Index="12" Relative="true" SubIndex="6" Type="INT16" Value="-84"/>
    <Parameter Index="12" Relative="true" SubIndex="7" Type="INT16" Value="-82"/>
    <Parameter Index="12" Relative="true" SubIndex="8" Type="INT16" Value="0"/>
    <Parameter Index="29" Relative="true" SubIndex="0" Type="INT16" Value="-6254"/>
    <Parameter Index="0x40" Relative="true" SubIndex="1" Type="UINT16" Value="3"/>
    <Parameter Index="0x40" Relative="true" SubIndex="2" Type="UINT16" Value="1000"/>
    <Parameter Index="0x40" Relative="true" SubIndex="3" Type="INT16" Value="25"/>
</ServoFile>
<!--checksum 9903-->
