<?xml version="1.0" encoding="UTF-8"?>
<ServoFile xmlns:xsi="http://www.w3.org/2001/XMLSchema-instance" xsi:noNamespaceSchemaLocation="/Roboter/Config/System/Common/Schemes/Servofile.xsd">
    <Version Label="">
        <Info Version="Any"/>
        <Schema Version="1"/>
        <!--#############################################################-->
        <!--########                                             ########-->
        <!--########                  SERVO-FILE                 ########-->
        <!--########              KUKA-ROBOTER GMBH              ########-->
        <!--########                                             ########-->
        <!--#############################################################-->
        <!--ATB V1.0, DB V7.83-->
        <!--Datum: 28-Nov-2012 13:31:32-->
        <!--Motor:     I-->
        <!--Umrichter: KSP64-->
        <!--xmlFileID_I_KSP64_20121128133132_292-->
    </Version>
    <!--Fehlerquittierung-->
    <Parameter Index="0x28" Relative="true" SubIndex="0" Type="INT16" Value="1"/>
    <Parameter Index="0x28" Relative="true" SubIndex="0" Type="INT16" Value="0"/>
    <Parameter Index="0x200B" Relative="false" SubIndex="0"
        Type="UINT16" Value="0"/>
    <Parameter Index="3" Relative="true" SubIndex="1" Type="UINT16" Value="0"/>
    <Parameter Index="6" Relative="true" SubIndex="3" Type="INT16" Value="9502"/>
    <Parameter Index="8" Relative="true" SubIndex="1" Type="INT16" Value="-4997"/>
    <Parameter Index="8" Relative="true" SubIndex="2" Type="UINT16" Value="29441"/>
    <Parameter Index="8" Relative="true" SubIndex="3" Type="UINT16" Value="3680"/>
    <Parameter Index="8" Relative="true" SubIndex="4" Type="INT16" Value="27852"/>
    <Parameter Index="8" Relative="true" SubIndex="5" Type="INT16" Value="1966"/>
    <Parameter Index="9" Relative="true" SubIndex="1" Type="UINT16" Value="3384"/>
    <Parameter Index="9" Relative="true" SubIndex="2" Type="UINT16" Value="785"/>
    <Parameter Index="9" Relative="true" SubIndex="3" Type="UINT16" Value="3384"/>
    <Parameter Index="9" Relative="true" SubIndex="4" Type="UINT16" Value="785"/>
    <Parameter Index="9" Relative="true" SubIndex="5" Type="UINT16" Value="31"/>
    <Parameter Index="9" Relative="true" SubIndex="6" Type="INT16" Value="758"/>
    <Parameter Index="10" Relative="true" SubIndex="1" Type="INT16" Value="0"/>
    <Parameter Index="10" Relative="true" SubIndex="2" Type="INT16" Value="247"/>
    <Parameter Index="10" Relative="true" SubIndex="3" Type="INT16" Value="494"/>
    <Parameter Index="10" Relative="true" SubIndex="4" Type="INT16" Value="2296"/>
    <Parameter Index="10" Relative="true" SubIndex="5" Type="INT16" Value="4097"/>
    <Parameter Index="10" Relative="true" SubIndex="6" Type="INT16" Value="5899"/>
    <Parameter Index="10" Relative="true" SubIndex="7" Type="INT16" Value="7701"/>
    <Parameter Index="10" Relative="true" SubIndex="8" Type="INT16" Value="9502"/>
    <Parameter Index="11" Relative="true" SubIndex="1" Type="UINT16" Value="31806"/>
    <Parameter Index="11" Relative="true" SubIndex="2" Type="UINT16" Value="35746"/>
    <Parameter Index="11" Relative="true" SubIndex="3" Type="UINT16" Value="37412"/>
    <Parameter Index="11" Relative="true" SubIndex="4" Type="UINT16" Value="33991"/>
    <Parameter Index="11" Relative="true" SubIndex="5" Type="UINT16" Value="31256"/>
    <Parameter Index="11" Relative="true" SubIndex="6" Type="UINT16" Value="29416"/>
    <Parameter Index="11" Relative="true" SubIndex="7" Type="UINT16" Value="27636"/>
    <Parameter Index="11" Relative="true" SubIndex="8" Type="UINT16" Value="26035"/>
    <Parameter Index="12" Relative="true" SubIndex="1" Type="INT16" Value="1307"/>
    <Parameter Index="12" Relative="true" SubIndex="2" Type="INT16" Value="553"/>
    <Parameter Index="12" Relative="true" SubIndex="3" Type="INT16" Value="-156"/>
    <Parameter Index="12" Relative="true" SubIndex="4" Type="INT16" Value="-124"/>
    <Parameter Index="12" Relative="true" SubIndex="5" Type="INT16" Value="-84"/>
    <Parameter Index="12" Relative="true" SubIndex="6" Type="INT16" Value="-81"/>
    <Parameter Index="12" Relative="true" SubIndex="7" Type="INT16" Value="-73"/>
    <Parameter Index="12" Relative="true" SubIndex="8" Type="INT16" Value="0"/>
    <Parameter Index="29" Relative="true" SubIndex="0" Type="INT16" Value="-6254"/>
    <Parameter Index="0x40" Relative="true" SubIndex="1" Type="UINT16" Value="3"/>
    <Parameter Index="0x40" Relative="true" SubIndex="2" Type="UINT16" Value="1000"/>
    <Parameter Index="0x40" Relative="true" SubIndex="3" Type="INT16" Value="25"/>
</ServoFile>
<!--checksum 9809-->
