<?xml version="1.0" encoding="UTF-8"?>
<ServoFile xmlns:xsi="http://www.w3.org/2001/XMLSchema-instance" xsi:noNamespaceSchemaLocation="/Roboter/Config/System/Common/Schemes/Servofile.xsd">
    <Version Label="">
        <Info Version="Any"/>
        <Schema Version="1"/>
        <!--#############################################################-->
        <!--########                                             ########-->
        <!--########                  SERVO-FILE                 ########-->
        <!--########              KUKA-ROBOTER GMBH              ########-->
        <!--########                                             ########-->
        <!--#############################################################-->
        <!--ATB V1.0, DB V7.11-->
        <!--Datum: 24-Jun-2013 10:59:31-->
        <!--Motor:     K2-->
        <!--Umrichter: KSP40-->
        <!--xmlFileID_K2_KSP40_20130624105931_370-->
    </Version>
    <!--Fehlerquittierung-->
    <Parameter Index="0x28" Relative="true" SubIndex="0" Type="INT16" Value="1"/>
    <Parameter Index="0x28" Relative="true" SubIndex="0" Type="INT16" Value="0"/>
    <Parameter Index="0x200B" Relative="false" SubIndex="0"
        Type="UINT16" Value="1"/>
    <Parameter Index="3" Relative="true" SubIndex="1" Type="UINT16" Value="0"/>
    <Parameter Index="6" Relative="true" SubIndex="3" Type="INT16" Value="5243"/>
    <Parameter Index="8" Relative="true" SubIndex="1" Type="INT16" Value="-4637"/>
    <Parameter Index="8" Relative="true" SubIndex="2" Type="UINT16" Value="21225"/>
    <Parameter Index="8" Relative="true" SubIndex="3" Type="UINT16" Value="2653"/>
    <Parameter Index="8" Relative="true" SubIndex="4" Type="INT16" Value="27852"/>
    <Parameter Index="8" Relative="true" SubIndex="5" Type="INT16" Value="1966"/>
    <Parameter Index="9" Relative="true" SubIndex="1" Type="UINT16" Value="3352"/>
    <Parameter Index="9" Relative="true" SubIndex="2" Type="UINT16" Value="741"/>
    <Parameter Index="9" Relative="true" SubIndex="3" Type="UINT16" Value="3352"/>
    <Parameter Index="9" Relative="true" SubIndex="4" Type="UINT16" Value="741"/>
    <Parameter Index="9" Relative="true" SubIndex="5" Type="UINT16" Value="43"/>
    <Parameter Index="9" Relative="true" SubIndex="6" Type="INT16" Value="987"/>
    <Parameter Index="10" Relative="true" SubIndex="1" Type="INT16" Value="0"/>
    <Parameter Index="10" Relative="true" SubIndex="2" Type="INT16" Value="258"/>
    <Parameter Index="10" Relative="true" SubIndex="3" Type="INT16" Value="516"/>
    <Parameter Index="10" Relative="true" SubIndex="4" Type="INT16" Value="1461"/>
    <Parameter Index="10" Relative="true" SubIndex="5" Type="INT16" Value="2407"/>
    <Parameter Index="10" Relative="true" SubIndex="6" Type="INT16" Value="3352"/>
    <Parameter Index="10" Relative="true" SubIndex="7" Type="INT16" Value="4297"/>
    <Parameter Index="10" Relative="true" SubIndex="8" Type="INT16" Value="5243"/>
    <Parameter Index="11" Relative="true" SubIndex="1" Type="UINT16" Value="32031"/>
    <Parameter Index="11" Relative="true" SubIndex="2" Type="UINT16" Value="35998"/>
    <Parameter Index="11" Relative="true" SubIndex="3" Type="UINT16" Value="37676"/>
    <Parameter Index="11" Relative="true" SubIndex="4" Type="UINT16" Value="36197"/>
    <Parameter Index="11" Relative="true" SubIndex="5" Type="UINT16" Value="34214"/>
    <Parameter Index="11" Relative="true" SubIndex="6" Type="UINT16" Value="32610"/>
    <Parameter Index="11" Relative="true" SubIndex="7" Type="UINT16" Value="31459"/>
    <Parameter Index="11" Relative="true" SubIndex="8" Type="UINT16" Value="30511"/>
    <Parameter Index="12" Relative="true" SubIndex="1" Type="INT16" Value="1259"/>
    <Parameter Index="12" Relative="true" SubIndex="2" Type="INT16" Value="533"/>
    <Parameter Index="12" Relative="true" SubIndex="3" Type="INT16" Value="-128"/>
    <Parameter Index="12" Relative="true" SubIndex="4" Type="INT16" Value="-172"/>
    <Parameter Index="12" Relative="true" SubIndex="5" Type="INT16" Value="-139"/>
    <Parameter Index="12" Relative="true" SubIndex="6" Type="INT16" Value="-100"/>
    <Parameter Index="12" Relative="true" SubIndex="7" Type="INT16" Value="-82"/>
    <Parameter Index="12" Relative="true" SubIndex="8" Type="INT16" Value="0"/>
    <Parameter Index="29" Relative="true" SubIndex="0" Type="INT16" Value="-6001"/>
    <Parameter Index="0x40" Relative="true" SubIndex="1" Type="UINT16" Value="3"/>
    <Parameter Index="0x40" Relative="true" SubIndex="2" Type="UINT16" Value="1000"/>
    <Parameter Index="0x40" Relative="true" SubIndex="3" Type="INT16" Value="25"/>
</ServoFile>
<!--checksum 9902-->
