<?xml version="1.0" encoding="UTF-8"?>
<ServoFile xmlns:xsi="http://www.w3.org/2001/XMLSchema-instance" xsi:noNamespaceSchemaLocation="/Roboter/Config/System/Common/Schemes/Servofile.xsd">
    <Version Label="">
        <Info Version="Any"/>
        <Schema Version="1"/>
        <!--#############################################################-->
        <!--########                                             ########-->
        <!--########                  SERVO-FILE                 ########-->
        <!--########              KUKA-ROBOTER GMBH              ########-->
        <!--########                                             ########-->
        <!--#############################################################-->
        <!--ATB V1.0, DB V7.83-->
        <!--Datum: 28-Nov-2012 13:31:32-->
        <!--Motor:     K2-->
        <!--Umrichter: KSP64-->
        <!--xmlFileID_K2_KSP64_20121128133132_854-->
    </Version>
    <!--Fehlerquittierung-->
    <Parameter Index="0x28" Relative="true" SubIndex="0" Type="INT16" Value="1"/>
    <Parameter Index="0x28" Relative="true" SubIndex="0" Type="INT16" Value="0"/>
    <Parameter Index="0x200B" Relative="false" SubIndex="0"
        Type="UINT16" Value="0"/>
    <Parameter Index="3" Relative="true" SubIndex="1" Type="UINT16" Value="0"/>
    <Parameter Index="6" Relative="true" SubIndex="3" Type="INT16" Value="10158"/>
    <Parameter Index="8" Relative="true" SubIndex="1" Type="INT16" Value="-5620"/>
    <Parameter Index="8" Relative="true" SubIndex="2" Type="UINT16" Value="25142"/>
    <Parameter Index="8" Relative="true" SubIndex="3" Type="UINT16" Value="3143"/>
    <Parameter Index="8" Relative="true" SubIndex="4" Type="INT16" Value="27852"/>
    <Parameter Index="8" Relative="true" SubIndex="5" Type="INT16" Value="1966"/>
    <Parameter Index="9" Relative="true" SubIndex="1" Type="UINT16" Value="3977"/>
    <Parameter Index="9" Relative="true" SubIndex="2" Type="UINT16" Value="807"/>
    <Parameter Index="9" Relative="true" SubIndex="3" Type="UINT16" Value="3977"/>
    <Parameter Index="9" Relative="true" SubIndex="4" Type="UINT16" Value="807"/>
    <Parameter Index="9" Relative="true" SubIndex="5" Type="UINT16" Value="43"/>
    <Parameter Index="9" Relative="true" SubIndex="6" Type="INT16" Value="987"/>
    <Parameter Index="10" Relative="true" SubIndex="1" Type="INT16" Value="0"/>
    <Parameter Index="10" Relative="true" SubIndex="2" Type="INT16" Value="258"/>
    <Parameter Index="10" Relative="true" SubIndex="3" Type="INT16" Value="516"/>
    <Parameter Index="10" Relative="true" SubIndex="4" Type="INT16" Value="2444"/>
    <Parameter Index="10" Relative="true" SubIndex="5" Type="INT16" Value="4373"/>
    <Parameter Index="10" Relative="true" SubIndex="6" Type="INT16" Value="6301"/>
    <Parameter Index="10" Relative="true" SubIndex="7" Type="INT16" Value="8229"/>
    <Parameter Index="10" Relative="true" SubIndex="8" Type="INT16" Value="10158"/>
    <Parameter Index="11" Relative="true" SubIndex="1" Type="UINT16" Value="32031"/>
    <Parameter Index="11" Relative="true" SubIndex="2" Type="UINT16" Value="35998"/>
    <Parameter Index="11" Relative="true" SubIndex="3" Type="UINT16" Value="37676"/>
    <Parameter Index="11" Relative="true" SubIndex="4" Type="UINT16" Value="34141"/>
    <Parameter Index="11" Relative="true" SubIndex="5" Type="UINT16" Value="31379"/>
    <Parameter Index="11" Relative="true" SubIndex="6" Type="UINT16" Value="29491"/>
    <Parameter Index="11" Relative="true" SubIndex="7" Type="UINT16" Value="27662"/>
    <Parameter Index="11" Relative="true" SubIndex="8" Type="UINT16" Value="26042"/>
    <Parameter Index="12" Relative="true" SubIndex="1" Type="INT16" Value="1259"/>
    <Parameter Index="12" Relative="true" SubIndex="2" Type="INT16" Value="533"/>
    <Parameter Index="12" Relative="true" SubIndex="3" Type="INT16" Value="-150"/>
    <Parameter Index="12" Relative="true" SubIndex="4" Type="INT16" Value="-117"/>
    <Parameter Index="12" Relative="true" SubIndex="5" Type="INT16" Value="-80"/>
    <Parameter Index="12" Relative="true" SubIndex="6" Type="INT16" Value="-78"/>
    <Parameter Index="12" Relative="true" SubIndex="7" Type="INT16" Value="-69"/>
    <Parameter Index="12" Relative="true" SubIndex="8" Type="INT16" Value="0"/>
    <Parameter Index="29" Relative="true" SubIndex="0" Type="INT16" Value="-6001"/>
    <Parameter Index="0x40" Relative="true" SubIndex="1" Type="UINT16" Value="3"/>
    <Parameter Index="0x40" Relative="true" SubIndex="2" Type="UINT16" Value="1000"/>
    <Parameter Index="0x40" Relative="true" SubIndex="3" Type="INT16" Value="25"/>
</ServoFile>
<!--checksum 9973-->
