<?xml version="1.0" encoding="UTF-8"?>
<ServoFile xmlns:xsi="http://www.w3.org/2001/XMLSchema-instance" xsi:noNamespaceSchemaLocation="/Roboter/Config/System/Common/Schemes/Servofile.xsd">
    <Version Label="">
        <Info Version="Any"/>
        <Schema Version="1"/>
        <!--#############################################################-->
        <!--########                                             ########-->
        <!--########                  SERVO-FILE                 ########-->
        <!--########              KUKA-ROBOTER GMBH              ########-->
        <!--########                                             ########-->
        <!--#############################################################-->
        <!--ATB 1.35.1, DB V7.196-->
        <!--Datum: 12-Mar-2015 08:20:30-->
        <!--Motor:     K-->
        <!--Umrichter: KSP40-->
        <!--xmlFileID_K_KSP40_20150312082030_244-->
    </Version>
    <!--Fehlerquittierung-->
    <Parameter Index="0x28" Relative="true" SubIndex="0" Type="INT16" Value="1"/>
    <Parameter Index="0x28" Relative="true" SubIndex="0" Type="INT16" Value="0"/>
    <Parameter Index="0x200B" Relative="false" SubIndex="0"
        Type="UINT16" Value="2"/>
    <Parameter Index="3" Relative="true" SubIndex="1" Type="UINT16" Value="0"/>
    <Parameter Index="6" Relative="true" SubIndex="3" Type="INT16" Value="5243"/>
    <Parameter Index="8" Relative="true" SubIndex="1" Type="INT16" Value="-4633"/>
    <Parameter Index="8" Relative="true" SubIndex="2" Type="UINT16" Value="38027"/>
    <Parameter Index="8" Relative="true" SubIndex="3" Type="UINT16" Value="4753"/>
    <Parameter Index="8" Relative="true" SubIndex="4" Type="INT16" Value="27852"/>
    <Parameter Index="8" Relative="true" SubIndex="5" Type="INT16" Value="1966"/>
    <Parameter Index="9" Relative="true" SubIndex="1" Type="UINT16" Value="1869"/>
    <Parameter Index="9" Relative="true" SubIndex="2" Type="UINT16" Value="658"/>
    <Parameter Index="9" Relative="true" SubIndex="3" Type="UINT16" Value="1869"/>
    <Parameter Index="9" Relative="true" SubIndex="4" Type="UINT16" Value="658"/>
    <Parameter Index="9" Relative="true" SubIndex="5" Type="UINT16" Value="24"/>
    <Parameter Index="9" Relative="true" SubIndex="6" Type="INT16" Value="737"/>
    <Parameter Index="10" Relative="true" SubIndex="1" Type="INT16" Value="0"/>
    <Parameter Index="10" Relative="true" SubIndex="2" Type="INT16" Value="338"/>
    <Parameter Index="10" Relative="true" SubIndex="3" Type="INT16" Value="675"/>
    <Parameter Index="10" Relative="true" SubIndex="4" Type="INT16" Value="1589"/>
    <Parameter Index="10" Relative="true" SubIndex="5" Type="INT16" Value="2502"/>
    <Parameter Index="10" Relative="true" SubIndex="6" Type="INT16" Value="3416"/>
    <Parameter Index="10" Relative="true" SubIndex="7" Type="INT16" Value="4329"/>
    <Parameter Index="10" Relative="true" SubIndex="8" Type="INT16" Value="5243"/>
    <Parameter Index="11" Relative="true" SubIndex="1" Type="UINT16" Value="30871"/>
    <Parameter Index="11" Relative="true" SubIndex="2" Type="UINT16" Value="34693"/>
    <Parameter Index="11" Relative="true" SubIndex="3" Type="UINT16" Value="36311"/>
    <Parameter Index="11" Relative="true" SubIndex="4" Type="UINT16" Value="35361"/>
    <Parameter Index="11" Relative="true" SubIndex="5" Type="UINT16" Value="33960"/>
    <Parameter Index="11" Relative="true" SubIndex="6" Type="UINT16" Value="32597"/>
    <Parameter Index="11" Relative="true" SubIndex="7" Type="UINT16" Value="31487"/>
    <Parameter Index="11" Relative="true" SubIndex="8" Type="UINT16" Value="30626"/>
    <Parameter Index="12" Relative="true" SubIndex="1" Type="INT16" Value="928"/>
    <Parameter Index="12" Relative="true" SubIndex="2" Type="INT16" Value="393"/>
    <Parameter Index="12" Relative="true" SubIndex="3" Type="INT16" Value="-85"/>
    <Parameter Index="12" Relative="true" SubIndex="4" Type="INT16" Value="-126"/>
    <Parameter Index="12" Relative="true" SubIndex="5" Type="INT16" Value="-122"/>
    <Parameter Index="12" Relative="true" SubIndex="6" Type="INT16" Value="-100"/>
    <Parameter Index="12" Relative="true" SubIndex="7" Type="INT16" Value="-77"/>
    <Parameter Index="12" Relative="true" SubIndex="8" Type="INT16" Value="0"/>
    <Parameter Index="29" Relative="true" SubIndex="0" Type="INT16" Value="-8135"/>
    <Parameter Index="0x40" Relative="true" SubIndex="1" Type="UINT16" Value="3"/>
    <Parameter Index="0x40" Relative="true" SubIndex="2" Type="UINT16" Value="1000"/>
    <Parameter Index="0x40" Relative="true" SubIndex="3" Type="INT16" Value="25"/>
</ServoFile>
<!--checksum 9868-->
