<?xml version="1.0" encoding="UTF-8"?>
<ServoFile xmlns:xsi="http://www.w3.org/2001/XMLSchema-instance" xsi:noNamespaceSchemaLocation="/Roboter/Config/System/Common/Schemes/Servofile.xsd">
    <Version Label="">
        <Info Version="Any"/>
        <Schema Version="1"/>
        <!--#############################################################-->
        <!--########                                             ########-->
        <!--########                  SERVO-FILE                 ########-->
        <!--########              KUKA-ROBOTER GMBH              ########-->
        <!--########                                             ########-->
        <!--#############################################################-->
        <!--ATB V1.0, DB V7.83-->
        <!--Datum: 28-Nov-2012 13:31:33-->
        <!--Motor:     K-->
        <!--Umrichter: KSP40-->
        <!--xmlFileID_K_KSP40_20121128133133_119-->
    </Version>
    <!--Fehlerquittierung-->
    <Parameter Index="0x28" Relative="true" SubIndex="0" Type="INT16" Value="1"/>
    <Parameter Index="0x28" Relative="true" SubIndex="0" Type="INT16" Value="0"/>
    <Parameter Index="0x200B" Relative="false" SubIndex="0"
        Type="UINT16" Value="0"/>
    <Parameter Index="3" Relative="true" SubIndex="1" Type="UINT16" Value="0"/>
    <Parameter Index="6" Relative="true" SubIndex="3" Type="INT16" Value="6553"/>
    <Parameter Index="8" Relative="true" SubIndex="1" Type="INT16" Value="-4633"/>
    <Parameter Index="8" Relative="true" SubIndex="2" Type="UINT16" Value="38027"/>
    <Parameter Index="8" Relative="true" SubIndex="3" Type="UINT16" Value="4753"/>
    <Parameter Index="8" Relative="true" SubIndex="4" Type="INT16" Value="27852"/>
    <Parameter Index="8" Relative="true" SubIndex="5" Type="INT16" Value="1966"/>
    <Parameter Index="9" Relative="true" SubIndex="1" Type="UINT16" Value="2811"/>
    <Parameter Index="9" Relative="true" SubIndex="2" Type="UINT16" Value="1019"/>
    <Parameter Index="9" Relative="true" SubIndex="3" Type="UINT16" Value="2811"/>
    <Parameter Index="9" Relative="true" SubIndex="4" Type="UINT16" Value="1019"/>
    <Parameter Index="9" Relative="true" SubIndex="5" Type="UINT16" Value="24"/>
    <Parameter Index="9" Relative="true" SubIndex="6" Type="INT16" Value="737"/>
    <Parameter Index="10" Relative="true" SubIndex="1" Type="INT16" Value="0"/>
    <Parameter Index="10" Relative="true" SubIndex="2" Type="INT16" Value="338"/>
    <Parameter Index="10" Relative="true" SubIndex="3" Type="INT16" Value="675"/>
    <Parameter Index="10" Relative="true" SubIndex="4" Type="INT16" Value="1851"/>
    <Parameter Index="10" Relative="true" SubIndex="5" Type="INT16" Value="3026"/>
    <Parameter Index="10" Relative="true" SubIndex="6" Type="INT16" Value="4202"/>
    <Parameter Index="10" Relative="true" SubIndex="7" Type="INT16" Value="5378"/>
    <Parameter Index="10" Relative="true" SubIndex="8" Type="INT16" Value="6553"/>
    <Parameter Index="11" Relative="true" SubIndex="1" Type="UINT16" Value="30870"/>
    <Parameter Index="11" Relative="true" SubIndex="2" Type="UINT16" Value="34694"/>
    <Parameter Index="11" Relative="true" SubIndex="3" Type="UINT16" Value="36311"/>
    <Parameter Index="11" Relative="true" SubIndex="4" Type="UINT16" Value="34978"/>
    <Parameter Index="11" Relative="true" SubIndex="5" Type="UINT16" Value="33153"/>
    <Parameter Index="11" Relative="true" SubIndex="6" Type="UINT16" Value="31625"/>
    <Parameter Index="11" Relative="true" SubIndex="7" Type="UINT16" Value="30514"/>
    <Parameter Index="11" Relative="true" SubIndex="8" Type="UINT16" Value="29623"/>
    <Parameter Index="12" Relative="true" SubIndex="1" Type="INT16" Value="928"/>
    <Parameter Index="12" Relative="true" SubIndex="2" Type="INT16" Value="392"/>
    <Parameter Index="12" Relative="true" SubIndex="3" Type="INT16" Value="-93"/>
    <Parameter Index="12" Relative="true" SubIndex="4" Type="INT16" Value="-127"/>
    <Parameter Index="12" Relative="true" SubIndex="5" Type="INT16" Value="-107"/>
    <Parameter Index="12" Relative="true" SubIndex="6" Type="INT16" Value="-77"/>
    <Parameter Index="12" Relative="true" SubIndex="7" Type="INT16" Value="-62"/>
    <Parameter Index="12" Relative="true" SubIndex="8" Type="INT16" Value="0"/>
    <Parameter Index="29" Relative="true" SubIndex="0" Type="INT16" Value="-8135"/>
    <Parameter Index="0x40" Relative="true" SubIndex="1" Type="UINT16" Value="3"/>
    <Parameter Index="0x40" Relative="true" SubIndex="2" Type="UINT16" Value="1000"/>
    <Parameter Index="0x40" Relative="true" SubIndex="3" Type="INT16" Value="25"/>
</ServoFile>
<!--checksum 9790-->
