<?xml version="1.0" encoding="UTF-8"?>
<ServoFile xmlns:xsi="http://www.w3.org/2001/XMLSchema-instance" xsi:noNamespaceSchemaLocation="/Roboter/Config/System/Common/Schemes/Servofile.xsd">
    <Version Label="">
        <Info Version="Any"/>
        <Schema Version="1"/>
    </Version>
    <!--Fehlerquittierung-->
    <Parameter Index="0x28" Relative="true" SubIndex="0" Type="INT16" Value="1"/>
    <Parameter Index="0x28" Relative="true" SubIndex="0" Type="INT16" Value="0"/>
    <Parameter Index="0x5031" Relative="false" SubIndex="1" Type="INT32" Value="0x20080000"/>
    <Parameter Index="0x5031" Relative="false" SubIndex="2" Type="INT32" Value="0x20080000"/>
    <Parameter Index="0x5031" Relative="false" SubIndex="3" Type="INT32" Value="0x20080000"/>
    <Parameter Index="0x5031" Relative="false" SubIndex="4" Type="INT32" Value="0x20080000"/>
    <Parameter Index="0x5031" Relative="false" SubIndex="5" Type="INT32" Value="0x20080000"/>
    <Parameter Index="0x5031" Relative="false" SubIndex="6" Type="INT32" Value="0x20080000"/>
    <Parameter Index="0x5031" Relative="false" SubIndex="7" Type="INT32" Value="0x20080000"/>
    <Parameter Index="0x5031" Relative="false" SubIndex="8" Type="INT32" Value="0x20080000"/>
    <Parameter Index="0x5031" Relative="false" SubIndex="9" Type="INT32" Value="0x20080000"/>
    <Parameter Index="0x5031" Relative="false" SubIndex="10"
        Type="INT32" Value="0x20080000"/>
    <Parameter Index="0x5031" Relative="false" SubIndex="11"
        Type="INT32" Value="0x20080000"/>
    <Parameter Index="0x5031" Relative="false" SubIndex="12"
        Type="INT32" Value="0x20080000"/>
    <Parameter Index="0x5031" Relative="false" SubIndex="13"
        Type="INT32" Value="0x20080000"/>
    <Parameter Index="0x5031" Relative="false" SubIndex="14"
        Type="INT32" Value="0x20080000"/>
    <Parameter Index="0x5031" Relative="false" SubIndex="15"
        Type="INT32" Value="0x20080000"/>
    <Parameter Index="0x5031" Relative="false" SubIndex="16"
        Type="INT32" Value="0x20080000"/>
    <Parameter Index="0x5040" Relative="false" SubIndex="4"
        Type="UINT16" Value="0x96"/>
    <Parameter Index="0x5044" Relative="false" SubIndex="1"
        Type="UINT16" Value="11305"/>
    <Parameter Index="0x2047" Relative="false" SubIndex="1"
        Type="UINT16" Value="216"/>
    <Parameter Index="0x5041" Relative="false" SubIndex="2"
        Type="UINT16" Value="50"/>
    <Parameter Index="0x5043" Relative="false" SubIndex="2" Type="INT16" Value="18022"/>
    <Parameter Index="0x5043" Relative="false" SubIndex="3" Type="INT16" Value="17367"/>
</ServoFile>
