<?xml version="1.0" encoding="UTF-8"?>
<ServoFile xmlns:xsi="http://www.w3.org/2001/XMLSchema-instance" xsi:noNamespaceSchemaLocation="/Roboter/Config/System/Common/Schemes/Servofile.xsd">
    <Version Label="">
        <Info Version="Any"/>
        <Schema Version="1"/>
    </Version>
    <!--Fehlerquittierung-->
    <Parameter Index="0x28" Relative="true" SubIndex="0" Type="INT16" Value="1"/>
    <Parameter Index="0x28" Relative="true" SubIndex="0" Type="INT16" Value="0"/>
    <Parameter Index="0x31" Relative="true" SubIndex="1" Type="INT32" Value="0x20080000"/>
    <Parameter Index="0x40" Relative="true" SubIndex="4" Type="UINT16" Value="10"/>
    <Parameter Index="0x200B" Relative="false" SubIndex="0" Type="UINT16" Value="2"/>
</ServoFile>
