<?xml version="1.0" encoding="UTF-8"?>
<ServoFile xmlns:xsi="http://www.w3.org/2001/XMLSchema-instance" xsi:noNamespaceSchemaLocation="/Roboter/Config/System/Common/Schemes/Servofile.xsd">
    <Version Label="">
        <Info Version="Any"/>
        <Schema Version="1"/>
        <!--#############################################################-->
        <!--########                                             ########-->
        <!--########                  SERVO-FILE                 ########-->
        <!--########              KUKA-ROBOTER GMBH              ########-->
        <!--########                                             ########-->
        <!--#############################################################-->
        <!--ATB V1.0, DB V7.83-->
        <!--Datum: 28-Nov-2012 13:31:52-->
        <!--Motor:     L-->
        <!--Umrichter: KSP20-->
        <!--xmlFileID_L_KSP20_20121128133152_634-->
    </Version>
    <!--Fehlerquittierung-->
    <Parameter Index="0x28" Relative="true" SubIndex="0" Type="INT16" Value="1"/>
    <Parameter Index="0x28" Relative="true" SubIndex="0" Type="INT16" Value="0"/>
    <Parameter Index="0x200B" Relative="false" SubIndex="0"
        Type="UINT16" Value="1"/>
    <Parameter Index="3" Relative="true" SubIndex="1" Type="UINT16" Value="0"/>
    <Parameter Index="6" Relative="true" SubIndex="3" Type="INT16" Value="2507"/>
    <Parameter Index="8" Relative="true" SubIndex="1" Type="INT16" Value="-1049"/>
    <Parameter Index="8" Relative="true" SubIndex="2" Type="UINT16" Value="12676"/>
    <Parameter Index="8" Relative="true" SubIndex="3" Type="UINT16" Value="1584"/>
    <Parameter Index="8" Relative="true" SubIndex="4" Type="INT16" Value="27852"/>
    <Parameter Index="8" Relative="true" SubIndex="5" Type="INT16" Value="1966"/>
    <Parameter Index="9" Relative="true" SubIndex="1" Type="UINT16" Value="4997"/>
    <Parameter Index="9" Relative="true" SubIndex="2" Type="UINT16" Value="2388"/>
    <Parameter Index="9" Relative="true" SubIndex="3" Type="UINT16" Value="4997"/>
    <Parameter Index="9" Relative="true" SubIndex="4" Type="UINT16" Value="2388"/>
    <Parameter Index="9" Relative="true" SubIndex="5" Type="UINT16" Value="72"/>
    <Parameter Index="9" Relative="true" SubIndex="6" Type="INT16" Value="360"/>
    <Parameter Index="10" Relative="true" SubIndex="1" Type="INT16" Value="0"/>
    <Parameter Index="10" Relative="true" SubIndex="2" Type="INT16" Value="64"/>
    <Parameter Index="10" Relative="true" SubIndex="3" Type="INT16" Value="128"/>
    <Parameter Index="10" Relative="true" SubIndex="4" Type="INT16" Value="604"/>
    <Parameter Index="10" Relative="true" SubIndex="5" Type="INT16" Value="1079"/>
    <Parameter Index="10" Relative="true" SubIndex="6" Type="INT16" Value="1555"/>
    <Parameter Index="10" Relative="true" SubIndex="7" Type="INT16" Value="2031"/>
    <Parameter Index="10" Relative="true" SubIndex="8" Type="INT16" Value="2507"/>
    <Parameter Index="11" Relative="true" SubIndex="1" Type="UINT16" Value="31412"/>
    <Parameter Index="11" Relative="true" SubIndex="2" Type="UINT16" Value="35302"/>
    <Parameter Index="11" Relative="true" SubIndex="3" Type="UINT16" Value="36948"/>
    <Parameter Index="11" Relative="true" SubIndex="4" Type="UINT16" Value="33494"/>
    <Parameter Index="11" Relative="true" SubIndex="5" Type="UINT16" Value="30787"/>
    <Parameter Index="11" Relative="true" SubIndex="6" Type="UINT16" Value="28941"/>
    <Parameter Index="11" Relative="true" SubIndex="7" Type="UINT16" Value="27153"/>
    <Parameter Index="11" Relative="true" SubIndex="8" Type="UINT16" Value="25565"/>
    <Parameter Index="12" Relative="true" SubIndex="1" Type="INT16" Value="4987"/>
    <Parameter Index="12" Relative="true" SubIndex="2" Type="INT16" Value="2110"/>
    <Parameter Index="12" Relative="true" SubIndex="3" Type="INT16" Value="-595"/>
    <Parameter Index="12" Relative="true" SubIndex="4" Type="INT16" Value="-466"/>
    <Parameter Index="12" Relative="true" SubIndex="5" Type="INT16" Value="-318"/>
    <Parameter Index="12" Relative="true" SubIndex="6" Type="INT16" Value="-308"/>
    <Parameter Index="12" Relative="true" SubIndex="7" Type="INT16" Value="-273"/>
    <Parameter Index="12" Relative="true" SubIndex="8" Type="INT16" Value="0"/>
    <Parameter Index="29" Relative="true" SubIndex="0" Type="INT16" Value="-1308"/>
    <Parameter Index="0x40" Relative="true" SubIndex="1" Type="UINT16" Value="3"/>
    <Parameter Index="0x40" Relative="true" SubIndex="2" Type="UINT16" Value="1000"/>
    <Parameter Index="0x40" Relative="true" SubIndex="3" Type="INT16" Value="25"/>
</ServoFile>
<!--checksum 9979-->
