<?xml version="1.0" encoding="UTF-8"?>
<ServoFile xmlns:xsi="http://www.w3.org/2001/XMLSchema-instance" xsi:noNamespaceSchemaLocation="/Roboter/Config/System/Common/Schemes/Servofile.xsd">
    <Version Label="">
        <Info Version="Any"/>
        <Schema Version="1"/>
        <!--#############################################################-->
        <!--########                                             ########-->
        <!--########                  SERVO-FILE                 ########-->
        <!--########              KUKA-ROBOTER GMBH              ########-->
        <!--########                                             ########-->
        <!--#############################################################-->
        <!--ATB V1.0, DB V7.83-->
        <!--Datum: 28-Nov-2012 13:31:37-->
        <!--Motor:     MG_220_130_25_S0-->
        <!--Umrichter: KSP64-->
        <!--xmlFileID_MG_220_130_25_S0_KSP64_20121128133137_378-->
    </Version>
    <!--Fehlerquittierung-->
    <Parameter Index="0x28" Relative="true" SubIndex="0" Type="INT16" Value="1"/>
    <Parameter Index="0x28" Relative="true" SubIndex="0" Type="INT16" Value="0"/>
    <Parameter Index="0x200B" Relative="false" SubIndex="0"
        Type="UINT16" Value="0"/>
    <Parameter Index="3" Relative="true" SubIndex="1" Type="UINT16" Value="0"/>
    <Parameter Index="6" Relative="true" SubIndex="3" Type="INT16" Value="10485"/>
    <Parameter Index="8" Relative="true" SubIndex="1" Type="INT16" Value="-3244"/>
    <Parameter Index="8" Relative="true" SubIndex="2" Type="UINT16" Value="27656"/>
    <Parameter Index="8" Relative="true" SubIndex="3" Type="UINT16" Value="3457"/>
    <Parameter Index="8" Relative="true" SubIndex="4" Type="INT16" Value="27852"/>
    <Parameter Index="8" Relative="true" SubIndex="5" Type="INT16" Value="1966"/>
    <Parameter Index="9" Relative="true" SubIndex="1" Type="UINT16" Value="2045"/>
    <Parameter Index="9" Relative="true" SubIndex="2" Type="UINT16" Value="582"/>
    <Parameter Index="9" Relative="true" SubIndex="3" Type="UINT16" Value="2045"/>
    <Parameter Index="9" Relative="true" SubIndex="4" Type="UINT16" Value="582"/>
    <Parameter Index="9" Relative="true" SubIndex="5" Type="UINT16" Value="33"/>
    <Parameter Index="9" Relative="true" SubIndex="6" Type="INT16" Value="516"/>
    <Parameter Index="10" Relative="true" SubIndex="1" Type="INT16" Value="0"/>
    <Parameter Index="10" Relative="true" SubIndex="2" Type="INT16" Value="147"/>
    <Parameter Index="10" Relative="true" SubIndex="3" Type="INT16" Value="295"/>
    <Parameter Index="10" Relative="true" SubIndex="4" Type="INT16" Value="2333"/>
    <Parameter Index="10" Relative="true" SubIndex="5" Type="INT16" Value="4371"/>
    <Parameter Index="10" Relative="true" SubIndex="6" Type="INT16" Value="6409"/>
    <Parameter Index="10" Relative="true" SubIndex="7" Type="INT16" Value="8447"/>
    <Parameter Index="10" Relative="true" SubIndex="8" Type="INT16" Value="10485"/>
    <Parameter Index="11" Relative="true" SubIndex="1" Type="UINT16" Value="32073"/>
    <Parameter Index="11" Relative="true" SubIndex="2" Type="UINT16" Value="36045"/>
    <Parameter Index="11" Relative="true" SubIndex="3" Type="UINT16" Value="37725"/>
    <Parameter Index="11" Relative="true" SubIndex="4" Type="UINT16" Value="31735"/>
    <Parameter Index="11" Relative="true" SubIndex="5" Type="UINT16" Value="28237"/>
    <Parameter Index="11" Relative="true" SubIndex="6" Type="UINT16" Value="25333"/>
    <Parameter Index="11" Relative="true" SubIndex="7" Type="UINT16" Value="23673"/>
    <Parameter Index="11" Relative="true" SubIndex="8" Type="UINT16" Value="23010"/>
    <Parameter Index="12" Relative="true" SubIndex="1" Type="INT16" Value="2207"/>
    <Parameter Index="12" Relative="true" SubIndex="2" Type="INT16" Value="933"/>
    <Parameter Index="12" Relative="true" SubIndex="3" Type="INT16" Value="-241"/>
    <Parameter Index="12" Relative="true" SubIndex="4" Type="INT16" Value="-141"/>
    <Parameter Index="12" Relative="true" SubIndex="5" Type="INT16" Value="-117"/>
    <Parameter Index="12" Relative="true" SubIndex="6" Type="INT16" Value="-67"/>
    <Parameter Index="12" Relative="true" SubIndex="7" Type="INT16" Value="-27"/>
    <Parameter Index="12" Relative="true" SubIndex="8" Type="INT16" Value="0"/>
    <Parameter Index="29" Relative="true" SubIndex="0" Type="INT16" Value="-4055"/>
    <Parameter Index="0x40" Relative="true" SubIndex="1" Type="UINT16" Value="3"/>
    <Parameter Index="0x40" Relative="true" SubIndex="2" Type="UINT16" Value="1000"/>
    <Parameter Index="0x40" Relative="true" SubIndex="3" Type="INT16" Value="25"/>
</ServoFile>
<!--checksum 1855-->
