<?xml version="1.0" encoding="UTF-8"?>
<ServoFile xmlns:xsi="http://www.w3.org/2001/XMLSchema-instance" xsi:noNamespaceSchemaLocation="/Roboter/Config/System/Common/Schemes/Servofile.xsd">
    <Version Label="">
        <Info Version="Any"/>
        <Schema Version="1"/>
        <!--###############################################################-->
        <!--########                                               ########-->
        <!--########                   KR C4 sr                    ########-->
        <!--########                  Servo-File                   ########-->
        <!--########               KUKA-ROBOTER GMBH               ########-->
        <!--########                                               ########-->
        <!--###############################################################-->
        <!--ATB 1.27.0, DB V7.155-->
        <!--Datum: 08-May-2014 10:38:19-->
        <!--Motor:     MG_35_84_45-->
        <!--Umrichter: KSPsr12-->
        <!--xmlFileID_MG_35_84_45_KSPsr12_20140508103819_115-->
    </Version>
    <Parameter Index="3" Relative="true" SubIndex="1" Type="UINT16" Value="1"/>
    <Parameter Index="6" Relative="true" SubIndex="3" Type="INT16" Value="7536"/>
    <Parameter Index="8" Relative="true" SubIndex="1" Type="INT16" Value="-4031"/>
    <Parameter Index="8" Relative="true" SubIndex="3" Type="UINT16" Value="6438"/>
    <Parameter Index="8" Relative="true" SubIndex="4" Type="UINT16" Value="27852"/>
    <Parameter Index="9" Relative="true" SubIndex="1" Type="UINT16" Value="1654"/>
    <Parameter Index="9" Relative="true" SubIndex="2" Type="UINT16" Value="2270"/>
    <Parameter Index="9" Relative="true" SubIndex="3" Type="UINT16" Value="1654"/>
    <Parameter Index="9" Relative="true" SubIndex="4" Type="UINT16" Value="2270"/>
    <Parameter Index="9" Relative="true" SubIndex="5" Type="UINT16" Value="2561"/>
    <Parameter Index="9" Relative="true" SubIndex="7" Type="UINT16" Value="4465"/>
    <Parameter Index="11" Relative="true" SubIndex="1" Type="UINT16" Value="30618"/>
    <Parameter Index="11" Relative="true" SubIndex="2" Type="UINT16" Value="33601"/>
    <Parameter Index="11" Relative="true" SubIndex="3" Type="UINT16" Value="35880"/>
    <Parameter Index="11" Relative="true" SubIndex="4" Type="UINT16" Value="35948"/>
    <Parameter Index="11" Relative="true" SubIndex="5" Type="UINT16" Value="35681"/>
    <Parameter Index="11" Relative="true" SubIndex="6" Type="UINT16" Value="35350"/>
    <Parameter Index="11" Relative="true" SubIndex="7" Type="UINT16" Value="34973"/>
    <Parameter Index="11" Relative="true" SubIndex="8" Type="UINT16" Value="34564"/>
    <Parameter Index="11" Relative="true" SubIndex="9" Type="UINT16" Value="34137"/>
    <Parameter Index="11" Relative="true" SubIndex="10" Type="UINT16" Value="33704"/>
    <Parameter Index="11" Relative="true" SubIndex="11" Type="UINT16" Value="33276"/>
    <Parameter Index="11" Relative="true" SubIndex="12" Type="UINT16" Value="32861"/>
    <Parameter Index="11" Relative="true" SubIndex="13" Type="UINT16" Value="32465"/>
    <Parameter Index="11" Relative="true" SubIndex="14" Type="UINT16" Value="32093"/>
    <Parameter Index="11" Relative="true" SubIndex="15" Type="UINT16" Value="31747"/>
    <Parameter Index="11" Relative="true" SubIndex="16" Type="UINT16" Value="31427"/>
    <Parameter Index="11" Relative="true" SubIndex="17" Type="UINT16" Value="31131"/>
    <Parameter Index="11" Relative="true" SubIndex="18" Type="UINT16" Value="30858"/>
    <Parameter Index="11" Relative="true" SubIndex="19" Type="UINT16" Value="30604"/>
    <Parameter Index="11" Relative="true" SubIndex="20" Type="UINT16" Value="30367"/>
    <Parameter Index="11" Relative="true" SubIndex="21" Type="UINT16" Value="30143"/>
    <Parameter Index="11" Relative="true" SubIndex="22" Type="UINT16" Value="29928"/>
    <Parameter Index="11" Relative="true" SubIndex="23" Type="UINT16" Value="29722"/>
    <Parameter Index="11" Relative="true" SubIndex="24" Type="UINT16" Value="29520"/>
    <Parameter Index="11" Relative="true" SubIndex="25" Type="UINT16" Value="29322"/>
    <Parameter Index="11" Relative="true" SubIndex="26" Type="UINT16" Value="29322"/>
    <Parameter Index="11" Relative="true" SubIndex="27" Type="UINT16" Value="29322"/>
    <Parameter Index="11" Relative="true" SubIndex="28" Type="UINT16" Value="29322"/>
    <Parameter Index="11" Relative="true" SubIndex="29" Type="UINT16" Value="29322"/>
    <Parameter Index="11" Relative="true" SubIndex="30" Type="UINT16" Value="29322"/>
    <Parameter Index="11" Relative="true" SubIndex="31" Type="UINT16" Value="29322"/>
    <Parameter Index="11" Relative="true" SubIndex="32" Type="UINT16" Value="29322"/>
    <Parameter Index="29" Relative="true" SubIndex="0" Type="INT16" Value="5039"/>
    <Parameter Index="64" Relative="true" SubIndex="1" Type="UINT16" Value="4"/>
    <Parameter Index="64" Relative="true" SubIndex="3" Type="INT16" Value="327"/>
    <Parameter Index="67" Relative="true" SubIndex="1" Type="INT16" Value="750"/>
    <Parameter Index="67" Relative="true" SubIndex="2" Type="UINT16" Value="131"/>
</ServoFile>
<!--checksum 2257-->
