<?xml version="1.0" encoding="UTF-8"?>
<ServoFile xmlns:xsi="http://www.w3.org/2001/XMLSchema-instance" xsi:noNamespaceSchemaLocation="/Roboter/Config/System/Common/Schemes/Servofile.xsd">
    <Version Label="">
        <Info Version="Any"/>
        <Schema Version="1"/>
        <!--#############################################################-->
        <!--########                                             ########-->
        <!--########                  SERVO-FILE                 ########-->
        <!--########              KUKA-ROBOTER GMBH              ########-->
        <!--########                                             ########-->
        <!--#############################################################-->
        <!--ATB V1.0, DB V7.83-->
        <!--Datum: 28-Nov-2012 13:31:36-->
        <!--Motor:     MG_64_110_35_S0-->
        <!--Umrichter: KSP64-->
        <!--xmlFileID_MG_64_110_35_S0_KSP64_20121128133136_442-->
    </Version>
    <!--Fehlerquittierung-->
    <Parameter Index="0x28" Relative="true" SubIndex="0" Type="INT16" Value="1"/>
    <Parameter Index="0x28" Relative="true" SubIndex="0" Type="INT16" Value="0"/>
    <Parameter Index="0x200B" Relative="false" SubIndex="0"
        Type="UINT16" Value="0"/>
    <Parameter Index="3" Relative="true" SubIndex="1" Type="UINT16" Value="0"/>
    <Parameter Index="6" Relative="true" SubIndex="3" Type="INT16" Value="3932"/>
    <Parameter Index="8" Relative="true" SubIndex="1" Type="INT16" Value="-1214"/>
    <Parameter Index="8" Relative="true" SubIndex="2" Type="UINT16" Value="12676"/>
    <Parameter Index="8" Relative="true" SubIndex="3" Type="UINT16" Value="1584"/>
    <Parameter Index="8" Relative="true" SubIndex="4" Type="INT16" Value="27852"/>
    <Parameter Index="8" Relative="true" SubIndex="5" Type="INT16" Value="1966"/>
    <Parameter Index="9" Relative="true" SubIndex="1" Type="UINT16" Value="6859"/>
    <Parameter Index="9" Relative="true" SubIndex="2" Type="UINT16" Value="945"/>
    <Parameter Index="9" Relative="true" SubIndex="3" Type="UINT16" Value="6859"/>
    <Parameter Index="9" Relative="true" SubIndex="4" Type="UINT16" Value="945"/>
    <Parameter Index="9" Relative="true" SubIndex="5" Type="UINT16" Value="96"/>
    <Parameter Index="9" Relative="true" SubIndex="6" Type="INT16" Value="502"/>
    <Parameter Index="10" Relative="true" SubIndex="1" Type="INT16" Value="0"/>
    <Parameter Index="10" Relative="true" SubIndex="2" Type="INT16" Value="106"/>
    <Parameter Index="10" Relative="true" SubIndex="3" Type="INT16" Value="213"/>
    <Parameter Index="10" Relative="true" SubIndex="4" Type="INT16" Value="957"/>
    <Parameter Index="10" Relative="true" SubIndex="5" Type="INT16" Value="1701"/>
    <Parameter Index="10" Relative="true" SubIndex="6" Type="INT16" Value="2444"/>
    <Parameter Index="10" Relative="true" SubIndex="7" Type="INT16" Value="3188"/>
    <Parameter Index="10" Relative="true" SubIndex="8" Type="INT16" Value="3932"/>
    <Parameter Index="11" Relative="true" SubIndex="1" Type="UINT16" Value="32031"/>
    <Parameter Index="11" Relative="true" SubIndex="2" Type="UINT16" Value="35998"/>
    <Parameter Index="11" Relative="true" SubIndex="3" Type="UINT16" Value="37676"/>
    <Parameter Index="11" Relative="true" SubIndex="4" Type="UINT16" Value="34391"/>
    <Parameter Index="11" Relative="true" SubIndex="5" Type="UINT16" Value="31651"/>
    <Parameter Index="11" Relative="true" SubIndex="6" Type="UINT16" Value="29855"/>
    <Parameter Index="11" Relative="true" SubIndex="7" Type="UINT16" Value="28129"/>
    <Parameter Index="11" Relative="true" SubIndex="8" Type="UINT16" Value="26537"/>
    <Parameter Index="12" Relative="true" SubIndex="1" Type="INT16" Value="3051"/>
    <Parameter Index="12" Relative="true" SubIndex="2" Type="INT16" Value="1291"/>
    <Parameter Index="12" Relative="true" SubIndex="3" Type="INT16" Value="-362"/>
    <Parameter Index="12" Relative="true" SubIndex="4" Type="INT16" Value="-302"/>
    <Parameter Index="12" Relative="true" SubIndex="5" Type="INT16" Value="-198"/>
    <Parameter Index="12" Relative="true" SubIndex="6" Type="INT16" Value="-190"/>
    <Parameter Index="12" Relative="true" SubIndex="7" Type="INT16" Value="-175"/>
    <Parameter Index="12" Relative="true" SubIndex="8" Type="INT16" Value="0"/>
    <Parameter Index="29" Relative="true" SubIndex="0" Type="INT16" Value="-1517"/>
    <Parameter Index="0x40" Relative="true" SubIndex="1" Type="UINT16" Value="3"/>
    <Parameter Index="0x40" Relative="true" SubIndex="2" Type="UINT16" Value="1000"/>
    <Parameter Index="0x40" Relative="true" SubIndex="3" Type="INT16" Value="25"/>
</ServoFile>
<!--checksum 1822-->
