<?xml version="1.0" encoding="UTF-8"?>
<ServoFile xmlns:xsi="http://www.w3.org/2001/XMLSchema-instance" xsi:noNamespaceSchemaLocation="/Roboter/Config/System/Common/Schemes/Servofile.xsd">
    <Version Label="">
        <Info Version="Any"/>
        <Schema Version="1"/>
        <!--#############################################################-->
        <!--########                                             ########-->
        <!--########                  SERVO-FILE                 ########-->
        <!--########              KUKA-ROBOTER GMBH              ########-->
        <!--########                                             ########-->
        <!--#############################################################-->
        <!--ATB V1.0, DB V7.83-->
        <!--Datum: 28-Nov-2012 13:31:37-->
        <!--Motor:     MG_220_130_25_S0-->
        <!--Umrichter: KSP40-->
        <!--xmlFileID_MG_220_130_25_S0_KSP40_20121128133137_643-->
    </Version>
    <!--Fehlerquittierung-->
    <Parameter Index="0x28" Relative="true" SubIndex="0" Type="INT16" Value="1"/>
    <Parameter Index="0x28" Relative="true" SubIndex="0" Type="INT16" Value="0"/>
    <Parameter Index="0x200B" Relative="false" SubIndex="0"
        Type="UINT16" Value="0"/>
    <Parameter Index="3" Relative="true" SubIndex="1" Type="UINT16" Value="0"/>
    <Parameter Index="6" Relative="true" SubIndex="3" Type="INT16" Value="6553"/>
    <Parameter Index="8" Relative="true" SubIndex="1" Type="INT16" Value="-3244"/>
    <Parameter Index="8" Relative="true" SubIndex="2" Type="UINT16" Value="27656"/>
    <Parameter Index="8" Relative="true" SubIndex="3" Type="UINT16" Value="3457"/>
    <Parameter Index="8" Relative="true" SubIndex="4" Type="INT16" Value="27852"/>
    <Parameter Index="8" Relative="true" SubIndex="5" Type="INT16" Value="1966"/>
    <Parameter Index="9" Relative="true" SubIndex="1" Type="UINT16" Value="2289"/>
    <Parameter Index="9" Relative="true" SubIndex="2" Type="UINT16" Value="801"/>
    <Parameter Index="9" Relative="true" SubIndex="3" Type="UINT16" Value="2289"/>
    <Parameter Index="9" Relative="true" SubIndex="4" Type="UINT16" Value="801"/>
    <Parameter Index="9" Relative="true" SubIndex="5" Type="UINT16" Value="33"/>
    <Parameter Index="9" Relative="true" SubIndex="6" Type="INT16" Value="516"/>
    <Parameter Index="10" Relative="true" SubIndex="1" Type="INT16" Value="0"/>
    <Parameter Index="10" Relative="true" SubIndex="2" Type="INT16" Value="147"/>
    <Parameter Index="10" Relative="true" SubIndex="3" Type="INT16" Value="295"/>
    <Parameter Index="10" Relative="true" SubIndex="4" Type="INT16" Value="1547"/>
    <Parameter Index="10" Relative="true" SubIndex="5" Type="INT16" Value="2798"/>
    <Parameter Index="10" Relative="true" SubIndex="6" Type="INT16" Value="4050"/>
    <Parameter Index="10" Relative="true" SubIndex="7" Type="INT16" Value="5302"/>
    <Parameter Index="10" Relative="true" SubIndex="8" Type="INT16" Value="6553"/>
    <Parameter Index="11" Relative="true" SubIndex="1" Type="UINT16" Value="32074"/>
    <Parameter Index="11" Relative="true" SubIndex="2" Type="UINT16" Value="36045"/>
    <Parameter Index="11" Relative="true" SubIndex="3" Type="UINT16" Value="37725"/>
    <Parameter Index="11" Relative="true" SubIndex="4" Type="UINT16" Value="33693"/>
    <Parameter Index="11" Relative="true" SubIndex="5" Type="UINT16" Value="30888"/>
    <Parameter Index="11" Relative="true" SubIndex="6" Type="UINT16" Value="28772"/>
    <Parameter Index="11" Relative="true" SubIndex="7" Type="UINT16" Value="26778"/>
    <Parameter Index="11" Relative="true" SubIndex="8" Type="UINT16" Value="25173"/>
    <Parameter Index="12" Relative="true" SubIndex="1" Type="INT16" Value="2206"/>
    <Parameter Index="12" Relative="true" SubIndex="2" Type="INT16" Value="933"/>
    <Parameter Index="12" Relative="true" SubIndex="3" Type="INT16" Value="-264"/>
    <Parameter Index="12" Relative="true" SubIndex="4" Type="INT16" Value="-184"/>
    <Parameter Index="12" Relative="true" SubIndex="5" Type="INT16" Value="-138"/>
    <Parameter Index="12" Relative="true" SubIndex="6" Type="INT16" Value="-130"/>
    <Parameter Index="12" Relative="true" SubIndex="7" Type="INT16" Value="-105"/>
    <Parameter Index="12" Relative="true" SubIndex="8" Type="INT16" Value="0"/>
    <Parameter Index="29" Relative="true" SubIndex="0" Type="INT16" Value="-4055"/>
    <Parameter Index="0x40" Relative="true" SubIndex="1" Type="UINT16" Value="3"/>
    <Parameter Index="0x40" Relative="true" SubIndex="2" Type="UINT16" Value="1000"/>
    <Parameter Index="0x40" Relative="true" SubIndex="3" Type="INT16" Value="25"/>
</ServoFile>
<!--checksum 1886-->
