<?xml version="1.0" encoding="UTF-8"?>
<ServoFile xmlns:xsi="http://www.w3.org/2001/XMLSchema-instance" xsi:noNamespaceSchemaLocation="/Roboter/Config/System/Common/Schemes/Servofile.xsd">
    <Version Label="">
        <Info Version="Any"/>
        <Schema Version="1"/>
        <!--#############################################################-->
        <!--########                                             ########-->
        <!--########                  SERVO-FILE                 ########-->
        <!--########              KUKA-ROBOTER GMBH              ########-->
        <!--########                                             ########-->
        <!--#############################################################-->
        <!--ATB V1.0, DB V7.83-->
        <!--Datum: 28-Nov-2012 13:31:35-->
        <!--Motor:     MG_40_80_45_S0-->
        <!--Umrichter: KSP20-->
        <!--xmlFileID_MG_40_80_45_S0_KSP20_20121128133135_568-->
    </Version>
    <!--Fehlerquittierung-->
    <Parameter Index="0x28" Relative="true" SubIndex="0" Type="INT16" Value="1"/>
    <Parameter Index="0x28" Relative="true" SubIndex="0" Type="INT16" Value="0"/>
    <Parameter Index="0x200B" Relative="false" SubIndex="0"
        Type="UINT16" Value="0"/>
    <Parameter Index="3" Relative="true" SubIndex="1" Type="UINT16" Value="0"/>
    <Parameter Index="6" Relative="true" SubIndex="3" Type="INT16" Value="3113"/>
    <Parameter Index="8" Relative="true" SubIndex="1" Type="INT16" Value="-836"/>
    <Parameter Index="8" Relative="true" SubIndex="2" Type="UINT16" Value="11063"/>
    <Parameter Index="8" Relative="true" SubIndex="3" Type="UINT16" Value="1383"/>
    <Parameter Index="8" Relative="true" SubIndex="4" Type="INT16" Value="27852"/>
    <Parameter Index="8" Relative="true" SubIndex="5" Type="INT16" Value="1966"/>
    <Parameter Index="9" Relative="true" SubIndex="1" Type="UINT16" Value="8659"/>
    <Parameter Index="9" Relative="true" SubIndex="2" Type="UINT16" Value="1904"/>
    <Parameter Index="9" Relative="true" SubIndex="3" Type="UINT16" Value="8659"/>
    <Parameter Index="9" Relative="true" SubIndex="4" Type="UINT16" Value="1904"/>
    <Parameter Index="9" Relative="true" SubIndex="5" Type="UINT16" Value="110"/>
    <Parameter Index="9" Relative="true" SubIndex="6" Type="INT16" Value="459"/>
    <Parameter Index="10" Relative="true" SubIndex="1" Type="INT16" Value="0"/>
    <Parameter Index="10" Relative="true" SubIndex="2" Type="INT16" Value="82"/>
    <Parameter Index="10" Relative="true" SubIndex="3" Type="INT16" Value="164"/>
    <Parameter Index="10" Relative="true" SubIndex="4" Type="INT16" Value="754"/>
    <Parameter Index="10" Relative="true" SubIndex="5" Type="INT16" Value="1343"/>
    <Parameter Index="10" Relative="true" SubIndex="6" Type="INT16" Value="1933"/>
    <Parameter Index="10" Relative="true" SubIndex="7" Type="INT16" Value="2523"/>
    <Parameter Index="10" Relative="true" SubIndex="8" Type="INT16" Value="3113"/>
    <Parameter Index="11" Relative="true" SubIndex="1" Type="UINT16" Value="35449"/>
    <Parameter Index="11" Relative="true" SubIndex="2" Type="UINT16" Value="39840"/>
    <Parameter Index="11" Relative="true" SubIndex="3" Type="UINT16" Value="41697"/>
    <Parameter Index="11" Relative="true" SubIndex="4" Type="UINT16" Value="37938"/>
    <Parameter Index="11" Relative="true" SubIndex="5" Type="UINT16" Value="34894"/>
    <Parameter Index="11" Relative="true" SubIndex="6" Type="UINT16" Value="32864"/>
    <Parameter Index="11" Relative="true" SubIndex="7" Type="UINT16" Value="30901"/>
    <Parameter Index="11" Relative="true" SubIndex="8" Type="UINT16" Value="29122"/>
    <Parameter Index="12" Relative="true" SubIndex="1" Type="INT16" Value="4391"/>
    <Parameter Index="12" Relative="true" SubIndex="2" Type="INT16" Value="1857"/>
    <Parameter Index="12" Relative="true" SubIndex="3" Type="INT16" Value="-522"/>
    <Parameter Index="12" Relative="true" SubIndex="4" Type="INT16" Value="-423"/>
    <Parameter Index="12" Relative="true" SubIndex="5" Type="INT16" Value="-282"/>
    <Parameter Index="12" Relative="true" SubIndex="6" Type="INT16" Value="-273"/>
    <Parameter Index="12" Relative="true" SubIndex="7" Type="INT16" Value="-247"/>
    <Parameter Index="12" Relative="true" SubIndex="8" Type="INT16" Value="0"/>
    <Parameter Index="29" Relative="true" SubIndex="0" Type="INT16" Value="-1043"/>
    <Parameter Index="0x40" Relative="true" SubIndex="1" Type="UINT16" Value="3"/>
    <Parameter Index="0x40" Relative="true" SubIndex="2" Type="UINT16" Value="1000"/>
    <Parameter Index="0x40" Relative="true" SubIndex="3" Type="INT16" Value="25"/>
</ServoFile>
<!--checksum 1745-->
