<?xml version="1.0" encoding="UTF-8"?>
<ServoFile xmlns:xsi="http://www.w3.org/2001/XMLSchema-instance" xsi:noNamespaceSchemaLocation="/Roboter/Config/System/Common/Schemes/Servofile.xsd">
    <Version Label="">
        <Info Version="Any"/>
        <Schema Version="1"/>
        <!--###############################################################-->
        <!--########                                               ########-->
        <!--########                   KR C4 sr                    ########-->
        <!--########                  Servo-File                   ########-->
        <!--########               KUKA-ROBOTER GMBH               ########-->
        <!--########                                               ########-->
        <!--###############################################################-->
        <!--ATB 1.27.0, DB V7.155-->
        <!--Datum: 08-May-2014 10:38:27-->
        <!--Motor:     MG_03_40_60-->
        <!--Umrichter: KSPsr5-->
        <!--xmlFileID_MG_03_40_60_KSPsr5_20140508103827_835-->
    </Version>
    <Parameter Index="3" Relative="true" SubIndex="1" Type="UINT16" Value="1"/>
    <Parameter Index="6" Relative="true" SubIndex="3" Type="INT16" Value="2490"/>
    <Parameter Index="8" Relative="true" SubIndex="1" Type="INT16" Value="-1757"/>
    <Parameter Index="8" Relative="true" SubIndex="3" Type="UINT16" Value="12555"/>
    <Parameter Index="8" Relative="true" SubIndex="4" Type="UINT16" Value="23592"/>
    <Parameter Index="9" Relative="true" SubIndex="1" Type="UINT16" Value="1808"/>
    <Parameter Index="9" Relative="true" SubIndex="2" Type="UINT16" Value="10680"/>
    <Parameter Index="9" Relative="true" SubIndex="3" Type="UINT16" Value="1808"/>
    <Parameter Index="9" Relative="true" SubIndex="4" Type="UINT16" Value="10680"/>
    <Parameter Index="9" Relative="true" SubIndex="5" Type="UINT16" Value="2799"/>
    <Parameter Index="9" Relative="true" SubIndex="7" Type="UINT16" Value="2330"/>
    <Parameter Index="11" Relative="true" SubIndex="1" Type="UINT16" Value="30755"/>
    <Parameter Index="11" Relative="true" SubIndex="2" Type="UINT16" Value="36081"/>
    <Parameter Index="11" Relative="true" SubIndex="3" Type="UINT16" Value="35029"/>
    <Parameter Index="11" Relative="true" SubIndex="4" Type="UINT16" Value="33692"/>
    <Parameter Index="11" Relative="true" SubIndex="5" Type="UINT16" Value="32420"/>
    <Parameter Index="11" Relative="true" SubIndex="6" Type="UINT16" Value="31379"/>
    <Parameter Index="11" Relative="true" SubIndex="7" Type="UINT16" Value="30561"/>
    <Parameter Index="11" Relative="true" SubIndex="8" Type="UINT16" Value="29880"/>
    <Parameter Index="11" Relative="true" SubIndex="9" Type="UINT16" Value="29256"/>
    <Parameter Index="11" Relative="true" SubIndex="10" Type="UINT16" Value="29256"/>
    <Parameter Index="11" Relative="true" SubIndex="11" Type="UINT16" Value="29256"/>
    <Parameter Index="11" Relative="true" SubIndex="12" Type="UINT16" Value="29256"/>
    <Parameter Index="11" Relative="true" SubIndex="13" Type="UINT16" Value="29256"/>
    <Parameter Index="11" Relative="true" SubIndex="14" Type="UINT16" Value="29256"/>
    <Parameter Index="11" Relative="true" SubIndex="15" Type="UINT16" Value="29256"/>
    <Parameter Index="11" Relative="true" SubIndex="16" Type="UINT16" Value="29256"/>
    <Parameter Index="11" Relative="true" SubIndex="17" Type="UINT16" Value="29256"/>
    <Parameter Index="11" Relative="true" SubIndex="18" Type="UINT16" Value="29256"/>
    <Parameter Index="11" Relative="true" SubIndex="19" Type="UINT16" Value="29256"/>
    <Parameter Index="11" Relative="true" SubIndex="20" Type="UINT16" Value="29256"/>
    <Parameter Index="11" Relative="true" SubIndex="21" Type="UINT16" Value="29256"/>
    <Parameter Index="11" Relative="true" SubIndex="22" Type="UINT16" Value="29256"/>
    <Parameter Index="11" Relative="true" SubIndex="23" Type="UINT16" Value="29256"/>
    <Parameter Index="11" Relative="true" SubIndex="24" Type="UINT16" Value="29256"/>
    <Parameter Index="11" Relative="true" SubIndex="25" Type="UINT16" Value="29256"/>
    <Parameter Index="11" Relative="true" SubIndex="26" Type="UINT16" Value="29256"/>
    <Parameter Index="11" Relative="true" SubIndex="27" Type="UINT16" Value="29256"/>
    <Parameter Index="11" Relative="true" SubIndex="28" Type="UINT16" Value="29256"/>
    <Parameter Index="11" Relative="true" SubIndex="29" Type="UINT16" Value="29256"/>
    <Parameter Index="11" Relative="true" SubIndex="30" Type="UINT16" Value="29256"/>
    <Parameter Index="11" Relative="true" SubIndex="31" Type="UINT16" Value="29256"/>
    <Parameter Index="11" Relative="true" SubIndex="32" Type="UINT16" Value="29256"/>
    <Parameter Index="29" Relative="true" SubIndex="0" Type="INT16" Value="2198"/>
    <Parameter Index="64" Relative="true" SubIndex="1" Type="UINT16" Value="4"/>
    <Parameter Index="64" Relative="true" SubIndex="3" Type="INT16" Value="327"/>
    <Parameter Index="67" Relative="true" SubIndex="1" Type="INT16" Value="750"/>
    <Parameter Index="67" Relative="true" SubIndex="2" Type="UINT16" Value="131"/>
</ServoFile>
<!--checksum 2418-->
