<?xml version="1.0" encoding="UTF-8"?>
<ServoFile xmlns:xsi="http://www.w3.org/2001/XMLSchema-instance" xsi:noNamespaceSchemaLocation="/Roboter/Config/System/Common/Schemes/Servofile.xsd">
    <Version Label="">
        <Info Version="Any"/>
        <Schema Version="1"/>
        <!--#############################################################-->
        <!--########                                             ########-->
        <!--########                  SERVO-FILE                 ########-->
        <!--########              KUKA-ROBOTER GMBH              ########-->
        <!--########                                             ########-->
        <!--#############################################################-->
        <!--ATB 1.35.1, DB V7.197-->
        <!--Datum: 24-Mar-2015 17:57:43-->
        <!--Motor:     MG_8_40_45_S0-->
        <!--Umrichter: KSP40-->
        <!--xmlFileID_MG_8_40_45_S0_KSP40_20150324175743_016-->
    </Version>
    <!--Fehlerquittierung-->
    <Parameter Index="0x28" Relative="true" SubIndex="0" Type="INT16" Value="1"/>
    <Parameter Index="0x28" Relative="true" SubIndex="0" Type="INT16" Value="0"/>
    <Parameter Index="0x200B" Relative="false" SubIndex="0"
        Type="UINT16" Value="2"/>
    <Parameter Index="3" Relative="true" SubIndex="1" Type="UINT16" Value="0"/>
    <Parameter Index="6" Relative="true" SubIndex="3" Type="INT16" Value="983"/>
    <Parameter Index="8" Relative="true" SubIndex="1" Type="INT16" Value="-688"/>
    <Parameter Index="8" Relative="true" SubIndex="2" Type="UINT16" Value="16012"/>
    <Parameter Index="8" Relative="true" SubIndex="3" Type="UINT16" Value="2001"/>
    <Parameter Index="8" Relative="true" SubIndex="4" Type="INT16" Value="27852"/>
    <Parameter Index="8" Relative="true" SubIndex="5" Type="INT16" Value="1966"/>
    <Parameter Index="9" Relative="true" SubIndex="1" Type="UINT16" Value="5859"/>
    <Parameter Index="9" Relative="true" SubIndex="2" Type="UINT16" Value="7043"/>
    <Parameter Index="9" Relative="true" SubIndex="3" Type="UINT16" Value="5859"/>
    <Parameter Index="9" Relative="true" SubIndex="4" Type="UINT16" Value="7043"/>
    <Parameter Index="9" Relative="true" SubIndex="5" Type="UINT16" Value="76"/>
    <Parameter Index="9" Relative="true" SubIndex="6" Type="INT16" Value="306"/>
    <Parameter Index="10" Relative="true" SubIndex="1" Type="INT16" Value="0"/>
    <Parameter Index="10" Relative="true" SubIndex="2" Type="INT16" Value="54"/>
    <Parameter Index="10" Relative="true" SubIndex="3" Type="INT16" Value="109"/>
    <Parameter Index="10" Relative="true" SubIndex="4" Type="INT16" Value="284"/>
    <Parameter Index="10" Relative="true" SubIndex="5" Type="INT16" Value="459"/>
    <Parameter Index="10" Relative="true" SubIndex="6" Type="INT16" Value="633"/>
    <Parameter Index="10" Relative="true" SubIndex="7" Type="INT16" Value="808"/>
    <Parameter Index="10" Relative="true" SubIndex="8" Type="INT16" Value="983"/>
    <Parameter Index="11" Relative="true" SubIndex="1" Type="UINT16" Value="31152"/>
    <Parameter Index="11" Relative="true" SubIndex="2" Type="UINT16" Value="35009"/>
    <Parameter Index="11" Relative="true" SubIndex="3" Type="UINT16" Value="36641"/>
    <Parameter Index="11" Relative="true" SubIndex="4" Type="UINT16" Value="35436"/>
    <Parameter Index="11" Relative="true" SubIndex="5" Type="UINT16" Value="33737"/>
    <Parameter Index="11" Relative="true" SubIndex="6" Type="UINT16" Value="32235"/>
    <Parameter Index="11" Relative="true" SubIndex="7" Type="UINT16" Value="31110"/>
    <Parameter Index="11" Relative="true" SubIndex="8" Type="UINT16" Value="30234"/>
    <Parameter Index="12" Relative="true" SubIndex="1" Type="INT16" Value="5801"/>
    <Parameter Index="12" Relative="true" SubIndex="2" Type="INT16" Value="2454"/>
    <Parameter Index="12" Relative="true" SubIndex="3" Type="INT16" Value="-565"/>
    <Parameter Index="12" Relative="true" SubIndex="4" Type="INT16" Value="-796"/>
    <Parameter Index="12" Relative="true" SubIndex="5" Type="INT16" Value="-704"/>
    <Parameter Index="12" Relative="true" SubIndex="6" Type="INT16" Value="-527"/>
    <Parameter Index="12" Relative="true" SubIndex="7" Type="INT16" Value="-411"/>
    <Parameter Index="12" Relative="true" SubIndex="8" Type="INT16" Value="0"/>
    <Parameter Index="29" Relative="true" SubIndex="0" Type="INT16" Value="-1054"/>
    <Parameter Index="0x40" Relative="true" SubIndex="1" Type="UINT16" Value="3"/>
    <Parameter Index="0x40" Relative="true" SubIndex="2" Type="UINT16" Value="1000"/>
    <Parameter Index="0x40" Relative="true" SubIndex="3" Type="INT16" Value="25"/>
</ServoFile>
<!--checksum 1442-->
