<?xml version="1.0" encoding="UTF-8"?>
<ServoFile xmlns:xsi="http://www.w3.org/2001/XMLSchema-instance" xsi:noNamespaceSchemaLocation="/Roboter/Config/System/Common/Schemes/Servofile.xsd">
    <Version Label="">
        <Info Version="Any"/>
        <Schema Version="1"/>
        <!--#############################################################-->
        <!--########                                             ########-->
        <!--########                  SERVO-FILE                 ########-->
        <!--########              KUKA-ROBOTER GMBH              ########-->
        <!--########                                             ########-->
        <!--#############################################################-->
        <!--ATB V1.0, DB V7.83-->
        <!--Datum: 28-Nov-2012 13:31:36-->
        <!--Motor:     MG_120_110_25_S0-->
        <!--Umrichter: KSP40-->
        <!--xmlFileID_MG_120_110_25_S0_KSP40_20121128133136_785-->
    </Version>
    <!--Fehlerquittierung-->
    <Parameter Index="0x28" Relative="true" SubIndex="0" Type="INT16" Value="1"/>
    <Parameter Index="0x28" Relative="true" SubIndex="0" Type="INT16" Value="0"/>
    <Parameter Index="0x200B" Relative="false" SubIndex="0"
        Type="UINT16" Value="0"/>
    <Parameter Index="3" Relative="true" SubIndex="1" Type="UINT16" Value="0"/>
    <Parameter Index="6" Relative="true" SubIndex="3" Type="INT16" Value="5079"/>
    <Parameter Index="8" Relative="true" SubIndex="1" Type="INT16" Value="-1402"/>
    <Parameter Index="8" Relative="true" SubIndex="2" Type="UINT16" Value="11373"/>
    <Parameter Index="8" Relative="true" SubIndex="3" Type="UINT16" Value="1422"/>
    <Parameter Index="8" Relative="true" SubIndex="4" Type="INT16" Value="27852"/>
    <Parameter Index="8" Relative="true" SubIndex="5" Type="INT16" Value="1966"/>
    <Parameter Index="9" Relative="true" SubIndex="1" Type="UINT16" Value="7725"/>
    <Parameter Index="9" Relative="true" SubIndex="2" Type="UINT16" Value="1202"/>
    <Parameter Index="9" Relative="true" SubIndex="3" Type="UINT16" Value="7725"/>
    <Parameter Index="9" Relative="true" SubIndex="4" Type="UINT16" Value="1202"/>
    <Parameter Index="9" Relative="true" SubIndex="5" Type="UINT16" Value="107"/>
    <Parameter Index="9" Relative="true" SubIndex="6" Type="INT16" Value="743"/>
    <Parameter Index="10" Relative="true" SubIndex="1" Type="INT16" Value="0"/>
    <Parameter Index="10" Relative="true" SubIndex="2" Type="INT16" Value="147"/>
    <Parameter Index="10" Relative="true" SubIndex="3" Type="INT16" Value="295"/>
    <Parameter Index="10" Relative="true" SubIndex="4" Type="INT16" Value="1252"/>
    <Parameter Index="10" Relative="true" SubIndex="5" Type="INT16" Value="2208"/>
    <Parameter Index="10" Relative="true" SubIndex="6" Type="INT16" Value="3165"/>
    <Parameter Index="10" Relative="true" SubIndex="7" Type="INT16" Value="4122"/>
    <Parameter Index="10" Relative="true" SubIndex="8" Type="INT16" Value="5079"/>
    <Parameter Index="11" Relative="true" SubIndex="1" Type="UINT16" Value="32031"/>
    <Parameter Index="11" Relative="true" SubIndex="2" Type="UINT16" Value="35998"/>
    <Parameter Index="11" Relative="true" SubIndex="3" Type="UINT16" Value="37676"/>
    <Parameter Index="11" Relative="true" SubIndex="4" Type="UINT16" Value="34652"/>
    <Parameter Index="11" Relative="true" SubIndex="5" Type="UINT16" Value="31944"/>
    <Parameter Index="11" Relative="true" SubIndex="6" Type="UINT16" Value="30225"/>
    <Parameter Index="11" Relative="true" SubIndex="7" Type="UINT16" Value="28614"/>
    <Parameter Index="11" Relative="true" SubIndex="8" Type="UINT16" Value="27076"/>
    <Parameter Index="12" Relative="true" SubIndex="1" Type="INT16" Value="2204"/>
    <Parameter Index="12" Relative="true" SubIndex="2" Type="INT16" Value="932"/>
    <Parameter Index="12" Relative="true" SubIndex="3" Type="INT16" Value="-259"/>
    <Parameter Index="12" Relative="true" SubIndex="4" Type="INT16" Value="-232"/>
    <Parameter Index="12" Relative="true" SubIndex="5" Type="INT16" Value="-147"/>
    <Parameter Index="12" Relative="true" SubIndex="6" Type="INT16" Value="-138"/>
    <Parameter Index="12" Relative="true" SubIndex="7" Type="INT16" Value="-132"/>
    <Parameter Index="12" Relative="true" SubIndex="8" Type="INT16" Value="0"/>
    <Parameter Index="29" Relative="true" SubIndex="0" Type="INT16" Value="-1752"/>
    <Parameter Index="0x40" Relative="true" SubIndex="1" Type="UINT16" Value="3"/>
    <Parameter Index="0x40" Relative="true" SubIndex="2" Type="UINT16" Value="1000"/>
    <Parameter Index="0x40" Relative="true" SubIndex="3" Type="INT16" Value="25"/>
</ServoFile>
<!--checksum 1975-->
