<?xml version="1.0" encoding="UTF-8"?>
<ServoFile xmlns:xsi="http://www.w3.org/2001/XMLSchema-instance" xsi:noNamespaceSchemaLocation="/Roboter/Config/System/Common/Schemes/Servofile.xsd">
    <Version Label="">
        <Info Version="Any"/>
        <Schema Version="1"/>
        <!--###############################################################-->
        <!--########                                               ########-->
        <!--########                   KR C4 sr                    ########-->
        <!--########                  Servo-File                   ########-->
        <!--########               KUKA-ROBOTER GMBH               ########-->
        <!--########                                               ########-->
        <!--###############################################################-->
        <!--ATB 1.27.0, DB V7.155-->
        <!--Datum: 08-May-2014 10:38:15-->
        <!--Motor:     MG_20_84_45-->
        <!--Umrichter: KSPsr12-->
        <!--xmlFileID_MG_20_84_45_KSPsr12_20140508103815_823-->
    </Version>
    <Parameter Index="3" Relative="true" SubIndex="1" Type="UINT16" Value="1"/>
    <Parameter Index="6" Relative="true" SubIndex="3" Type="INT16" Value="7536"/>
    <Parameter Index="8" Relative="true" SubIndex="1" Type="INT16" Value="-2687"/>
    <Parameter Index="8" Relative="true" SubIndex="3" Type="UINT16" Value="6200"/>
    <Parameter Index="8" Relative="true" SubIndex="4" Type="UINT16" Value="27852"/>
    <Parameter Index="9" Relative="true" SubIndex="1" Type="UINT16" Value="1551"/>
    <Parameter Index="9" Relative="true" SubIndex="2" Type="UINT16" Value="2908"/>
    <Parameter Index="9" Relative="true" SubIndex="3" Type="UINT16" Value="1551"/>
    <Parameter Index="9" Relative="true" SubIndex="4" Type="UINT16" Value="2908"/>
    <Parameter Index="9" Relative="true" SubIndex="5" Type="UINT16" Value="2401"/>
    <Parameter Index="9" Relative="true" SubIndex="7" Type="UINT16" Value="3102"/>
    <Parameter Index="11" Relative="true" SubIndex="1" Type="UINT16" Value="32663"/>
    <Parameter Index="11" Relative="true" SubIndex="2" Type="UINT16" Value="37678"/>
    <Parameter Index="11" Relative="true" SubIndex="3" Type="UINT16" Value="38318"/>
    <Parameter Index="11" Relative="true" SubIndex="4" Type="UINT16" Value="37826"/>
    <Parameter Index="11" Relative="true" SubIndex="5" Type="UINT16" Value="37201"/>
    <Parameter Index="11" Relative="true" SubIndex="6" Type="UINT16" Value="36502"/>
    <Parameter Index="11" Relative="true" SubIndex="7" Type="UINT16" Value="35782"/>
    <Parameter Index="11" Relative="true" SubIndex="8" Type="UINT16" Value="35081"/>
    <Parameter Index="11" Relative="true" SubIndex="9" Type="UINT16" Value="34431"/>
    <Parameter Index="11" Relative="true" SubIndex="10" Type="UINT16" Value="33844"/>
    <Parameter Index="11" Relative="true" SubIndex="11" Type="UINT16" Value="33325"/>
    <Parameter Index="11" Relative="true" SubIndex="12" Type="UINT16" Value="32866"/>
    <Parameter Index="11" Relative="true" SubIndex="13" Type="UINT16" Value="32456"/>
    <Parameter Index="11" Relative="true" SubIndex="14" Type="UINT16" Value="32082"/>
    <Parameter Index="11" Relative="true" SubIndex="15" Type="UINT16" Value="31733"/>
    <Parameter Index="11" Relative="true" SubIndex="16" Type="UINT16" Value="31398"/>
    <Parameter Index="11" Relative="true" SubIndex="17" Type="UINT16" Value="31071"/>
    <Parameter Index="11" Relative="true" SubIndex="18" Type="UINT16" Value="30746"/>
    <Parameter Index="11" Relative="true" SubIndex="19" Type="UINT16" Value="30422"/>
    <Parameter Index="11" Relative="true" SubIndex="20" Type="UINT16" Value="30097"/>
    <Parameter Index="11" Relative="true" SubIndex="21" Type="UINT16" Value="29773"/>
    <Parameter Index="11" Relative="true" SubIndex="22" Type="UINT16" Value="29449"/>
    <Parameter Index="11" Relative="true" SubIndex="23" Type="UINT16" Value="29126"/>
    <Parameter Index="11" Relative="true" SubIndex="24" Type="UINT16" Value="28807"/>
    <Parameter Index="11" Relative="true" SubIndex="25" Type="UINT16" Value="28491"/>
    <Parameter Index="11" Relative="true" SubIndex="26" Type="UINT16" Value="28491"/>
    <Parameter Index="11" Relative="true" SubIndex="27" Type="UINT16" Value="28491"/>
    <Parameter Index="11" Relative="true" SubIndex="28" Type="UINT16" Value="28491"/>
    <Parameter Index="11" Relative="true" SubIndex="29" Type="UINT16" Value="28491"/>
    <Parameter Index="11" Relative="true" SubIndex="30" Type="UINT16" Value="28491"/>
    <Parameter Index="11" Relative="true" SubIndex="31" Type="UINT16" Value="28491"/>
    <Parameter Index="11" Relative="true" SubIndex="32" Type="UINT16" Value="28491"/>
    <Parameter Index="29" Relative="true" SubIndex="0" Type="INT16" Value="3371"/>
    <Parameter Index="64" Relative="true" SubIndex="1" Type="UINT16" Value="4"/>
    <Parameter Index="64" Relative="true" SubIndex="3" Type="INT16" Value="327"/>
    <Parameter Index="67" Relative="true" SubIndex="1" Type="INT16" Value="750"/>
    <Parameter Index="67" Relative="true" SubIndex="2" Type="UINT16" Value="131"/>
</ServoFile>
<!--checksum 2297-->
