<?xml version="1.0" encoding="UTF-8"?>
<ServoFile xmlns:xsi="http://www.w3.org/2001/XMLSchema-instance" xsi:noNamespaceSchemaLocation="/Roboter/Config/System/Common/Schemes/Servofile.xsd">
    <Version Label="">
        <Info Version="Any"/>
        <Schema Version="1"/>
        <!--#############################################################-->
        <!--########                                             ########-->
        <!--########                  SERVO-FILE                 ########-->
        <!--########              KUKA ROBOTER GMBH              ########-->
        <!--########                                             ########-->
        <!--#############################################################-->
        <!--ATB 1.35.1, DB V7.194-->
        <!--Datum: 26-Feb-2015 14:20:09-->
        <!--Motor:     ML85-->
        <!--Umrichter: PDS_20-->
        <!--xmlFileID_ML85_PDS_20_20150226142009-->
    </Version>
    <Parameter Index="0x20" Relative="true" SubIndex="1" Type="UINT16" Value="5529"/>
    <Parameter Index="0x20" Relative="true" SubIndex="2" Type="UINT16" Value="736"/>
    <Parameter Index="0x20" Relative="true" SubIndex="3" Type="INT16" Value="-11546"/>
    <Parameter Index="0x20" Relative="true" SubIndex="4" Type="UINT16" Value="1684"/>
    <Parameter Index="0x20" Relative="true" SubIndex="5" Type="UINT16" Value="3379"/>
    <Parameter Index="0x20" Relative="true" SubIndex="6" Type="UINT16" Value="8167"/>
    <Parameter Index="0x20" Relative="true" SubIndex="7" Type="INT16" Value="-7723"/>
    <Parameter Index="0x20" Relative="true" SubIndex="8" Type="UINT16" Value="52428"/>
    <Parameter Index="0x20" Relative="true" SubIndex="9" Type="INT16" Value="10923"/>
    <Parameter Index="0x20" Relative="true" SubIndex="21" Type="UINT16" Value="16334"/>
    <Parameter Index="0x20" Relative="true" SubIndex="22" Type="UINT16" Value="8167"/>
    <Parameter Index="0x20" Relative="true" SubIndex="23" Type="UINT16" Value="55705"/>
    <Parameter Index="0x20" Relative="true" SubIndex="24" Type="UINT16" Value="6266"/>
    <Parameter Index="0x20" Relative="true" SubIndex="25" Type="UINT8" Value="1"/>
    <Parameter Index="0x10" Relative="true" SubIndex="1" Type="UINT16" Value="35509"/>
    <Parameter Index="0x10" Relative="true" SubIndex="2" Type="UINT16" Value="35392"/>
    <Parameter Index="0x10" Relative="true" SubIndex="3" Type="UINT16" Value="35081"/>
    <Parameter Index="0x10" Relative="true" SubIndex="4" Type="UINT16" Value="34666"/>
    <Parameter Index="0x10" Relative="true" SubIndex="5" Type="UINT16" Value="34244"/>
    <Parameter Index="0x10" Relative="true" SubIndex="6" Type="UINT16" Value="33874"/>
    <Parameter Index="0x10" Relative="true" SubIndex="7" Type="UINT16" Value="33569"/>
    <Parameter Index="0x10" Relative="true" SubIndex="8" Type="UINT16" Value="33311"/>
    <Parameter Index="0x10" Relative="true" SubIndex="9" Type="UINT16" Value="33074"/>
    <Parameter Index="0x10" Relative="true" SubIndex="10" Type="UINT16" Value="32835"/>
    <Parameter Index="0x10" Relative="true" SubIndex="11" Type="UINT16" Value="32583"/>
    <Parameter Index="0x10" Relative="true" SubIndex="12" Type="UINT16" Value="32315"/>
    <Parameter Index="0x10" Relative="true" SubIndex="13" Type="UINT16" Value="32033"/>
    <Parameter Index="0x10" Relative="true" SubIndex="14" Type="UINT16" Value="31743"/>
    <Parameter Index="0x10" Relative="true" SubIndex="15" Type="UINT16" Value="31448"/>
    <Parameter Index="0x10" Relative="true" SubIndex="16" Type="UINT16" Value="31157"/>
    <Parameter Index="0x10" Relative="true" SubIndex="17" Type="UINT16" Value="30873"/>
    <Parameter Index="0x10" Relative="true" SubIndex="18" Type="UINT16" Value="30601"/>
    <Parameter Index="0x10" Relative="true" SubIndex="19" Type="UINT16" Value="30346"/>
    <Parameter Index="0x10" Relative="true" SubIndex="20" Type="UINT16" Value="30110"/>
    <Parameter Index="0x10" Relative="true" SubIndex="21" Type="UINT16" Value="29895"/>
    <Parameter Index="0x10" Relative="true" SubIndex="22" Type="UINT16" Value="29702"/>
    <Parameter Index="0x10" Relative="true" SubIndex="23" Type="UINT16" Value="29643"/>
    <Parameter Index="0x10" Relative="true" SubIndex="24" Type="UINT16" Value="29643"/>
    <Parameter Index="0x10" Relative="true" SubIndex="25" Type="UINT16" Value="29643"/>
    <Parameter Index="0x10" Relative="true" SubIndex="26" Type="UINT16" Value="29643"/>
    <Parameter Index="0x10" Relative="true" SubIndex="27" Type="UINT16" Value="29643"/>
    <Parameter Index="0x10" Relative="true" SubIndex="28" Type="UINT16" Value="29643"/>
    <Parameter Index="0x10" Relative="true" SubIndex="29" Type="UINT16" Value="29643"/>
    <Parameter Index="0x10" Relative="true" SubIndex="30" Type="UINT16" Value="29643"/>
    <Parameter Index="0x10" Relative="true" SubIndex="31" Type="UINT16" Value="29643"/>
    <Parameter Index="0x10" Relative="true" SubIndex="32" Type="UINT16" Value="29643"/>
    <Parameter Index="0x10" Relative="true" SubIndex="33" Type="UINT16" Value="29643"/>
</ServoFile>
<!--checksum 165-->
