<?xml version="1.0" encoding="UTF-8"?>
<ServoFile xmlns:xsi="http://www.w3.org/2001/XMLSchema-instance" xsi:noNamespaceSchemaLocation="/Roboter/Config/System/Common/Schemes/Servofile.xsd">
    <Version Label="">
        <Info Version="Any"/>
        <Schema Version="1"/>
        <!--#############################################################-->
        <!--########                                             ########-->
        <!--########                  SERVO-FILE                 ########-->
        <!--########              KUKA ROBOTER GMBH              ########-->
        <!--########                                             ########-->
        <!--#############################################################-->
        <!--ATB 1.35.1, DB V7.194-->
        <!--Datum: 26-Feb-2015 14:20:08-->
        <!--Motor:     ML70-->
        <!--Umrichter: PDS_20-->
        <!--xmlFileID_ML70_PDS_20_20150226142008-->
    </Version>
    <Parameter Index="0x20" Relative="true" SubIndex="1" Type="UINT16" Value="6284"/>
    <Parameter Index="0x20" Relative="true" SubIndex="2" Type="UINT16" Value="1005"/>
    <Parameter Index="0x20" Relative="true" SubIndex="3" Type="INT16" Value="-5590"/>
    <Parameter Index="0x20" Relative="true" SubIndex="4" Type="UINT16" Value="1327"/>
    <Parameter Index="0x20" Relative="true" SubIndex="5" Type="UINT16" Value="5502"/>
    <Parameter Index="0x20" Relative="true" SubIndex="6" Type="UINT16" Value="4180"/>
    <Parameter Index="0x20" Relative="true" SubIndex="7" Type="INT16" Value="-4829"/>
    <Parameter Index="0x20" Relative="true" SubIndex="8" Type="UINT16" Value="52428"/>
    <Parameter Index="0x20" Relative="true" SubIndex="9" Type="INT16" Value="9940"/>
    <Parameter Index="0x20" Relative="true" SubIndex="21" Type="UINT16" Value="8360"/>
    <Parameter Index="0x20" Relative="true" SubIndex="22" Type="UINT16" Value="4180"/>
    <Parameter Index="0x20" Relative="true" SubIndex="23" Type="UINT16" Value="55705"/>
    <Parameter Index="0x20" Relative="true" SubIndex="24" Type="UINT16" Value="6266"/>
    <Parameter Index="0x20" Relative="true" SubIndex="25" Type="UINT8" Value="1"/>
    <Parameter Index="0x10" Relative="true" SubIndex="1" Type="UINT16" Value="32268"/>
    <Parameter Index="0x10" Relative="true" SubIndex="2" Type="UINT16" Value="32693"/>
    <Parameter Index="0x10" Relative="true" SubIndex="3" Type="UINT16" Value="33381"/>
    <Parameter Index="0x10" Relative="true" SubIndex="4" Type="UINT16" Value="33608"/>
    <Parameter Index="0x10" Relative="true" SubIndex="5" Type="UINT16" Value="33394"/>
    <Parameter Index="0x10" Relative="true" SubIndex="6" Type="UINT16" Value="32997"/>
    <Parameter Index="0x10" Relative="true" SubIndex="7" Type="UINT16" Value="32542"/>
    <Parameter Index="0x10" Relative="true" SubIndex="8" Type="UINT16" Value="32072"/>
    <Parameter Index="0x10" Relative="true" SubIndex="9" Type="UINT16" Value="31609"/>
    <Parameter Index="0x10" Relative="true" SubIndex="10" Type="UINT16" Value="31167"/>
    <Parameter Index="0x10" Relative="true" SubIndex="11" Type="UINT16" Value="30757"/>
    <Parameter Index="0x10" Relative="true" SubIndex="12" Type="UINT16" Value="30384"/>
    <Parameter Index="0x10" Relative="true" SubIndex="13" Type="UINT16" Value="30048"/>
    <Parameter Index="0x10" Relative="true" SubIndex="14" Type="UINT16" Value="29747"/>
    <Parameter Index="0x10" Relative="true" SubIndex="15" Type="UINT16" Value="29475"/>
    <Parameter Index="0x10" Relative="true" SubIndex="16" Type="UINT16" Value="29226"/>
    <Parameter Index="0x10" Relative="true" SubIndex="17" Type="UINT16" Value="28996"/>
    <Parameter Index="0x10" Relative="true" SubIndex="18" Type="UINT16" Value="28779"/>
    <Parameter Index="0x10" Relative="true" SubIndex="19" Type="UINT16" Value="28570"/>
    <Parameter Index="0x10" Relative="true" SubIndex="20" Type="UINT16" Value="28367"/>
    <Parameter Index="0x10" Relative="true" SubIndex="21" Type="UINT16" Value="28166"/>
    <Parameter Index="0x10" Relative="true" SubIndex="22" Type="UINT16" Value="28069"/>
    <Parameter Index="0x10" Relative="true" SubIndex="23" Type="UINT16" Value="28069"/>
    <Parameter Index="0x10" Relative="true" SubIndex="24" Type="UINT16" Value="28069"/>
    <Parameter Index="0x10" Relative="true" SubIndex="25" Type="UINT16" Value="28069"/>
    <Parameter Index="0x10" Relative="true" SubIndex="26" Type="UINT16" Value="28069"/>
    <Parameter Index="0x10" Relative="true" SubIndex="27" Type="UINT16" Value="28069"/>
    <Parameter Index="0x10" Relative="true" SubIndex="28" Type="UINT16" Value="28069"/>
    <Parameter Index="0x10" Relative="true" SubIndex="29" Type="UINT16" Value="28069"/>
    <Parameter Index="0x10" Relative="true" SubIndex="30" Type="UINT16" Value="28069"/>
    <Parameter Index="0x10" Relative="true" SubIndex="31" Type="UINT16" Value="28069"/>
    <Parameter Index="0x10" Relative="true" SubIndex="32" Type="UINT16" Value="28069"/>
    <Parameter Index="0x10" Relative="true" SubIndex="33" Type="UINT16" Value="28069"/>
</ServoFile>
<!--checksum 121-->
