<?xml version="1.0" encoding="UTF-8"?>
<ServoFile xmlns:xsi="http://www.w3.org/2001/XMLSchema-instance" xsi:noNamespaceSchemaLocation="/Roboter/Config/System/Common/Schemes/Servofile.xsd">
    <Version Label="">
        <Info Version="Any"/>
        <Schema Version="1"/>
        <!--#############################################################-->
        <!--########                                             ########-->
        <!--########                  SERVO-FILE                 ########-->
        <!--########              KUKA ROBOTER GMBH              ########-->
        <!--########                                             ########-->
        <!--#############################################################-->
        <!--ATB 1.35.1, DB V7.194-->
        <!--Datum: 26-Feb-2015 14:20:09-->
        <!--Motor:     ML85L-->
        <!--Umrichter: PDS_20-->
        <!--xmlFileID_ML85L_PDS_20_20150226142009-->
    </Version>
    <Parameter Index="0x20" Relative="true" SubIndex="1" Type="UINT16" Value="4483"/>
    <Parameter Index="0x20" Relative="true" SubIndex="2" Type="UINT16" Value="643"/>
    <Parameter Index="0x20" Relative="true" SubIndex="3" Type="INT16" Value="-21073"/>
    <Parameter Index="0x20" Relative="true" SubIndex="4" Type="UINT16" Value="1912"/>
    <Parameter Index="0x20" Relative="true" SubIndex="5" Type="UINT16" Value="2103"/>
    <Parameter Index="0x20" Relative="true" SubIndex="6" Type="UINT16" Value="16405"/>
    <Parameter Index="0x20" Relative="true" SubIndex="7" Type="INT16" Value="-7723"/>
    <Parameter Index="0x20" Relative="true" SubIndex="8" Type="UINT16" Value="52428"/>
    <Parameter Index="0x20" Relative="true" SubIndex="9" Type="INT16" Value="10923"/>
    <Parameter Index="0x20" Relative="true" SubIndex="21" Type="UINT16" Value="32810"/>
    <Parameter Index="0x20" Relative="true" SubIndex="22" Type="UINT16" Value="16405"/>
    <Parameter Index="0x20" Relative="true" SubIndex="23" Type="UINT16" Value="55705"/>
    <Parameter Index="0x20" Relative="true" SubIndex="24" Type="UINT16" Value="6266"/>
    <Parameter Index="0x20" Relative="true" SubIndex="25" Type="UINT8" Value="1"/>
    <Parameter Index="0x10" Relative="true" SubIndex="1" Type="UINT16" Value="35342"/>
    <Parameter Index="0x10" Relative="true" SubIndex="2" Type="UINT16" Value="35500"/>
    <Parameter Index="0x10" Relative="true" SubIndex="3" Type="UINT16" Value="35018"/>
    <Parameter Index="0x10" Relative="true" SubIndex="4" Type="UINT16" Value="34444"/>
    <Parameter Index="0x10" Relative="true" SubIndex="5" Type="UINT16" Value="33953"/>
    <Parameter Index="0x10" Relative="true" SubIndex="6" Type="UINT16" Value="33615"/>
    <Parameter Index="0x10" Relative="true" SubIndex="7" Type="UINT16" Value="33405"/>
    <Parameter Index="0x10" Relative="true" SubIndex="8" Type="UINT16" Value="33269"/>
    <Parameter Index="0x10" Relative="true" SubIndex="9" Type="UINT16" Value="33160"/>
    <Parameter Index="0x10" Relative="true" SubIndex="10" Type="UINT16" Value="33054"/>
    <Parameter Index="0x10" Relative="true" SubIndex="11" Type="UINT16" Value="32941"/>
    <Parameter Index="0x10" Relative="true" SubIndex="12" Type="UINT16" Value="32818"/>
    <Parameter Index="0x10" Relative="true" SubIndex="13" Type="UINT16" Value="32685"/>
    <Parameter Index="0x10" Relative="true" SubIndex="14" Type="UINT16" Value="32541"/>
    <Parameter Index="0x10" Relative="true" SubIndex="15" Type="UINT16" Value="32386"/>
    <Parameter Index="0x10" Relative="true" SubIndex="16" Type="UINT16" Value="32222"/>
    <Parameter Index="0x10" Relative="true" SubIndex="17" Type="UINT16" Value="32047"/>
    <Parameter Index="0x10" Relative="true" SubIndex="18" Type="UINT16" Value="31863"/>
    <Parameter Index="0x10" Relative="true" SubIndex="19" Type="UINT16" Value="31670"/>
    <Parameter Index="0x10" Relative="true" SubIndex="20" Type="UINT16" Value="31468"/>
    <Parameter Index="0x10" Relative="true" SubIndex="21" Type="UINT16" Value="31257"/>
    <Parameter Index="0x10" Relative="true" SubIndex="22" Type="UINT16" Value="31038"/>
    <Parameter Index="0x10" Relative="true" SubIndex="23" Type="UINT16" Value="30963"/>
    <Parameter Index="0x10" Relative="true" SubIndex="24" Type="UINT16" Value="30963"/>
    <Parameter Index="0x10" Relative="true" SubIndex="25" Type="UINT16" Value="30963"/>
    <Parameter Index="0x10" Relative="true" SubIndex="26" Type="UINT16" Value="30963"/>
    <Parameter Index="0x10" Relative="true" SubIndex="27" Type="UINT16" Value="30963"/>
    <Parameter Index="0x10" Relative="true" SubIndex="28" Type="UINT16" Value="30963"/>
    <Parameter Index="0x10" Relative="true" SubIndex="29" Type="UINT16" Value="30963"/>
    <Parameter Index="0x10" Relative="true" SubIndex="30" Type="UINT16" Value="30963"/>
    <Parameter Index="0x10" Relative="true" SubIndex="31" Type="UINT16" Value="30963"/>
    <Parameter Index="0x10" Relative="true" SubIndex="32" Type="UINT16" Value="30963"/>
    <Parameter Index="0x10" Relative="true" SubIndex="33" Type="UINT16" Value="30963"/>
</ServoFile>
<!--checksum 320-->
