<?xml version="1.0" encoding="UTF-8"?>
<ServoFile xmlns:xsi="http://www.w3.org/2001/XMLSchema-instance" xsi:noNamespaceSchemaLocation="/Roboter/Config/System/Common/Schemes/Servofile.xsd">
    <Version Label="">
        <Info Version="Any"/>
        <Schema Version="1"/>
        <!--#############################################################-->
        <!--########                                             ########-->
        <!--########                  SERVO-FILE                 ########-->
        <!--########              KUKA ROBOTER GMBH              ########-->
        <!--########                                             ########-->
        <!--#############################################################-->
        <!--ATB 1.35.1, DB V7.194-->
        <!--Datum: 26-Feb-2015 14:20:08-->
        <!--Motor:     ML50-->
        <!--Umrichter: PDS_20-->
        <!--xmlFileID_ML50_PDS_20_20150226142008-->
    </Version>
    <Parameter Index="0x20" Relative="true" SubIndex="1" Type="UINT16" Value="5708"/>
    <Parameter Index="0x20" Relative="true" SubIndex="2" Type="UINT16" Value="2128"/>
    <Parameter Index="0x20" Relative="true" SubIndex="3" Type="INT16" Value="-5927"/>
    <Parameter Index="0x20" Relative="true" SubIndex="4" Type="UINT16" Value="723"/>
    <Parameter Index="0x20" Relative="true" SubIndex="5" Type="UINT16" Value="2824"/>
    <Parameter Index="0x20" Relative="true" SubIndex="6" Type="UINT16" Value="5428"/>
    <Parameter Index="0x20" Relative="true" SubIndex="7" Type="INT16" Value="-3862"/>
    <Parameter Index="0x20" Relative="true" SubIndex="8" Type="UINT16" Value="52428"/>
    <Parameter Index="0x20" Relative="true" SubIndex="9" Type="INT16" Value="5461"/>
    <Parameter Index="0x20" Relative="true" SubIndex="21" Type="UINT16" Value="10855"/>
    <Parameter Index="0x20" Relative="true" SubIndex="22" Type="UINT16" Value="5428"/>
    <Parameter Index="0x20" Relative="true" SubIndex="23" Type="UINT16" Value="55705"/>
    <Parameter Index="0x20" Relative="true" SubIndex="24" Type="UINT16" Value="6266"/>
    <Parameter Index="0x20" Relative="true" SubIndex="25" Type="UINT8" Value="2"/>
    <Parameter Index="0x10" Relative="true" SubIndex="1" Type="UINT16" Value="33737"/>
    <Parameter Index="0x10" Relative="true" SubIndex="2" Type="UINT16" Value="33680"/>
    <Parameter Index="0x10" Relative="true" SubIndex="3" Type="UINT16" Value="33516"/>
    <Parameter Index="0x10" Relative="true" SubIndex="4" Type="UINT16" Value="33272"/>
    <Parameter Index="0x10" Relative="true" SubIndex="5" Type="UINT16" Value="32980"/>
    <Parameter Index="0x10" Relative="true" SubIndex="6" Type="UINT16" Value="32671"/>
    <Parameter Index="0x10" Relative="true" SubIndex="7" Type="UINT16" Value="32368"/>
    <Parameter Index="0x10" Relative="true" SubIndex="8" Type="UINT16" Value="32082"/>
    <Parameter Index="0x10" Relative="true" SubIndex="9" Type="UINT16" Value="31814"/>
    <Parameter Index="0x10" Relative="true" SubIndex="10" Type="UINT16" Value="31560"/>
    <Parameter Index="0x10" Relative="true" SubIndex="11" Type="UINT16" Value="31312"/>
    <Parameter Index="0x10" Relative="true" SubIndex="12" Type="UINT16" Value="31062"/>
    <Parameter Index="0x10" Relative="true" SubIndex="13" Type="UINT16" Value="30805"/>
    <Parameter Index="0x10" Relative="true" SubIndex="14" Type="UINT16" Value="30539"/>
    <Parameter Index="0x10" Relative="true" SubIndex="15" Type="UINT16" Value="30262"/>
    <Parameter Index="0x10" Relative="true" SubIndex="16" Type="UINT16" Value="29973"/>
    <Parameter Index="0x10" Relative="true" SubIndex="17" Type="UINT16" Value="29674"/>
    <Parameter Index="0x10" Relative="true" SubIndex="18" Type="UINT16" Value="29366"/>
    <Parameter Index="0x10" Relative="true" SubIndex="19" Type="UINT16" Value="29050"/>
    <Parameter Index="0x10" Relative="true" SubIndex="20" Type="UINT16" Value="28727"/>
    <Parameter Index="0x10" Relative="true" SubIndex="21" Type="UINT16" Value="28399"/>
    <Parameter Index="0x10" Relative="true" SubIndex="22" Type="UINT16" Value="28066"/>
    <Parameter Index="0x10" Relative="true" SubIndex="23" Type="UINT16" Value="27955"/>
    <Parameter Index="0x10" Relative="true" SubIndex="24" Type="UINT16" Value="27955"/>
    <Parameter Index="0x10" Relative="true" SubIndex="25" Type="UINT16" Value="27955"/>
    <Parameter Index="0x10" Relative="true" SubIndex="26" Type="UINT16" Value="27955"/>
    <Parameter Index="0x10" Relative="true" SubIndex="27" Type="UINT16" Value="27955"/>
    <Parameter Index="0x10" Relative="true" SubIndex="28" Type="UINT16" Value="27955"/>
    <Parameter Index="0x10" Relative="true" SubIndex="29" Type="UINT16" Value="27955"/>
    <Parameter Index="0x10" Relative="true" SubIndex="30" Type="UINT16" Value="27955"/>
    <Parameter Index="0x10" Relative="true" SubIndex="31" Type="UINT16" Value="27955"/>
    <Parameter Index="0x10" Relative="true" SubIndex="32" Type="UINT16" Value="27955"/>
    <Parameter Index="0x10" Relative="true" SubIndex="33" Type="UINT16" Value="27955"/>
</ServoFile>
<!--checksum 111-->
