<?xml version="1.0" encoding="UTF-8"?>
<ServoFile xmlns:xsi="http://www.w3.org/2001/XMLSchema-instance" xsi:noNamespaceSchemaLocation="/Roboter/Config/System/Common/Schemes/Servofile.xsd">
    <Version Label="">
        <Info Version="Any"/>
        <Schema Version="1"/>
        <!--###############################################################-->
        <!--########                                               ########-->
        <!--########                   KR C4 sr                    ########-->
        <!--########                  Servo-File                   ########-->
        <!--########               KUKA ROBOTER GMBH               ########-->
        <!--########                                               ########-->
        <!--###############################################################-->
        <!--ATB 1.40.2, DB V7.252-->
        <!--Datum: 06-Oct-2015 16:40:41-->
        <!--Motor:     SSR5-AKM22-11-->
        <!--Umrichter: KSPsr5-->
        <!--xmlFileID_SSR5-AKM22-11_KSPsr5_20151006164041_083-->
    </Version>
    <Parameter Index="3" Relative="true" SubIndex="1" Type="UINT16" Value="1"/>
    <Parameter Index="6" Relative="true" SubIndex="3" Type="INT16" Value="3276"/>
    <Parameter Index="8" Relative="true" SubIndex="1" Type="INT16" Value="-1639"/>
    <Parameter Index="8" Relative="true" SubIndex="3" Type="UINT16" Value="4430"/>
    <Parameter Index="8" Relative="true" SubIndex="4" Type="UINT16" Value="27852"/>
    <Parameter Index="9" Relative="true" SubIndex="1" Type="UINT16" Value="4908"/>
    <Parameter Index="9" Relative="true" SubIndex="2" Type="UINT16" Value="4669"/>
    <Parameter Index="9" Relative="true" SubIndex="3" Type="UINT16" Value="4908"/>
    <Parameter Index="9" Relative="true" SubIndex="4" Type="UINT16" Value="4669"/>
    <Parameter Index="9" Relative="true" SubIndex="5" Type="UINT16" Value="5342"/>
    <Parameter Index="9" Relative="true" SubIndex="7" Type="UINT16" Value="4878"/>
    <Parameter Index="9" Relative="true" SubIndex="11" Type="UINT16" Value="1"/>
    <Parameter Index="11" Relative="true" SubIndex="1" Type="UINT16" Value="33368"/>
    <Parameter Index="11" Relative="true" SubIndex="2" Type="UINT16" Value="38829"/>
    <Parameter Index="11" Relative="true" SubIndex="3" Type="UINT16" Value="37045"/>
    <Parameter Index="11" Relative="true" SubIndex="4" Type="UINT16" Value="35174"/>
    <Parameter Index="11" Relative="true" SubIndex="5" Type="UINT16" Value="33725"/>
    <Parameter Index="11" Relative="true" SubIndex="6" Type="UINT16" Value="32654"/>
    <Parameter Index="11" Relative="true" SubIndex="7" Type="UINT16" Value="31742"/>
    <Parameter Index="11" Relative="true" SubIndex="8" Type="UINT16" Value="30858"/>
    <Parameter Index="11" Relative="true" SubIndex="9" Type="UINT16" Value="29974"/>
    <Parameter Index="11" Relative="true" SubIndex="10" Type="UINT16" Value="29107"/>
    <Parameter Index="11" Relative="true" SubIndex="11" Type="UINT16" Value="28278"/>
    <Parameter Index="11" Relative="true" SubIndex="12" Type="UINT16" Value="28278"/>
    <Parameter Index="11" Relative="true" SubIndex="13" Type="UINT16" Value="28278"/>
    <Parameter Index="11" Relative="true" SubIndex="14" Type="UINT16" Value="28278"/>
    <Parameter Index="11" Relative="true" SubIndex="15" Type="UINT16" Value="28278"/>
    <Parameter Index="11" Relative="true" SubIndex="16" Type="UINT16" Value="28278"/>
    <Parameter Index="11" Relative="true" SubIndex="17" Type="UINT16" Value="28278"/>
    <Parameter Index="11" Relative="true" SubIndex="18" Type="UINT16" Value="28278"/>
    <Parameter Index="11" Relative="true" SubIndex="19" Type="UINT16" Value="28278"/>
    <Parameter Index="11" Relative="true" SubIndex="20" Type="UINT16" Value="28278"/>
    <Parameter Index="11" Relative="true" SubIndex="21" Type="UINT16" Value="28278"/>
    <Parameter Index="11" Relative="true" SubIndex="22" Type="UINT16" Value="28278"/>
    <Parameter Index="11" Relative="true" SubIndex="23" Type="UINT16" Value="28278"/>
    <Parameter Index="11" Relative="true" SubIndex="24" Type="UINT16" Value="28278"/>
    <Parameter Index="11" Relative="true" SubIndex="25" Type="UINT16" Value="28278"/>
    <Parameter Index="11" Relative="true" SubIndex="26" Type="UINT16" Value="28278"/>
    <Parameter Index="11" Relative="true" SubIndex="27" Type="UINT16" Value="28278"/>
    <Parameter Index="11" Relative="true" SubIndex="28" Type="UINT16" Value="28278"/>
    <Parameter Index="11" Relative="true" SubIndex="29" Type="UINT16" Value="28278"/>
    <Parameter Index="11" Relative="true" SubIndex="30" Type="UINT16" Value="28278"/>
    <Parameter Index="11" Relative="true" SubIndex="31" Type="UINT16" Value="28278"/>
    <Parameter Index="11" Relative="true" SubIndex="32" Type="UINT16" Value="28278"/>
    <Parameter Index="29" Relative="true" SubIndex="0" Type="INT16" Value="2273"/>
    <Parameter Index="64" Relative="true" SubIndex="1" Type="UINT16" Value="3"/>
    <Parameter Index="64" Relative="true" SubIndex="3" Type="INT16" Value="2621"/>
    <Parameter Index="67" Relative="true" SubIndex="1" Type="INT16" Value="750"/>
    <Parameter Index="67" Relative="true" SubIndex="2" Type="UINT16" Value="131"/>
</ServoFile>
<!--checksum 8702-->
