<?xml version="1.0" encoding="utf-8"?>
<ServoFile xmlns:xsi="http://www.w3.org/2001/XMLSchema-instance" xsi:noNamespaceSchemaLocation="/Roboter/Config/System/Common/Schemes/Servofile.xsd">
   <Version Label="">
      <Info Version="Any"/>
      <Schema Version="1"/>
   </Version>
   <!--Fehlerquittierung-->
   <Parameter Index="0x28" Relative="true" SubIndex="0" Type="INT16" Value="1"/>
   <Parameter Index="0x28" Relative="true" SubIndex="0" Type="INT16" Value="0"/>
   <Parameter Index="6" Relative="true" SubIndex="3" Type="INT16" Value="3276" /> 
   <Parameter Index="8" Relative="true" SubIndex="1" Type="INT16" Value="-819" /> 
   <Parameter Index="8" Relative="true" SubIndex="2" Type="INT16" Value="9657" /> 
   <Parameter Index="8" Relative="true" SubIndex="3" Type="INT16" Value="1207" /> 
   <Parameter Index="8" Relative="true" SubIndex="4" Type="INT16" Value="27852" /> 
   <Parameter Index="8" Relative="true" SubIndex="5" Type="INT16" Value="2007" /> 
   <Parameter Index="9" Relative="true" SubIndex="1" Type="INT16" Value="6652"/>
   <Parameter Index="9" Relative="true" SubIndex="2" Type="INT16" Value="1856"/>
   <Parameter Index="9" Relative="true" SubIndex="3" Type="INT16" Value="6652"/>
   <Parameter Index="9" Relative="true" SubIndex="4" Type="INT16" Value="1856"/>
   <Parameter Index="6" Relative="true" SubIndex="3" Type="INT16" Value="5243"/>
   <Parameter Index="9" Relative="true" SubIndex="5" Type="INT16" Value="63"/>
   <Parameter Index="9" Relative="true" SubIndex="6" Type="INT16" Value="638"/>
</ServoFile>